t_s,wx_radps,wy_radps,wz_radps,phi_px_rad,phi_nx_rad,phidot_px_radps,phidot_nx_radps,w_px_radps,w_nx_radps,wdot_px_radps2,wdot_nx_radps,F_px_x_N,F_px_y_N,F_px_z_N,F_nx_x_N,F_nx_y_N,F_nx_z_N
0.000,0.000,0.000,0.001,-0.009,0.009,-8.298,8.298,3.331,-2.998,1998.545,-1798.691,0.000,-0.004,-0.492,0.000,0.004,-0.492
0.001,0.000,0.001,0.001,-0.017,0.017,-7.890,7.890,7.911,-7.120,2748.000,-2473.200,0.000,-0.008,-0.492,0.000,0.008,-0.492
0.002,0.000,0.001,0.002,-0.024,0.024,-7.502,7.502,12.959,-11.663,3029.045,-2726.141,0.000,-0.012,-0.492,0.000,0.012,-0.492
0.003,-0.000,0.002,0.002,-0.032,0.032,-7.132,7.132,18.183,-16.365,3134.437,-2820.994,0.000,-0.016,-0.492,0.000,0.016,-0.492
0.004,-0.000,0.003,0.002,-0.039,0.039,-6.781,6.781,23.473,-21.126,3173.959,-2856.563,0.000,-0.019,-0.492,0.000,0.019,-0.492
0.005,-0.000,0.005,0.002,-0.045,0.045,-6.447,6.447,28.788,-25.909,3188.780,-2869.902,0.000,-0.022,-0.492,0.000,0.022,-0.492
0.006,-0.000,0.006,0.001,-0.051,0.051,-6.129,6.129,34.112,-30.701,3194.338,-2874.904,0.000,-0.025,-0.492,0.000,0.025,-0.492
0.007,-0.000,0.007,0.000,-0.057,0.057,-5.827,5.827,39.439,-35.495,3196.422,-2876.780,0.000,-0.028,-0.491,0.000,0.028,-0.491
0.008,-0.000,0.009,-0.001,-0.063,0.063,-5.540,5.540,44.768,-40.291,3197.204,-2877.483,0.000,-0.031,-0.491,0.000,0.031,-0.491
0.009,-0.000,0.010,-0.002,-0.069,0.069,-5.266,5.266,50.097,-45.087,3197.497,-2877.747,0.000,-0.034,-0.491,0.000,0.034,-0.491
0.010,-0.000,0.012,-0.004,-0.074,0.074,-5.006,5.006,55.426,-49.884,3197.607,-2877.846,0.000,-0.036,-0.491,0.000,0.036,-0.491
0.011,-0.000,0.013,-0.006,-0.079,0.079,-4.759,4.759,60.756,-54.680,3197.648,-2877.883,0.000,-0.039,-0.491,0.000,0.039,-0.491
0.012,-0.000,0.015,-0.008,-0.083,0.083,-4.523,4.523,66.085,-59.477,3197.663,-2877.897,0.000,-0.041,-0.490,0.000,0.041,-0.490
0.013,-0.000,0.017,-0.010,-0.088,0.088,-4.299,4.299,71.415,-64.273,3197.669,-2877.902,0.000,-0.043,-0.490,0.000,0.043,-0.490
0.014,-0.000,0.019,-0.012,-0.092,0.092,-4.086,4.086,76.744,-69.070,3197.671,-2877.904,0.000,-0.045,-0.490,0.000,0.045,-0.490
0.015,-0.000,0.021,-0.015,-0.096,0.096,-3.884,3.884,82.074,-73.866,3197.672,-2877.905,0.000,-0.047,-0.490,0.000,0.047,-0.490
0.016,-0.000,0.023,-0.018,-0.100,0.100,-3.691,3.691,87.403,-78.663,3197.672,-2877.905,0.000,-0.049,-0.490,0.000,0.049,-0.490
0.017,-0.000,0.026,-0.021,-0.103,0.103,-3.508,3.508,92.733,-83.459,3197.672,-2877.905,0.000,-0.051,-0.490,0.000,0.051,-0.490
0.018,-0.000,0.028,-0.024,-0.107,0.107,-3.333,3.333,98.062,-88.256,3197.672,-2877.905,0.000,-0.052,-0.489,0.000,0.052,-0.489
0.019,-0.000,0.031,-0.027,-0.110,0.110,-3.167,3.167,103.391,-93.052,3197.672,-2877.905,0.000,-0.054,-0.489,0.000,0.054,-0.489
0.020,-0.000,0.034,-0.030,-0.113,0.113,-3.010,3.010,108.721,-97.849,3197.672,-2877.905,0.000,-0.055,-0.489,0.000,0.055,-0.489
0.021,-0.000,0.038,-0.034,-0.116,0.116,-2.859,2.859,114.050,-102.645,3197.672,-2877.905,0.000,-0.057,-0.489,0.000,0.057,-0.489
0.022,-0.000,0.041,-0.037,-0.119,0.119,-2.717,2.717,119.380,-107.442,3197.672,-2877.905,0.000,-0.058,-0.489,0.000,0.058,-0.489
0.023,-0.000,0.045,-0.041,-0.121,0.121,-2.581,2.581,124.709,-112.238,3197.672,-2877.905,0.000,-0.060,-0.489,0.000,0.060,-0.489
0.024,-0.000,0.049,-0.045,-0.124,0.124,-2.452,2.452,130.039,-117.035,3197.672,-2877.905,0.000,-0.061,-0.488,0.000,0.061,-0.488
0.025,-0.000,0.053,-0.049,-0.126,0.126,-2.329,2.329,135.368,-121.831,3197.672,-2877.905,0.000,-0.062,-0.488,0.000,0.062,-0.488
0.026,-0.000,0.058,-0.053,-0.128,0.128,-2.212,2.212,140.698,-126.628,3197.672,-2877.905,0.000,-0.063,-0.488,0.000,0.063,-0.488
0.027,-0.000,0.062,-0.057,-0.131,0.131,-2.101,2.101,146.027,-131.424,3197.672,-2877.905,0.000,-0.064,-0.488,0.000,0.064,-0.488
0.028,-0.000,0.067,-0.061,-0.133,0.133,-1.995,1.995,151.356,-136.221,3197.672,-2877.905,0.000,-0.065,-0.488,0.000,0.065,-0.488
0.029,-0.001,0.072,-0.065,-0.135,0.135,-1.894,1.894,156.686,-141.017,3197.672,-2877.905,0.000,-0.066,-0.488,0.000,0.066,-0.488
0.030,-0.001,0.077,-0.070,-0.136,0.136,-1.799,1.799,162.015,-145.814,3197.672,-2877.905,0.000,-0.067,-0.488,0.000,0.067,-0.488
0.031,-0.001,0.082,-0.074,-0.138,0.138,-1.708,1.708,167.345,-150.610,3197.672,-2877.905,0.000,-0.068,-0.487,0.000,0.068,-0.487
0.032,-0.001,0.087,-0.079,-0.140,0.140,-1.621,1.621,172.674,-155.407,3197.672,-2877.905,0.000,-0.069,-0.487,0.000,0.069,-0.487
0.033,-0.001,0.092,-0.083,-0.141,0.141,-1.539,1.539,178.004,-160.203,3197.672,-2877.905,0.000,-0.069,-0.487,0.000,0.069,-0.487
0.034,-0.001,0.097,-0.088,-0.143,0.143,-1.460,1.460,183.333,-165.000,3197.672,-2877.905,0.000,-0.070,-0.487,0.000,0.070,-0.487
0.035,-0.001,0.103,-0.092,-0.144,0.144,-1.386,1.386,188.663,-169.796,3197.672,-2877.905,0.000,-0.071,-0.487,0.000,0.071,-0.487
0.036,-0.001,0.108,-0.097,-0.146,0.146,-1.315,1.315,193.992,-174.593,3197.672,-2877.905,0.000,-0.071,-0.487,0.000,0.071,-0.487
0.037,-0.002,0.114,-0.102,-0.147,0.147,-1.247,1.247,199.322,-179.389,3197.672,-2877.905,0.000,-0.072,-0.487,0.000,0.072,-0.487
0.038,-0.002,0.119,-0.107,-0.148,0.148,-1.183,1.183,204.651,-184.186,3197.672,-2877.905,0.000,-0.073,-0.487,0.000,0.073,-0.487
0.039,-0.002,0.125,-0.111,-0.149,0.149,-1.122,1.122,209.980,-188.982,3197.672,-2877.905,0.000,-0.073,-0.487,0.000,0.073,-0.487
0.040,-0.002,0.130,-0.116,-0.150,0.150,-1.064,1.064,215.310,-193.779,3197.672,-2877.905,0.000,-0.074,-0.487,0.000,0.074,-0.487
0.041,-0.002,0.136,-0.121,-0.151,0.151,-1.009,1.009,220.639,-198.575,3197.672,-2877.905,0.000,-0.074,-0.487,0.000,0.074,-0.487
0.042,-0.003,0.142,-0.126,-0.152,0.152,-0.956,0.956,225.969,-203.372,3197.672,-2877.905,0.000,-0.075,-0.486,0.000,0.075,-0.486
0.043,-0.003,0.147,-0.131,-0.153,0.153,-0.906,0.906,231.298,-208.168,3197.672,-2877.905,0.000,-0.075,-0.486,0.000,0.075,-0.486
0.044,-0.003,0.153,-0.136,-0.154,0.154,-0.859,0.859,236.628,-212.965,3197.672,-2877.905,0.000,-0.076,-0.486,0.000,0.076,-0.486
0.045,-0.003,0.158,-0.141,-0.155,0.155,-0.814,0.814,241.957,-217.761,3197.672,-2877.905,0.000,-0.076,-0.486,0.000,0.076,-0.486
0.046,-0.004,0.164,-0.146,-0.156,0.156,-0.771,0.771,247.287,-222.558,3197.672,-2877.905,0.000,-0.076,-0.486,0.000,0.076,-0.486
0.047,-0.004,0.169,-0.151,-0.157,0.157,-0.730,0.730,252.616,-227.355,3197.672,-2877.905,0.000,-0.077,-0.486,0.000,0.077,-0.486
0.048,-0.004,0.175,-0.156,-0.157,0.157,-0.691,0.691,257.946,-232.151,3197.672,-2877.905,0.000,-0.077,-0.486,0.000,0.077,-0.486
0.049,-0.005,0.181,-0.162,-0.158,0.158,-0.654,0.654,263.275,-236.948,3197.672,-2877.905,0.000,-0.077,-0.486,0.000,0.077,-0.486
0.050,-0.005,0.186,-0.167,-0.159,0.159,-0.619,0.619,268.604,-241.744,3197.672,-2877.905,0.000,-0.078,-0.486,0.000,0.078,-0.486
0.051,-0.006,0.192,-0.172,-0.159,0.159,-0.585,0.585,273.934,-246.541,3197.672,-2877.905,0.000,-0.078,-0.486,0.000,0.078,-0.486
0.052,-0.006,0.197,-0.177,-0.160,0.160,-0.553,0.553,279.263,-251.337,3197.672,-2877.905,0.000,-0.078,-0.486,0.000,0.078,-0.486
0.053,-0.007,0.203,-0.182,-0.160,0.160,-0.523,0.523,284.593,-256.134,3197.672,-2877.905,0.000,-0.079,-0.486,0.000,0.079,-0.486
0.054,-0.007,0.208,-0.188,-0.161,0.161,-0.494,0.494,289.922,-260.930,3197.672,-2877.905,0.000,-0.079,-0.486,0.000,0.079,-0.486
0.055,-0.008,0.213,-0.193,-0.161,0.161,-0.467,0.467,295.252,-265.727,3197.672,-2877.905,0.000,-0.079,-0.486,0.000,0.079,-0.486
0.056,-0.008,0.219,-0.198,-0.162,0.162,-0.441,0.441,300.581,-270.523,3197.672,-2877.905,0.000,-0.079,-0.486,0.000,0.079,-0.486
0.057,-0.009,0.224,-0.203,-0.162,0.162,-0.416,0.416,305.911,-275.320,3197.672,-2877.905,0.000,-0.079,-0.486,0.000,0.079,-0.486
0.058,-0.009,0.229,-0.209,-0.163,0.163,-0.392,0.392,311.240,-280.116,3197.672,-2877.905,0.000,-0.080,-0.486,0.000,0.080,-0.486
0.059,-0.010,0.235,-0.214,-0.163,0.163,-0.370,0.370,316.570,-284.913,3197.672,-2877.905,0.000,-0.080,-0.486,0.000,0.080,-0.486
0.060,-0.010,0.240,-0.219,-0.163,0.163,-0.348,0.348,321.899,-289.709,3197.672,-2877.905,0.000,-0.080,-0.486,0.000,0.080,-0.486
0.061,-0.011,0.245,-0.225,-0.164,0.164,-0.328,0.328,327.228,-294.506,3197.672,-2877.905,0.000,-0.080,-0.486,0.000,0.080,-0.486
0.062,-0.012,0.250,-0.230,-0.164,0.164,-0.309,0.309,332.558,-299.302,3197.672,-2877.905,0.000,-0.080,-0.486,0.000,0.080,-0.486
0.063,-0.013,0.256,-0.235,-0.164,0.164,-0.290,0.290,337.887,-304.099,3197.672,-2877.905,0.000,-0.080,-0.486,0.000,0.080,-0.486
0.064,-0.013,0.261,-0.241,-0.165,0.165,-0.273,0.273,343.217,-308.895,3197.672,-2877.905,0.000,-0.081,-0.486,0.000,0.081,-0.486
0.065,-0.014,0.266,-0.246,-0.165,0.165,-0.256,0.256,348.546,-313.692,3197.672,-2877.905,0.000,-0.081,-0.485,0.000,0.081,-0.485
0.066,-0.015,0.271,-0.251,-0.165,0.165,-0.240,0.240,353.876,-318.488,3197.672,-2877.905,0.000,-0.081,-0.485,0.000,0.081,-0.485
0.067,-0.016,0.276,-0.257,-0.165,0.165,-0.225,0.225,359.205,-323.285,3197.672,-2877.905,0.000,-0.081,-0.485,0.000,0.081,-0.485
0.068,-0.017,0.281,-0.262,-0.165,0.165,-0.211,0.211,364.535,-328.081,3197.672,-2877.905,0.000,-0.081,-0.485,0.000,0.081,-0.485
0.069,-0.018,0.286,-0.268,-0.166,0.166,-0.198,0.198,369.864,-332.878,3197.672,-2877.905,0.000,-0.081,-0.485,0.000,0.081,-0.485
0.070,-0.019,0.291,-0.273,-0.166,0.166,-0.185,0.185,375.194,-337.674,3197.672,-2877.905,0.000,-0.081,-0.485,0.000,0.081,-0.485
0.071,-0.020,0.296,-0.278,-0.166,0.166,-0.172,0.172,380.523,-342.471,3197.672,-2877.905,0.000,-0.081,-0.485,0.000,0.081,-0.485
0.072,-0.021,0.301,-0.284,-0.166,0.166,-0.161,0.161,385.852,-347.267,3197.672,-2877.905,0.000,-0.081,-0.485,0.000,0.081,-0.485
0.073,-0.022,0.306,-0.289,-0.166,0.166,-0.149,0.149,391.182,-352.064,3197.672,-2877.905,0.000,-0.082,-0.485,0.000,0.082,-0.485
0.074,-0.023,0.311,-0.294,-0.167,0.167,-0.139,0.139,396.511,-356.860,3197.672,-2877.905,0.000,-0.082,-0.485,0.000,0.082,-0.485
0.075,-0.024,0.316,-0.300,-0.167,0.167,-0.129,0.129,401.841,-361.657,3197.672,-2877.905,0.000,-0.082,-0.485,0.000,0.082,-0.485
0.076,-0.025,0.320,-0.305,-0.167,0.167,-0.119,0.119,407.170,-366.453,3197.672,-2877.905,0.000,-0.082,-0.485,0.000,0.082,-0.485
0.077,-0.026,0.325,-0.311,-0.167,0.167,-0.110,0.110,412.500,-371.250,3197.672,-2877.905,0.000,-0.082,-0.485,0.000,0.082,-0.485
0.078,-0.027,0.330,-0.316,-0.167,0.167,-0.101,0.101,417.829,-376.046,3197.672,-2877.905,0.000,-0.082,-0.485,0.000,0.082,-0.485
0.079,-0.029,0.335,-0.321,-0.167,0.167,-0.093,0.093,423.159,-380.843,3197.672,-2877.905,0.000,-0.082,-0.485,0.000,0.082,-0.485
0.080,-0.030,0.340,-0.327,-0.167,0.167,-0.085,0.085,428.488,-385.639,3197.672,-2877.905,0.000,-0.082,-0.485,0.000,0.082,-0.485
0.081,-0.031,0.344,-0.332,-0.167,0.167,-0.078,0.078,433.818,-390.436,3197.672,-2877.905,0.000,-0.082,-0.485,0.000,0.082,-0.485
0.082,-0.033,0.349,-0.338,-0.167,0.167,-0.071,0.071,439.147,-395.232,3197.672,-2877.905,0.000,-0.082,-0.485,0.000,0.082,-0.485
0.083,-0.034,0.354,-0.343,-0.167,0.167,-0.064,0.064,444.476,-400.029,3197.672,-2877.905,0.000,-0.082,-0.485,0.000,0.082,-0.485
0.084,-0.035,0.358,-0.348,-0.167,0.167,-0.057,0.057,449.806,-404.825,3197.672,-2877.905,0.000,-0.082,-0.485,0.000,0.082,-0.485
0.085,-0.037,0.363,-0.354,-0.168,0.168,-0.051,0.051,455.135,-409.622,3197.672,-2877.905,0.000,-0.082,-0.485,0.000,0.082,-0.485
0.086,-0.038,0.368,-0.359,-0.168,0.168,-0.045,0.045,460.465,-414.418,3197.672,-2877.905,0.000,-0.082,-0.485,0.000,0.082,-0.485
0.087,-0.040,0.372,-0.365,-0.168,0.168,-0.040,0.040,465.794,-419.215,3197.672,-2877.905,0.000,-0.082,-0.485,0.000,0.082,-0.485
0.088,-0.042,0.377,-0.370,-0.168,0.168,-0.035,0.035,471.124,-424.011,3197.672,-2877.905,0.000,-0.082,-0.485,0.000,0.082,-0.485
0.089,-0.043,0.381,-0.375,-0.168,0.168,-0.030,0.030,476.453,-428.808,3197.672,-2877.905,0.000,-0.082,-0.485,0.000,0.082,-0.485
0.090,-0.045,0.386,-0.381,-0.168,0.168,-0.025,0.025,481.783,-433.604,3197.672,-2877.905,0.000,-0.082,-0.485,0.000,0.082,-0.485
0.091,-0.047,0.391,-0.386,-0.168,0.168,-0.020,0.020,487.112,-438.401,3197.672,-2877.905,0.000,-0.082,-0.485,0.000,0.082,-0.485
0.092,-0.049,0.395,-0.392,-0.168,0.168,-0.016,0.016,492.442,-443.197,3197.672,-2877.905,0.000,-0.082,-0.485,0.000,0.082,-0.485
0.093,-0.050,0.400,-0.397,-0.168,0.168,-0.012,0.012,497.771,-447.994,3197.672,-2877.905,0.000,-0.082,-0.485,0.000,0.082,-0.485
0.094,-0.052,0.404,-0.402,-0.168,0.168,-0.008,0.008,503.100,-452.790,3197.672,-2877.905,0.000,-0.082,-0.485,0.000,0.082,-0.485
0.095,-0.054,0.409,-0.408,-0.168,0.168,-0.004,0.004,508.430,-457.587,3197.672,-2877.905,0.000,-0.082,-0.485,0.000,0.082,-0.485
0.096,-0.056,0.413,-0.413,-0.168,0.168,-0.001,0.001,513.759,-462.383,3197.672,-2877.905,0.000,-0.082,-0.485,0.000,0.082,-0.485
0.097,-0.058,0.418,-0.418,-0.168,0.168,0.003,-0.003,519.089,-467.180,3197.672,-2877.905,0.000,-0.082,-0.485,0.000,0.082,-0.485
0.098,-0.060,0.422,-0.424,-0.168,0.168,0.006,-0.006,524.418,-471.976,3197.672,-2877.905,0.000,-0.082,-0.485,0.000,0.082,-0.485
0.099,-0.062,0.426,-0.429,-0.168,0.168,0.009,-0.009,529.748,-476.773,3197.672,-2877.905,0.000,-0.082,-0.485,0.000,0.082,-0.485
0.100,-0.064,0.431,-0.434,-0.168,0.168,0.012,-0.012,535.077,-481.569,3197.672,-2877.905,0.000,-0.082,-0.485,0.000,0.082,-0.485
0.101,-0.067,0.435,-0.440,-0.168,0.168,0.014,-0.014,540.407,-486.366,3197.672,-2877.905,0.000,-0.082,-0.485,0.000,0.082,-0.485
0.102,-0.069,0.440,-0.445,-0.168,0.168,0.017,-0.017,545.736,-491.162,3197.672,-2877.905,0.000,-0.082,-0.485,0.000,0.082,-0.485
0.103,-0.071,0.444,-0.450,-0.168,0.168,0.020,-0.020,551.066,-495.959,3197.672,-2877.905,0.000,-0.082,-0.485,0.000,0.082,-0.485
0.104,-0.073,0.448,-0.455,-0.168,0.168,0.022,-0.022,556.395,-500.756,3197.672,-2877.905,0.000,-0.082,-0.485,0.000,0.082,-0.485
0.105,-0.076,0.453,-0.461,-0.168,0.168,0.024,-0.024,561.724,-505.552,3197.672,-2877.905,0.000,-0.082,-0.485,0.000,0.082,-0.485
0.106,-0.078,0.457,-0.466,-0.168,0.168,0.026,-0.026,567.054,-510.349,3197.672,-2877.905,0.000,-0.082,-0.485,0.000,0.082,-0.485
0.107,-0.081,0.461,-0.471,-0.168,0.168,0.028,-0.028,572.383,-515.145,3197.672,-2877.905,0.000,-0.082,-0.485,0.000,0.082,-0.485
0.108,-0.083,0.466,-0.477,-0.168,0.168,0.030,-0.030,577.713,-519.942,3197.672,-2877.905,0.000,-0.082,-0.485,0.000,0.082,-0.485
0.109,-0.086,0.470,-0.482,-0.167,0.167,0.032,-0.032,583.042,-524.738,3197.672,-2877.905,0.000,-0.082,-0.485,0.000,0.082,-0.485
0.110,-0.088,0.474,-0.487,-0.167,0.167,0.034,-0.034,588.372,-529.535,3197.672,-2877.905,0.000,-0.082,-0.485,0.000,0.082,-0.485
0.111,-0.091,0.479,-0.492,-0.167,0.167,0.036,-0.036,593.701,-534.331,3197.672,-2877.905,0.000,-0.082,-0.485,0.000,0.082,-0.485
0.112,-0.094,0.483,-0.498,-0.167,0.167,0.037,-0.037,599.031,-539.128,3197.672,-2877.905,0.000,-0.082,-0.485,0.000,0.082,-0.485
0.113,-0.097,0.487,-0.503,-0.167,0.167,0.039,-0.039,604.360,-543.924,3197.672,-2877.905,0.000,-0.082,-0.485,0.000,0.082,-0.485
0.114,-0.100,0.491,-0.508,-0.167,0.167,0.040,-0.040,609.690,-548.721,3197.672,-2877.905,0.000,-0.082,-0.485,0.000,0.082,-0.485
0.115,-0.102,0.496,-0.513,-0.167,0.167,0.041,-0.041,615.019,-553.517,3197.672,-2877.905,0.000,-0.082,-0.485,0.000,0.082,-0.485
0.116,-0.105,0.500,-0.518,-0.167,0.167,0.043,-0.043,620.348,-558.314,3197.672,-2877.905,0.000,-0.082,-0.485,0.000,0.082,-0.485
0.117,-0.108,0.504,-0.524,-0.167,0.167,0.044,-0.044,625.678,-563.110,3197.672,-2877.905,0.000,-0.082,-0.485,0.000,0.082,-0.485
0.118,-0.111,0.508,-0.529,-0.167,0.167,0.045,-0.045,631.007,-567.907,3197.672,-2877.905,0.000,-0.082,-0.485,0.000,0.082,-0.485
0.119,-0.115,0.512,-0.534,-0.167,0.167,0.046,-0.046,636.337,-572.703,3197.672,-2877.905,0.000,-0.082,-0.485,0.000,0.082,-0.485
0.120,-0.118,0.517,-0.539,-0.167,0.167,0.047,-0.047,641.666,-577.500,3197.672,-2877.905,0.000,-0.082,-0.485,0.000,0.082,-0.485
0.121,-0.121,0.521,-0.544,-0.167,0.167,0.048,-0.048,646.996,-582.296,3197.672,-2877.905,0.000,-0.082,-0.485,0.000,0.082,-0.485
0.122,-0.124,0.525,-0.549,-0.167,0.167,0.049,-0.049,652.325,-587.093,3197.672,-2877.905,0.000,-0.082,-0.485,0.000,0.082,-0.485
0.123,-0.128,0.529,-0.554,-0.167,0.167,0.050,-0.050,657.655,-591.889,3197.672,-2877.905,0.000,-0.082,-0.485,0.000,0.082,-0.485
0.124,-0.131,0.533,-0.559,-0.167,0.167,0.051,-0.051,662.984,-596.686,3197.672,-2877.905,0.000,-0.082,-0.485,0.000,0.082,-0.485
0.125,-0.134,0.537,-0.565,-0.167,0.167,0.052,-0.052,668.314,-601.482,3197.672,-2877.905,0.000,-0.082,-0.485,0.000,0.082,-0.485
0.126,-0.138,0.542,-0.570,-0.167,0.167,0.053,-0.053,673.643,-606.279,3197.672,-2877.905,0.000,-0.082,-0.485,0.000,0.082,-0.485
0.127,-0.141,0.546,-0.575,-0.167,0.167,0.053,-0.053,678.972,-611.075,3197.672,-2877.905,0.000,-0.082,-0.485,0.000,0.082,-0.485
0.128,-0.145,0.550,-0.580,-0.167,0.167,0.054,-0.054,684.302,-615.872,3197.672,-2877.905,0.000,-0.082,-0.485,0.000,0.082,-0.485
0.129,-0.149,0.554,-0.585,-0.167,0.167,0.055,-0.055,689.631,-620.668,3197.672,-2877.905,0.000,-0.082,-0.485,0.000,0.082,-0.485
0.130,-0.152,0.558,-0.590,-0.166,0.166,0.055,-0.055,694.961,-625.465,3197.672,-2877.905,0.000,-0.082,-0.485,0.000,0.082,-0.485
0.131,-0.156,0.562,-0.595,-0.166,0.166,0.056,-0.056,700.290,-630.261,3197.672,-2877.905,0.000,-0.082,-0.485,0.000,0.082,-0.485
0.132,-0.160,0.566,-0.600,-0.166,0.166,0.057,-0.057,705.620,-635.058,3197.672,-2877.905,0.000,-0.082,-0.485,0.000,0.082,-0.485
0.133,-0.164,0.570,-0.605,-0.166,0.166,0.057,-0.057,710.949,-639.854,3197.672,-2877.905,0.000,-0.081,-0.485,0.000,0.081,-0.485
0.134,-0.168,0.575,-0.610,-0.166,0.166,0.058,-0.058,716.279,-644.651,3197.672,-2877.905,0.000,-0.081,-0.485,0.000,0.081,-0.485
0.135,-0.172,0.579,-0.615,-0.166,0.166,0.058,-0.058,721.608,-649.447,3197.672,-2877.905,0.000,-0.081,-0.485,0.000,0.081,-0.485
0.136,-0.176,0.583,-0.620,-0.166,0.166,0.059,-0.059,726.938,-654.244,3197.672,-2877.905,0.000,-0.081,-0.485,0.000,0.081,-0.485
0.137,-0.180,0.587,-0.625,-0.166,0.166,0.059,-0.059,732.267,-659.040,3197.672,-2877.905,0.000,-0.081,-0.485,0.000,0.081,-0.485
0.138,-0.184,0.591,-0.630,-0.166,0.166,0.060,-0.060,737.596,-663.837,3197.672,-2877.905,0.000,-0.081,-0.485,0.000,0.081,-0.485
0.139,-0.189,0.595,-0.634,-0.166,0.166,0.060,-0.060,742.926,-668.633,3197.672,-2877.905,0.000,-0.081,-0.485,0.000,0.081,-0.485
0.140,-0.193,0.599,-0.639,-0.166,0.166,0.060,-0.060,748.255,-673.430,3197.672,-2877.905,0.000,-0.081,-0.485,0.000,0.081,-0.485
0.141,-0.198,0.603,-0.644,-0.166,0.166,0.061,-0.061,753.585,-678.226,3197.672,-2877.905,0.000,-0.081,-0.485,0.000,0.081,-0.485
0.142,-0.202,0.607,-0.649,-0.166,0.166,0.061,-0.061,758.914,-683.023,3197.672,-2877.905,0.000,-0.081,-0.485,0.000,0.081,-0.485
0.143,-0.207,0.611,-0.654,-0.166,0.166,0.062,-0.062,764.244,-687.819,3197.672,-2877.905,0.000,-0.081,-0.485,0.000,0.081,-0.485
0.144,-0.211,0.615,-0.659,-0.166,0.166,0.062,-0.062,769.573,-692.616,3197.672,-2877.905,0.000,-0.081,-0.485,0.000,0.081,-0.485
0.145,-0.216,0.619,-0.664,-0.166,0.166,0.062,-0.062,774.903,-697.412,3197.672,-2877.905,0.000,-0.081,-0.485,0.000,0.081,-0.485
0.146,-0.220,0.623,-0.668,-0.166,0.166,0.062,-0.062,780.232,-702.209,3197.672,-2877.905,0.000,-0.081,-0.485,0.000,0.081,-0.485
0.147,-0.225,0.627,-0.673,-0.165,0.165,0.063,-0.063,785.562,-707.005,3197.672,-2877.905,0.000,-0.081,-0.485,0.000,0.081,-0.485
0.148,-0.230,0.631,-0.678,-0.165,0.165,0.063,-0.063,790.891,-711.802,3197.672,-2877.905,0.000,-0.081,-0.485,0.000,0.081,-0.485
0.149,-0.235,0.635,-0.683,-0.165,0.165,0.063,-0.063,796.220,-716.598,3197.672,-2877.905,0.000,-0.081,-0.485,0.000,0.081,-0.485
0.150,-0.240,0.639,-0.687,-0.165,0.165,0.063,-0.063,801.550,-721.395,3197.672,-2877.905,0.000,-0.081,-0.485,0.000,0.081,-0.485
0.151,-0.245,0.643,-0.692,-0.165,0.165,0.064,-0.064,806.879,-726.191,3197.672,-2877.905,0.000,-0.081,-0.485,0.000,0.081,-0.485
0.152,-0.250,0.647,-0.697,-0.165,0.165,0.064,-0.064,812.209,-730.988,3197.672,-2877.905,0.000,-0.081,-0.485,0.000,0.081,-0.485
0.153,-0.255,0.651,-0.701,-0.165,0.165,0.064,-0.064,817.538,-735.784,3197.672,-2877.905,0.000,-0.081,-0.485,0.000,0.081,-0.485
0.154,-0.261,0.655,-0.706,-0.165,0.165,0.064,-0.064,822.868,-740.581,3197.672,-2877.905,0.000,-0.081,-0.485,0.000,0.081,-0.485
0.155,-0.266,0.659,-0.711,-0.165,0.165,0.064,-0.064,828.197,-745.377,3197.672,-2877.905,0.000,-0.081,-0.485,0.000,0.081,-0.485
0.156,-0.271,0.663,-0.715,-0.165,0.165,0.065,-0.065,833.527,-750.174,3197.672,-2877.905,0.000,-0.081,-0.485,0.000,0.081,-0.485
0.157,-0.277,0.667,-0.720,-0.165,0.165,0.065,-0.065,838.856,-754.970,3197.672,-2877.905,0.000,-0.081,-0.485,0.000,0.081,-0.485
0.158,-0.282,0.671,-0.725,-0.165,0.165,0.065,-0.065,844.186,-759.767,3197.672,-2877.905,0.000,-0.081,-0.486,0.000,0.081,-0.486
0.159,-0.288,0.675,-0.729,-0.165,0.165,0.065,-0.065,849.515,-764.563,3197.672,-2877.905,0.000,-0.081,-0.486,0.000,0.081,-0.486
0.160,-0.293,0.679,-0.734,-0.165,0.165,0.065,-0.065,854.844,-769.360,3197.672,-2877.905,0.000,-0.081,-0.486,0.000,0.081,-0.486
0.161,-0.299,0.683,-0.738,-0.165,0.165,0.065,-0.065,860.174,-774.157,3197.672,-2877.905,0.000,-0.081,-0.486,0.000,0.081,-0.486
0.162,-0.305,0.687,-0.743,-0.164,0.164,0.066,-0.066,865.503,-778.953,3197.672,-2877.905,0.000,-0.081,-0.486,0.000,0.081,-0.486
0.163,-0.311,0.691,-0.747,-0.164,0.164,0.066,-0.066,870.833,-783.750,3197.672,-2877.905,0.000,-0.081,-0.486,0.000,0.081,-0.486
0.164,-0.317,0.695,-0.752,-0.164,0.164,0.066,-0.066,876.162,-788.546,3197.672,-2877.905,0.000,-0.081,-0.486,0.000,0.081,-0.486
0.165,-0.323,0.699,-0.756,-0.164,0.164,0.066,-0.066,881.492,-793.343,3197.672,-2877.905,0.000,-0.080,-0.486,0.000,0.080,-0.486
0.166,-0.329,0.703,-0.760,-0.164,0.164,0.066,-0.066,886.821,-798.139,3197.672,-2877.905,0.000,-0.080,-0.486,0.000,0.080,-0.486
0.167,-0.335,0.706,-0.765,-0.164,0.164,0.066,-0.066,892.151,-802.936,3197.672,-2877.905,0.000,-0.080,-0.486,0.000,0.080,-0.486
0.168,-0.341,0.710,-0.769,-0.164,0.164,0.066,-0.066,897.480,-807.732,3197.672,-2877.905,0.000,-0.080,-0.486,0.000,0.080,-0.486
0.169,-0.347,0.714,-0.774,-0.164,0.164,0.066,-0.066,902.810,-812.529,3197.672,-2877.905,0.000,-0.080,-0.486,0.000,0.080,-0.486
0.170,-0.354,0.718,-0.778,-0.164,0.164,0.066,-0.066,908.139,-817.325,3197.672,-2877.905,0.000,-0.080,-0.486,0.000,0.080,-0.486
0.171,-0.360,0.722,-0.782,-0.164,0.164,0.066,-0.066,913.468,-822.122,3197.672,-2877.905,0.000,-0.080,-0.486,0.000,0.080,-0.486
0.172,-0.367,0.726,-0.786,-0.164,0.164,0.067,-0.067,918.798,-826.918,3197.672,-2877.905,0.000,-0.080,-0.486,0.000,0.080,-0.486
0.173,-0.373,0.730,-0.791,-0.164,0.164,0.067,-0.067,924.127,-831.715,3197.672,-2877.905,0.000,-0.080,-0.486,0.000,0.080,-0.486
0.174,-0.380,0.734,-0.795,-0.164,0.164,0.067,-0.067,929.457,-836.511,3197.672,-2877.905,0.000,-0.080,-0.486,0.000,0.080,-0.486
0.175,-0.387,0.738,-0.799,-0.164,0.164,0.067,-0.067,934.786,-841.308,3197.672,-2877.905,0.000,-0.080,-0.486,0.000,0.080,-0.486
0.176,-0.393,0.741,-0.803,-0.164,0.164,0.067,-0.067,940.116,-846.104,3197.672,-2877.905,0.000,-0.080,-0.486,0.000,0.080,-0.486
0.177,-0.400,0.745,-0.808,-0.163,0.163,0.067,-0.067,945.445,-850.901,3197.672,-2877.905,0.000,-0.080,-0.486,0.000,0.080,-0.486
0.178,-0.407,0.749,-0.812,-0.163,0.163,0.067,-0.067,950.775,-855.697,3197.672,-2877.905,0.000,-0.080,-0.486,0.000,0.080,-0.486
0.179,-0.414,0.753,-0.816,-0.163,0.163,0.067,-0.067,956.104,-860.494,3197.672,-2877.905,0.000,-0.080,-0.486,0.000,0.080,-0.486
0.180,-0.421,0.757,-0.820,-0.163,0.163,0.067,-0.067,961.434,-865.290,3197.672,-2877.905,0.000,-0.080,-0.486,0.000,0.080,-0.486
0.181,-0.428,0.761,-0.824,-0.163,0.163,0.067,-0.067,966.763,-870.087,3197.672,-2877.905,0.000,-0.080,-0.486,0.000,0.080,-0.486
0.182,-0.435,0.765,-0.828,-0.163,0.163,0.067,-0.067,972.092,-874.883,3197.672,-2877.905,0.000,-0.080,-0.486,0.000,0.080,-0.486
0.183,-0.443,0.768,-0.832,-0.163,0.163,0.067,-0.067,977.422,-879.680,3197.672,-2877.905,0.000,-0.080,-0.486,0.000,0.080,-0.486
0.184,-0.450,0.772,-0.836,-0.163,0.163,0.067,-0.067,982.751,-884.476,3197.672,-2877.905,0.000,-0.080,-0.486,0.000,0.080,-0.486
0.185,-0.458,0.776,-0.840,-0.163,0.163,0.067,-0.067,988.081,-889.273,3197.672,-2877.905,0.000,-0.080,-0.486,0.000,0.080,-0.486
0.186,-0.465,0.780,-0.844,-0.163,0.163,0.067,-0.067,993.410,-894.069,3197.672,-2877.905,0.000,-0.080,-0.486,0.000,0.080,-0.486
0.187,-0.473,0.784,-0.848,-0.163,0.163,0.067,-0.067,998.740,-898.866,3197.672,-2877.905,0.000,-0.080,-0.486,0.000,0.080,-0.486
0.188,-0.480,0.788,-0.852,-0.163,0.163,0.067,-0.067,1004.069,-903.662,3197.672,-2877.905,0.000,-0.080,-0.486,0.000,0.080,-0.486
0.189,-0.488,0.791,-0.856,-0.163,0.163,0.067,-0.067,1009.399,-908.459,3197.672,-2877.905,0.000,-0.080,-0.486,0.000,0.080,-0.486
0.190,-0.496,0.795,-0.859,-0.163,0.163,0.067,-0.067,1014.728,-913.255,3197.672,-2877.905,0.000,-0.080,-0.486,0.000,0.080,-0.486
0.191,-0.504,0.799,-0.863,-0.162,0.162,0.067,-0.067,1020.058,-918.052,3197.672,-2877.905,0.000,-0.080,-0.486,0.000,0.080,-0.486
0.192,-0.512,0.803,-0.867,-0.162,0.162,0.068,-0.068,1025.387,-922.848,3197.672,-2877.905,0.000,-0.080,-0.486,0.000,0.080,-0.486
0.193,-0.520,0.807,-0.871,-0.162,0.162,0.068,-0.068,1030.716,-927.645,3197.672,-2877.905,0.000,-0.080,-0.486,0.000,0.080,-0.486
0.194,-0.528,0.811,-0.874,-0.162,0.162,0.068,-0.068,1036.046,-932.441,3197.672,-2877.905,0.000,-0.080,-0.486,0.000,0.080,-0.486
0.195,-0.536,0.814,-0.878,-0.162,0.162,0.068,-0.068,1041.375,-937.238,3197.672,-2877.905,0.000,-0.079,-0.486,0.000,0.079,-0.486
0.196,-0.544,0.818,-0.882,-0.162,0.162,0.068,-0.068,1046.705,-942.034,3197.672,-2877.905,0.000,-0.079,-0.486,0.000,0.079,-0.486
0.197,-0.552,0.822,-0.885,-0.162,0.162,0.068,-0.068,1052.034,-946.831,3197.672,-2877.905,0.000,-0.079,-0.486,0.000,0.079,-0.486
0.198,-0.561,0.826,-0.889,-0.162,0.162,0.068,-0.068,1057.364,-951.627,3197.672,-2877.905,0.000,-0.079,-0.486,0.000,0.079,-0.486
0.199,-0.569,0.830,-0.892,-0.162,0.162,0.068,-0.068,1062.693,-956.424,3197.672,-2877.905,0.000,-0.079,-0.486,0.000,0.079,-0.486
0.200,-0.578,0.833,-0.896,-0.162,0.162,0.068,-0.068,1068.023,-961.220,3197.672,-2877.905,0.000,-0.079,-0.486,0.000,0.079,-0.486
0.201,-0.586,0.837,-0.899,-0.162,0.162,0.068,-0.068,1073.352,-966.017,3197.672,-2877.905,0.000,-0.079,-0.486,0.000,0.079,-0.486
0.202,-0.595,0.841,-0.903,-0.162,0.162,0.068,-0.068,1078.682,-970.813,3197.672,-2877.905,0.000,-0.079,-0.486,0.000,0.079,-0.486
0.203,-0.604,0.845,-0.906,-0.162,0.162,0.068,-0.068,1084.011,-975.610,3197.672,-2877.905,0.000,-0.079,-0.486,0.000,0.079,-0.486
0.204,-0.613,0.848,-0.910,-0.162,0.162,0.068,-0.068,1089.340,-980.406,3197.672,-2877.905,0.000,-0.079,-0.486,0.000,0.079,-0.486
0.205,-0.622,0.852,-0.913,-0.162,0.162,0.068,-0.068,1094.670,-985.203,3197.672,-2877.905,0.000,-0.079,-0.486,0.000,0.079,-0.486
0.206,-0.631,0.856,-0.916,-0.161,0.161,0.068,-0.068,1099.999,-989.999,3197.672,-2877.905,0.000,-0.079,-0.486,0.000,0.079,-0.486
0.207,-0.640,0.860,-0.920,-0.161,0.161,0.068,-0.068,1105.329,-994.796,3197.672,-2877.905,0.000,-0.079,-0.486,0.000,0.079,-0.486
0.208,-0.649,0.863,-0.923,-0.161,0.161,0.068,-0.068,1110.658,-999.592,3197.672,-2877.905,0.000,-0.079,-0.486,0.000,0.079,-0.486
0.209,-0.658,0.867,-0.926,-0.161,0.161,0.068,-0.068,1115.988,-1004.389,3197.672,-2877.905,0.000,-0.079,-0.486,0.000,0.079,-0.486
0.210,-0.667,0.871,-0.929,-0.161,0.161,0.068,-0.068,1121.317,-1009.185,3197.672,-2877.905,0.000,-0.079,-0.486,0.000,0.079,-0.486
0.211,-0.677,0.875,-0.932,-0.161,0.161,0.068,-0.068,1126.647,-1013.982,3197.672,-2877.905,0.000,-0.079,-0.486,0.000,0.079,-0.486
0.212,-0.686,0.878,-0.935,-0.161,0.161,0.068,-0.068,1131.976,-1018.778,3197.672,-2877.905,0.000,-0.079,-0.486,0.000,0.079,-0.486
0.213,-0.696,0.882,-0.938,-0.161,0.161,0.068,-0.068,1137.306,-1023.575,3197.672,-2877.905,0.000,-0.079,-0.486,0.000,0.079,-0.486
0.214,-0.705,0.886,-0.941,-0.161,0.161,0.068,-0.068,1142.635,-1028.371,3197.672,-2877.905,0.000,-0.079,-0.486,0.000,0.079,-0.486
0.215,-0.715,0.890,-0.944,-0.161,0.161,0.068,-0.068,1147.964,-1033.168,3197.672,-2877.905,0.000,-0.079,-0.486,0.000,0.079,-0.486
0.216,-0.724,0.893,-0.947,-0.161,0.161,0.068,-0.068,1153.294,-1037.964,3197.672,-2877.905,0.000,-0.079,-0.486,0.000,0.079,-0.486
0.217,-0.734,0.897,-0.950,-0.161,0.161,0.068,-0.068,1158.623,-1042.761,3197.672,-2877.905,0.000,-0.079,-0.486,0.000,0.079,-0.486
0.218,-0.744,0.901,-0.953,-0.161,0.161,0.068,-0.068,1163.953,-1047.557,3197.672,-2877.905,0.000,-0.079,-0.486,0.000,0.079,-0.486
0.219,-0.754,0.904,-0.956,-0.161,0.161,0.068,-0.068,1169.282,-1052.354,3197.672,-2877.905,0.000,-0.079,-0.486,0.000,0.079,-0.486
0.220,-0.764,0.908,-0.959,-0.160,0.160,0.068,-0.068,1174.612,-1057.151,3197.672,-2877.905,0.000,-0.079,-0.486,0.000,0.079,-0.486
0.221,-0.774,0.912,-0.962,-0.160,0.160,0.068,-0.068,1179.941,-1061.947,3197.672,-2877.905,0.000,-0.079,-0.486,0.000,0.079,-0.486
0.222,-0.784,0.916,-0.964,-0.160,0.160,0.068,-0.068,1185.271,-1066.744,3197.672,-2877.905,0.000,-0.079,-0.486,0.000,0.079,-0.486
0.223,-0.795,0.919,-0.967,-0.160,0.160,0.068,-0.068,1190.600,-1071.540,3197.672,-2877.905,0.000,-0.079,-0.486,0.000,0.079,-0.486
0.224,-0.805,0.923,-0.970,-0.160,0.160,0.068,-0.068,1195.930,-1076.337,3197.672,-2877.905,0.000,-0.079,-0.486,0.000,0.079,-0.486
0.225,-0.815,0.927,-0.972,-0.160,0.160,0.068,-0.068,1201.259,-1081.133,3197.672,-2877.905,0.000,-0.078,-0.486,0.000,0.078,-0.486
0.226,-0.826,0.930,-0.975,-0.160,0.160,0.068,-0.068,1206.588,-1085.930,3197.672,-2877.905,0.000,-0.078,-0.486,0.000,0.078,-0.486
0.227,-0.836,0.934,-0.977,-0.160,0.160,0.068,-0.068,1211.918,-1090.726,3197.672,-2877.905,0.000,-0.078,-0.486,0.000,0.078,-0.486
0.228,-0.847,0.938,-0.980,-0.160,0.160,0.068,-0.068,1217.247,-1095.523,3197.672,-2877.905,0.000,-0.078,-0.486,0.000,0.078,-0.486
0.229,-0.858,0.941,-0.982,-0.160,0.160,0.068,-0.068,1222.577,-1100.319,3197.672,-2877.905,0.000,-0.078,-0.486,0.000,0.078,-0.486
0.230,-0.868,0.945,-0.985,-0.160,0.160,0.068,-0.068,1227.906,-1105.116,3197.672,-2877.905,0.000,-0.078,-0.486,0.000,0.078,-0.486
0.231,-0.879,0.949,-0.987,-0.160,0.160,0.068,-0.068,1233.236,-1109.912,3197.672,-2877.905,0.000,-0.078,-0.486,0.000,0.078,-0.486
0.232,-0.890,0.952,-0.989,-0.160,0.160,0.068,-0.068,1238.565,-1114.709,3197.672,-2877.905,0.000,-0.078,-0.486,0.000,0.078,-0.486
0.233,-0.901,0.956,-0.991,-0.160,0.160,0.068,-0.068,1243.895,-1119.505,3197.672,-2877.905,0.000,-0.078,-0.486,0.000,0.078,-0.486
0.234,-0.912,0.960,-0.994,-0.159,0.159,0.068,-0.068,1249.224,-1124.302,3197.672,-2877.905,0.000,-0.078,-0.486,0.000,0.078,-0.486
0.235,-0.923,0.963,-0.996,-0.159,0.159,0.068,-0.068,1254.553,-1129.098,3197.672,-2877.905,0.000,-0.078,-0.486,0.000,0.078,-0.486
0.236,-0.935,0.967,-0.998,-0.159,0.159,0.068,-0.068,1259.883,-1133.895,3197.672,-2877.905,0.000,-0.078,-0.486,0.000,0.078,-0.486
0.237,-0.946,0.971,-1.000,-0.159,0.159,0.068,-0.068,1265.212,-1138.691,3197.672,-2877.905,0.000,-0.078,-0.486,0.000,0.078,-0.486
0.238,-0.957,0.974,-1.002,-0.159,0.159,0.068,-0.068,1270.542,-1143.488,3197.672,-2877.905,0.000,-0.078,-0.486,0.000,0.078,-0.486
0.239,-0.969,0.978,-1.004,-0.159,0.159,0.068,-0.068,1275.871,-1148.284,3197.672,-2877.905,0.000,-0.078,-0.486,0.000,0.078,-0.486
0.240,-0.980,0.981,-1.006,-0.159,0.159,0.068,-0.068,1281.201,-1153.081,3197.672,-2877.905,0.000,-0.078,-0.486,0.000,0.078,-0.486
0.241,-0.992,0.985,-1.008,-0.159,0.159,0.068,-0.068,1286.530,-1157.877,3197.672,-2877.905,0.000,-0.078,-0.486,0.000,0.078,-0.486
0.242,-1.003,0.989,-1.009,-0.159,0.159,0.068,-0.068,1291.860,-1162.674,3197.672,-2877.905,0.000,-0.078,-0.486,0.000,0.078,-0.486
0.243,-1.015,0.992,-1.011,-0.159,0.159,0.068,-0.068,1297.189,-1167.470,3197.672,-2877.905,0.000,-0.078,-0.486,0.000,0.078,-0.486
0.244,-1.027,0.996,-1.013,-0.159,0.159,0.068,-0.068,1302.519,-1172.267,3197.672,-2877.905,0.000,-0.078,-0.486,0.000,0.078,-0.486
0.245,-1.039,0.999,-1.015,-0.159,0.159,0.068,-0.068,1307.848,-1177.063,3197.672,-2877.905,0.000,-0.078,-0.486,0.000,0.078,-0.486
0.246,-1.050,1.003,-1.016,-0.159,0.159,0.068,-0.068,1313.177,-1181.860,3197.672,-2877.905,0.000,-0.078,-0.486,0.000,0.078,-0.486
0.247,-1.062,1.007,-1.018,-0.159,0.159,0.068,-0.068,1318.507,-1186.656,3197.672,-2877.905,0.000,-0.078,-0.486,0.000,0.078,-0.486
0.248,-1.075,1.010,-1.019,-0.159,0.159,0.068,-0.068,1323.836,-1191.453,3197.672,-2877.905,0.000,-0.078,-0.486,0.000,0.078,-0.486
0.249,-1.087,1.014,-1.021,-0.158,0.158,0.068,-0.068,1329.166,-1196.249,3197.672,-2877.905,0.000,-0.078,-0.486,0.000,0.078,-0.486
0.250,-1.099,1.017,-1.022,-0.158,0.158,0.068,-0.068,1334.495,-1201.046,3197.672,-2877.905,0.000,-0.078,-0.486,0.000,0.078,-0.486
0.251,-1.111,1.021,-1.024,-0.158,0.158,0.068,-0.068,1339.825,-1205.842,3197.672,-2877.905,0.000,-0.078,-0.486,0.000,0.078,-0.486
0.252,-1.123,1.024,-1.025,-0.158,0.158,0.068,-0.068,1345.154,-1210.639,3197.672,-2877.905,0.000,-0.078,-0.486,0.000,0.078,-0.486
0.253,-1.136,1.028,-1.026,-0.158,0.158,0.068,-0.068,1350.484,-1215.435,3197.672,-2877.905,0.000,-0.078,-0.486,0.000,0.078,-0.486
0.254,-1.148,1.032,-1.027,-0.158,0.158,0.068,-0.068,1355.813,-1220.232,3197.672,-2877.905,0.000,-0.077,-0.486,0.000,0.077,-0.486
0.255,-1.161,1.035,-1.028,-0.158,0.158,0.068,-0.068,1361.143,-1225.028,3197.672,-2877.905,0.000,-0.077,-0.486,0.000,0.077,-0.486
0.256,-1.173,1.039,-1.029,-0.158,0.158,0.068,-0.068,1366.472,-1229.825,3197.672,-2877.905,0.000,-0.077,-0.486,0.000,0.077,-0.486
0.257,-1.186,1.042,-1.031,-0.158,0.158,0.068,-0.068,1371.801,-1234.621,3197.672,-2877.905,0.000,-0.077,-0.486,0.000,0.077,-0.486
0.258,-1.199,1.046,-1.032,-0.158,0.158,0.068,-0.068,1377.131,-1239.418,3197.672,-2877.905,0.000,-0.077,-0.486,0.000,0.077,-0.486
0.259,-1.211,1.049,-1.032,-0.158,0.158,0.068,-0.068,1382.460,-1244.214,3197.672,-2877.905,0.000,-0.077,-0.486,0.000,0.077,-0.486
0.260,-1.224,1.053,-1.033,-0.158,0.158,0.068,-0.068,1387.790,-1249.011,3197.672,-2877.905,0.000,-0.077,-0.486,0.000,0.077,-0.486
0.261,-1.237,1.056,-1.034,-0.158,0.158,0.068,-0.068,1393.119,-1253.807,3197.672,-2877.905,0.000,-0.077,-0.486,0.000,0.077,-0.486
0.262,-1.250,1.060,-1.035,-0.158,0.158,0.068,-0.068,1398.449,-1258.604,3197.672,-2877.905,0.000,-0.077,-0.486,0.000,0.077,-0.486
0.263,-1.263,1.063,-1.036,-0.157,0.157,0.068,-0.068,1403.778,-1263.400,3197.672,-2877.905,0.000,-0.077,-0.486,0.000,0.077,-0.486
0.264,-1.276,1.067,-1.036,-0.157,0.157,0.068,-0.068,1409.108,-1268.197,3197.672,-2877.905,0.000,-0.077,-0.486,0.000,0.077,-0.486
0.265,-1.289,1.070,-1.037,-0.157,0.157,0.068,-0.068,1414.437,-1272.993,3197.672,-2877.905,0.000,-0.077,-0.486,0.000,0.077,-0.486
0.266,-1.303,1.074,-1.037,-0.157,0.157,0.068,-0.068,1419.767,-1277.790,3197.672,-2877.905,0.000,-0.077,-0.486,0.000,0.077,-0.486
0.267,-1.316,1.077,-1.038,-0.157,0.157,0.068,-0.068,1425.096,-1282.586,3197.672,-2877.905,0.000,-0.077,-0.486,0.000,0.077,-0.486
0.268,-1.329,1.081,-1.038,-0.157,0.157,0.068,-0.068,1430.425,-1287.383,3197.672,-2877.905,0.000,-0.077,-0.486,0.000,0.077,-0.486
0.269,-1.343,1.084,-1.038,-0.157,0.157,0.068,-0.068,1435.755,-1292.179,3197.672,-2877.905,0.000,-0.077,-0.486,0.000,0.077,-0.486
0.270,-1.356,1.088,-1.039,-0.157,0.157,0.068,-0.068,1441.084,-1296.976,3197.672,-2877.905,0.000,-0.077,-0.486,0.000,0.077,-0.486
0.271,-1.369,1.091,-1.039,-0.157,0.157,0.068,-0.068,1446.414,-1301.772,3197.672,-2877.905,0.000,-0.077,-0.486,0.000,0.077,-0.486
0.272,-1.383,1.095,-1.039,-0.157,0.157,0.068,-0.068,1451.743,-1306.569,3197.672,-2877.905,0.000,-0.077,-0.486,0.000,0.077,-0.486
0.273,-1.397,1.098,-1.039,-0.157,0.157,0.068,-0.068,1457.073,-1311.365,3197.672,-2877.905,0.000,-0.077,-0.486,0.000,0.077,-0.486
0.274,-1.410,1.101,-1.039,-0.157,0.157,0.068,-0.068,1462.402,-1316.162,3197.672,-2877.905,0.000,-0.077,-0.486,0.000,0.077,-0.486
0.275,-1.424,1.105,-1.039,-0.157,0.157,0.068,-0.068,1467.732,-1320.958,3197.672,-2877.905,0.000,-0.077,-0.486,0.000,0.077,-0.486
0.276,-1.438,1.108,-1.039,-0.157,0.157,0.068,-0.068,1473.061,-1325.755,3197.672,-2877.905,0.000,-0.077,-0.486,0.000,0.077,-0.486
0.277,-1.452,1.112,-1.039,-0.156,0.156,0.068,-0.068,1478.391,-1330.552,3197.672,-2877.905,0.000,-0.077,-0.486,0.000,0.077,-0.486
0.278,-1.466,1.115,-1.039,-0.156,0.156,0.068,-0.068,1483.720,-1335.348,3197.672,-2877.905,0.000,-0.077,-0.486,0.000,0.077,-0.486
0.279,-1.480,1.118,-1.038,-0.156,0.156,0.068,-0.068,1489.049,-1340.145,3197.672,-2877.905,0.000,-0.077,-0.486,0.000,0.077,-0.486
0.280,-1.494,1.122,-1.038,-0.156,0.156,0.068,-0.068,1494.379,-1344.941,3197.672,-2877.905,0.000,-0.077,-0.486,0.000,0.077,-0.486
0.281,-1.508,1.125,-1.038,-0.156,0.156,0.068,-0.068,1499.708,-1349.738,3197.672,-2877.905,0.000,-0.077,-0.486,0.000,0.077,-0.486
0.282,-1.522,1.129,-1.037,-0.156,0.156,0.068,-0.068,1505.038,-1354.534,3197.672,-2877.905,0.000,-0.077,-0.486,0.000,0.077,-0.486
0.283,-1.536,1.132,-1.036,-0.156,0.156,0.068,-0.068,1510.367,-1359.331,3197.672,-2877.905,0.000,-0.077,-0.486,0.000,0.077,-0.486
0.284,-1.550,1.135,-1.036,-0.156,0.156,0.068,-0.068,1515.697,-1364.127,3197.672,-2877.905,0.000,-0.076,-0.486,0.000,0.076,-0.486
0.285,-1.564,1.139,-1.035,-0.156,0.156,0.068,-0.068,1521.026,-1368.924,3197.672,-2877.905,0.000,-0.076,-0.486,0.000,0.076,-0.486
0.286,-1.579,1.142,-1.034,-0.156,0.156,0.068,-0.068,1526.356,-1373.720,3197.672,-2877.905,0.000,-0.076,-0.486,0.000,0.076,-0.486
0.287,-1.593,1.145,-1.034,-0.156,0.156,0.068,-0.068,1531.685,-1378.517,3197.672,-2877.905,0.000,-0.076,-0.486,0.000,0.076,-0.486
0.288,-1.607,1.149,-1.033,-0.156,0.156,0.068,-0.068,1537.015,-1383.313,3197.672,-2877.905,0.000,-0.076,-0.486,0.000,0.076,-0.486
0.289,-1.622,1.152,-1.032,-0.156,0.156,0.068,-0.068,1542.344,-1388.110,3197.672,-2877.905,0.000,-0.076,-0.486,0.000,0.076,-0.486
0.290,-1.636,1.155,-1.031,-0.156,0.156,0.068,-0.068,1547.673,-1392.906,3197.672,-2877.905,0.000,-0.076,-0.486,0.000,0.076,-0.486
0.291,-1.651,1.158,-1.030,-0.156,0.156,0.068,-0.068,1553.003,-1397.703,3197.672,-2877.905,0.000,-0.076,-0.486,0.000,0.076,-0.486
0.292,-1.666,1.162,-1.028,-0.155,0.155,0.068,-0.068,1558.332,-1402.499,3197.672,-2877.905,0.000,-0.076,-0.486,0.000,0.076,-0.486
0.293,-1.680,1.165,-1.027,-0.155,0.155,0.068,-0.068,1563.662,-1407.296,3197.672,-2877.905,0.000,-0.076,-0.486,0.000,0.076,-0.486
0.294,-1.695,1.168,-1.026,-0.155,0.155,0.068,-0.068,1568.991,-1412.092,3197.672,-2877.905,0.000,-0.076,-0.486,0.000,0.076,-0.486
0.295,-1.710,1.172,-1.024,-0.155,0.155,0.068,-0.068,1574.321,-1416.889,3197.672,-2877.905,0.000,-0.076,-0.486,0.000,0.076,-0.486
0.296,-1.724,1.175,-1.023,-0.155,0.155,0.068,-0.068,1579.650,-1421.685,3197.672,-2877.905,0.000,-0.076,-0.486,0.000,0.076,-0.486
0.297,-1.739,1.178,-1.021,-0.155,0.155,0.068,-0.068,1584.980,-1426.482,3197.672,-2877.905,0.000,-0.076,-0.486,0.000,0.076,-0.486
0.298,-1.754,1.181,-1.020,-0.155,0.155,0.068,-0.068,1590.309,-1431.278,3197.672,-2877.905,0.000,-0.076,-0.486,0.000,0.076,-0.486
0.299,-1.769,1.184,-1.018,-0.155,0.155,0.068,-0.068,1595.639,-1436.075,3197.672,-2877.905,0.000,-0.076,-0.486,0.000,0.076,-0.486
0.300,-1.784,1.188,-1.016,-0.155,0.155,0.068,-0.068,1600.968,-1440.871,3197.672,-2877.905,0.000,-0.076,-0.486,0.000,0.076,-0.486
0.301,-1.799,1.191,-1.014,-0.155,0.155,0.068,-0.068,1606.297,-1445.668,3197.672,-2877.905,0.000,-0.076,-0.486,0.000,0.076,-0.486
0.302,-1.814,1.194,-1.013,-0.155,0.155,0.068,-0.068,1611.627,-1450.464,3197.672,-2877.905,0.000,-0.076,-0.486,0.000,0.076,-0.486
0.303,-1.829,1.197,-1.011,-0.155,0.155,0.068,-0.068,1616.956,-1455.261,3197.672,-2877.905,0.000,-0.076,-0.486,0.000,0.076,-0.486
0.304,-1.844,1.200,-1.008,-0.155,0.155,0.068,-0.068,1622.286,-1460.057,3197.672,-2877.905,0.000,-0.076,-0.486,0.000,0.076,-0.486
0.305,-1.859,1.203,-1.006,-0.155,0.155,0.068,-0.068,1627.615,-1464.854,3197.672,-2877.905,0.000,-0.076,-0.486,0.000,0.076,-0.486
0.306,-1.874,1.206,-1.004,-0.154,0.154,0.068,-0.068,1632.945,-1469.650,3197.672,-2877.905,0.000,-0.076,-0.486,0.000,0.076,-0.486
0.307,-1.889,1.210,-1.002,-0.154,0.154,0.068,-0.068,1638.274,-1474.447,3197.672,-2877.905,0.000,-0.076,-0.486,0.000,0.076,-0.486
0.308,-1.904,1.213,-0.999,-0.154,0.154,0.068,-0.068,1643.604,-1479.243,3197.672,-2877.905,0.000,-0.076,-0.486,0.000,0.076,-0.486
0.309,-1.919,1.216,-0.997,-0.154,0.154,0.068,-0.068,1648.933,-1484.040,3197.672,-2877.905,0.000,-0.076,-0.486,0.000,0.076,-0.486
0.310,-1.935,1.219,-0.995,-0.154,0.154,0.068,-0.068,1654.263,-1488.836,3197.672,-2877.905,0.000,-0.076,-0.486,0.000,0.076,-0.486
0.311,-1.950,1.222,-0.992,-0.154,0.154,0.068,-0.068,1659.592,-1493.633,3197.672,-2877.905,0.000,-0.076,-0.486,0.000,0.076,-0.486
0.312,-1.965,1.225,-0.989,-0.154,0.154,0.068,-0.068,1664.921,-1498.429,3197.672,-2877.905,0.000,-0.076,-0.486,0.000,0.076,-0.486
0.313,-1.980,1.228,-0.986,-0.154,0.154,0.068,-0.068,1670.251,-1503.226,3197.672,-2877.905,0.000,-0.075,-0.486,0.000,0.075,-0.486
0.314,-1.996,1.231,-0.984,-0.154,0.154,0.068,-0.068,1675.580,-1508.022,3197.672,-2877.905,0.000,-0.075,-0.486,0.000,0.075,-0.486
0.315,-2.011,1.234,-0.981,-0.154,0.154,0.068,-0.068,1680.910,-1512.819,3197.672,-2877.905,0.000,-0.075,-0.486,0.000,0.075,-0.486
0.316,-2.027,1.237,-0.978,-0.154,0.154,0.068,-0.068,1686.239,-1517.615,3197.672,-2877.905,0.000,-0.075,-0.486,0.000,0.075,-0.486
0.317,-2.042,1.240,-0.975,-0.154,0.154,0.068,-0.068,1691.569,-1522.412,3197.672,-2877.905,0.000,-0.075,-0.486,0.000,0.075,-0.486
0.318,-2.057,1.243,-0.972,-0.154,0.154,0.068,-0.068,1696.898,-1527.208,3197.672,-2877.905,0.000,-0.075,-0.486,0.000,0.075,-0.486
0.319,-2.073,1.246,-0.968,-0.154,0.154,0.068,-0.068,1702.228,-1532.005,3197.672,-2877.905,0.000,-0.075,-0.486,0.000,0.075,-0.486
0.320,-2.088,1.249,-0.965,-0.153,0.153,0.068,-0.068,1707.557,-1536.801,3197.672,-2877.905,0.000,-0.075,-0.486,0.000,0.075,-0.486
0.321,-2.104,1.252,-0.962,-0.153,0.153,0.068,-0.068,1712.887,-1541.598,3197.672,-2877.905,0.000,-0.075,-0.486,0.000,0.075,-0.486
0.322,-2.119,1.255,-0.958,-0.153,0.153,0.068,-0.068,1718.216,-1546.394,3197.672,-2877.905,0.000,-0.075,-0.486,0.000,0.075,-0.486
0.323,-2.135,1.257,-0.955,-0.153,0.153,0.068,-0.068,1723.545,-1551.191,3197.672,-2877.905,0.000,-0.075,-0.486,0.000,0.075,-0.486
0.324,-2.150,1.260,-0.951,-0.153,0.153,0.068,-0.068,1728.875,-1555.987,3197.672,-2877.905,0.000,-0.075,-0.486,0.000,0.075,-0.486
0.325,-2.166,1.263,-0.947,-0.153,0.153,0.068,-0.068,1734.204,-1560.784,3197.672,-2877.905,0.000,-0.075,-0.486,0.000,0.075,-0.486
0.326,-2.181,1.266,-0.943,-0.153,0.153,0.068,-0.068,1739.534,-1565.580,3197.672,-2877.905,0.000,-0.075,-0.486,0.000,0.075,-0.486
0.327,-2.197,1.269,-0.940,-0.153,0.153,0.068,-0.068,1744.863,-1570.377,3197.672,-2877.905,0.000,-0.075,-0.486,0.000,0.075,-0.486
0.328,-2.212,1.272,-0.936,-0.153,0.153,0.068,-0.068,1750.193,-1575.173,3197.672,-2877.905,0.000,-0.075,-0.486,0.000,0.075,-0.486
0.329,-2.228,1.274,-0.932,-0.153,0.153,0.068,-0.068,1755.522,-1579.970,3197.672,-2877.905,0.000,-0.075,-0.486,0.000,0.075,-0.486
0.330,-2.243,1.277,-0.927,-0.153,0.153,0.068,-0.068,1760.852,-1584.766,3197.672,-2877.905,0.000,-0.075,-0.486,0.000,0.075,-0.486
0.331,-2.259,1.280,-0.923,-0.153,0.153,0.068,-0.068,1766.181,-1589.563,3197.672,-2877.905,0.000,-0.075,-0.486,0.000,0.075,-0.486
0.332,-2.275,1.283,-0.919,-0.153,0.153,0.068,-0.068,1771.511,-1594.359,3197.672,-2877.905,0.000,-0.075,-0.486,0.000,0.075,-0.486
0.333,-2.290,1.285,-0.914,-0.153,0.153,0.068,-0.068,1776.840,-1599.156,3197.672,-2877.905,0.000,-0.075,-0.486,0.000,0.075,-0.486
0.334,-2.306,1.288,-0.910,-0.153,0.153,0.068,-0.068,1782.169,-1603.953,3197.672,-2877.905,0.000,-0.075,-0.486,0.000,0.075,-0.486
0.335,-2.321,1.291,-0.905,-0.152,0.152,0.068,-0.068,1787.499,-1608.749,3197.672,-2877.905,0.000,-0.075,-0.486,0.000,0.075,-0.486
0.336,-2.337,1.293,-0.901,-0.152,0.152,0.068,-0.068,1792.828,-1613.546,3197.672,-2877.905,0.000,-0.075,-0.486,0.000,0.075,-0.486
0.337,-2.352,1.296,-0.896,-0.152,0.152,0.068,-0.068,1798.158,-1618.342,3197.672,-2877.905,0.000,-0.075,-0.486,0.000,0.075,-0.486
0.338,-2.368,1.298,-0.891,-0.152,0.152,0.068,-0.068,1803.487,-1623.139,3197.672,-2877.905,0.000,-0.075,-0.486,0.000,0.075,-0.486
0.339,-2.383,1.301,-0.886,-0.152,0.152,0.068,-0.068,1808.817,-1627.935,3197.672,-2877.905,0.000,-0.075,-0.486,0.000,0.075,-0.486
0.340,-2.399,1.304,-0.881,-0.152,0.152,0.068,-0.068,1814.146,-1632.732,3197.672,-2877.905,0.000,-0.075,-0.486,0.000,0.075,-0.486
0.341,-2.415,1.306,-0.876,-0.152,0.152,0.068,-0.068,1819.476,-1637.528,3197.672,-2877.905,0.000,-0.075,-0.486,0.000,0.075,-0.486
0.342,-2.430,1.309,-0.871,-0.152,0.152,0.068,-0.068,1824.805,-1642.325,3197.672,-2877.905,0.000,-0.074,-0.486,0.000,0.074,-0.486
0.343,-2.446,1.311,-0.866,-0.152,0.152,0.068,-0.068,1830.135,-1647.121,3197.672,-2877.905,0.000,-0.074,-0.487,0.000,0.074,-0.487
0.344,-2.461,1.314,-0.861,-0.152,0.152,0.068,-0.068,1835.464,-1651.918,3197.672,-2877.905,0.000,-0.074,-0.487,0.000,0.074,-0.487
0.345,-2.477,1.316,-0.855,-0.152,0.152,0.068,-0.068,1840.793,-1656.714,3197.672,-2877.905,0.000,-0.074,-0.487,0.000,0.074,-0.487
0.346,-2.492,1.318,-0.850,-0.152,0.152,0.068,-0.068,1846.123,-1661.511,3197.672,-2877.905,0.000,-0.074,-0.487,0.000,0.074,-0.487
0.347,-2.507,1.321,-0.844,-0.152,0.152,0.068,-0.068,1851.452,-1666.307,3197.672,-2877.905,0.000,-0.074,-0.487,0.000,0.074,-0.487
0.348,-2.523,1.323,-0.838,-0.152,0.152,0.068,-0.068,1856.782,-1671.104,3197.672,-2877.905,0.000,-0.074,-0.487,0.000,0.074,-0.487
0.349,-2.538,1.326,-0.833,-0.151,0.151,0.068,-0.068,1862.111,-1675.900,3197.672,-2877.905,0.000,-0.074,-0.487,0.000,0.074,-0.487
0.350,-2.554,1.328,-0.827,-0.151,0.151,0.068,-0.068,1867.441,-1680.697,3197.672,-2877.905,0.000,-0.074,-0.487,0.000,0.074,-0.487
0.351,-2.569,1.330,-0.821,-0.151,0.151,0.068,-0.068,1872.770,-1685.493,3197.672,-2877.905,0.000,-0.074,-0.487,0.000,0.074,-0.487
0.352,-2.584,1.332,-0.815,-0.151,0.151,0.068,-0.068,1878.100,-1690.290,3197.672,-2877.905,0.000,-0.074,-0.487,0.000,0.074,-0.487
0.353,-2.600,1.335,-0.809,-0.151,0.151,0.068,-0.068,1883.429,-1695.086,3197.672,-2877.905,0.000,-0.074,-0.487,0.000,0.074,-0.487
0.354,-2.615,1.337,-0.803,-0.151,0.151,0.068,-0.068,1888.759,-1699.883,3197.672,-2877.905,0.000,-0.074,-0.487,0.000,0.074,-0.487
0.355,-2.630,1.339,-0.796,-0.151,0.151,0.068,-0.068,1894.088,-1704.679,3197.672,-2877.905,0.000,-0.074,-0.487,0.000,0.074,-0.487
0.356,-2.645,1.341,-0.790,-0.151,0.151,0.068,-0.068,1899.417,-1709.476,3197.672,-2877.905,0.000,-0.074,-0.487,0.000,0.074,-0.487
0.357,-2.661,1.343,-0.783,-0.151,0.151,0.068,-0.068,1904.747,-1714.272,3197.672,-2877.905,0.000,-0.074,-0.487,0.000,0.074,-0.487
0.358,-2.676,1.346,-0.777,-0.151,0.151,0.068,-0.068,1910.076,-1719.069,3197.672,-2877.905,0.000,-0.074,-0.487,0.000,0.074,-0.487
0.359,-2.691,1.348,-0.770,-0.151,0.151,0.068,-0.068,1915.406,-1723.865,3197.672,-2877.905,0.000,-0.074,-0.487,0.000,0.074,-0.487
0.360,-2.706,1.350,-0.764,-0.151,0.151,0.068,-0.068,1920.735,-1728.662,3197.672,-2877.905,0.000,-0.074,-0.487,0.000,0.074,-0.487
0.361,-2.721,1.352,-0.757,-0.151,0.151,0.068,-0.068,1926.065,-1733.458,3197.672,-2877.905,0.000,-0.074,-0.487,0.000,0.074,-0.487
0.362,-2.736,1.354,-0.750,-0.151,0.151,0.068,-0.068,1931.394,-1738.255,3197.672,-2877.905,0.000,-0.074,-0.487,0.000,0.074,-0.487
0.363,-2.751,1.356,-0.743,-0.150,0.150,0.068,-0.068,1936.724,-1743.051,3197.672,-2877.905,0.000,-0.074,-0.487,0.000,0.074,-0.487
0.364,-2.766,1.358,-0.736,-0.150,0.150,0.068,-0.068,1942.053,-1747.848,3197.672,-2877.905,0.000,-0.074,-0.487,0.000,0.074,-0.487
0.365,-2.781,1.360,-0.729,-0.150,0.150,0.068,-0.068,1947.383,-1752.644,3197.672,-2877.905,0.000,-0.074,-0.487,0.000,0.074,-0.487
0.366,-2.796,1.361,-0.721,-0.150,0.150,0.068,-0.068,1952.712,-1757.441,3197.672,-2877.905,0.000,-0.074,-0.487,0.000,0.074,-0.487
0.367,-2.810,1.363,-0.714,-0.150,0.150,0.068,-0.068,1958.041,-1762.237,3197.672,-2877.905,0.000,-0.074,-0.487,0.000,0.074,-0.487
0.368,-2.825,1.365,-0.707,-0.150,0.150,0.068,-0.068,1963.371,-1767.034,3197.672,-2877.905,0.000,-0.074,-0.487,0.000,0.074,-0.487
0.369,-2.840,1.367,-0.699,-0.150,0.150,0.068,-0.068,1968.700,-1771.830,3197.672,-2877.905,0.000,-0.074,-0.487,0.000,0.074,-0.487
0.370,-2.854,1.369,-0.691,-0.150,0.150,0.068,-0.068,1974.030,-1776.627,3197.672,-2877.905,0.000,-0.074,-0.487,0.000,0.074,-0.487
0.371,-2.869,1.370,-0.684,-0.150,0.150,0.068,-0.068,1979.359,-1781.423,3197.672,-2877.905,0.000,-0.074,-0.487,0.000,0.074,-0.487
0.372,-2.883,1.372,-0.676,-0.150,0.150,0.068,-0.068,1984.689,-1786.220,3197.672,-2877.905,0.000,-0.073,-0.487,0.000,0.073,-0.487
0.373,-2.898,1.374,-0.668,-0.150,0.150,0.068,-0.068,1990.018,-1791.016,3197.672,-2877.905,0.000,-0.073,-0.487,0.000,0.073,-0.487
0.374,-2.912,1.375,-0.660,-0.150,0.150,0.068,-0.068,1995.348,-1795.813,3197.672,-2877.905,0.000,-0.073,-0.487,0.000,0.073,-0.487
0.375,-2.927,1.377,-0.652,-0.150,0.150,0.068,-0.068,2000.677,-1800.609,3197.672,-2877.905,0.000,-0.073,-0.487,0.000,0.073,-0.487
0.376,-2.941,1.378,-0.644,-0.150,0.150,0.068,-0.068,2006.007,-1805.406,3197.672,-2877.905,0.000,-0.073,-0.487,0.000,0.073,-0.487
0.377,-2.955,1.380,-0.636,-0.150,0.150,0.068,-0.068,2011.336,-1810.202,3197.672,-2877.905,0.000,-0.073,-0.487,0.000,0.073,-0.487
0.378,-2.969,1.382,-0.628,-0.149,0.149,0.068,-0.068,2016.665,-1814.999,3197.672,-2877.905,0.000,-0.073,-0.487,0.000,0.073,-0.487
0.379,-2.983,1.383,-0.619,-0.149,0.149,0.068,-0.068,2021.995,-1819.795,3197.672,-2877.905,0.000,-0.073,-0.487,0.000,0.073,-0.487
0.380,-2.997,1.384,-0.611,-0.149,0.149,0.068,-0.068,2027.324,-1824.592,3197.672,-2877.905,0.000,-0.073,-0.487,0.000,0.073,-0.487
0.381,-3.011,1.386,-0.602,-0.149,0.149,0.068,-0.068,2032.654,-1829.388,3197.672,-2877.905,0.000,-0.073,-0.487,0.000,0.073,-0.487
0.382,-3.025,1.387,-0.593,-0.149,0.149,0.068,-0.068,2037.983,-1834.185,3197.672,-2877.905,0.000,-0.073,-0.487,0.000,0.073,-0.487
0.383,-3.039,1.388,-0.585,-0.149,0.149,0.068,-0.068,2043.313,-1838.981,3197.672,-2877.905,0.000,-0.073,-0.487,0.000,0.073,-0.487
0.384,-3.052,1.390,-0.576,-0.149,0.149,0.068,-0.068,2048.642,-1843.778,3197.672,-2877.905,0.000,-0.073,-0.487,0.000,0.073,-0.487
0.385,-3.066,1.391,-0.567,-0.149,0.149,0.068,-0.068,2053.972,-1848.574,3197.672,-2877.905,0.000,-0.073,-0.487,0.000,0.073,-0.487
0.386,-3.080,1.392,-0.558,-0.149,0.149,0.068,-0.068,2059.301,-1853.371,3197.672,-2877.905,0.000,-0.073,-0.487,0.000,0.073,-0.487
0.387,-3.093,1.393,-0.549,-0.149,0.149,0.068,-0.068,2064.631,-1858.167,3197.672,-2877.905,0.000,-0.073,-0.487,0.000,0.073,-0.487
0.388,-3.106,1.394,-0.540,-0.149,0.149,0.068,-0.068,2069.960,-1862.964,3197.672,-2877.905,0.000,-0.073,-0.487,0.000,0.073,-0.487
0.389,-3.120,1.396,-0.531,-0.149,0.149,0.068,-0.068,2075.289,-1867.760,3197.672,-2877.905,0.000,-0.073,-0.487,0.000,0.073,-0.487
0.390,-3.133,1.397,-0.521,-0.149,0.149,0.068,-0.068,2080.619,-1872.557,3197.672,-2877.905,0.000,-0.073,-0.487,0.000,0.073,-0.487
0.391,-3.146,1.398,-0.512,-0.149,0.149,0.068,-0.068,2085.948,-1877.354,3197.672,-2877.905,0.000,-0.073,-0.487,0.000,0.073,-0.487
0.392,-3.159,1.399,-0.502,-0.148,0.148,0.068,-0.068,2091.278,-1882.150,3197.672,-2877.905,0.000,-0.073,-0.487,0.000,0.073,-0.487
0.393,-3.172,1.400,-0.493,-0.148,0.148,0.068,-0.068,2096.607,-1886.947,3197.672,-2877.905,0.000,-0.073,-0.487,0.000,0.073,-0.487
0.394,-3.185,1.400,-0.483,-0.148,0.148,0.068,-0.068,2101.937,-1891.743,3197.672,-2877.905,0.000,-0.073,-0.487,0.000,0.073,-0.487
0.395,-3.197,1.401,-0.473,-0.148,0.148,0.068,-0.068,2107.266,-1896.540,3197.672,-2877.905,0.000,-0.073,-0.487,0.000,0.073,-0.487
0.396,-3.210,1.402,-0.464,-0.148,0.148,0.068,-0.068,2112.596,-1901.336,3197.672,-2877.905,0.000,-0.073,-0.487,0.000,0.073,-0.487
0.397,-3.223,1.403,-0.454,-0.148,0.148,0.068,-0.068,2117.925,-1906.133,3197.672,-2877.905,0.000,-0.073,-0.487,0.000,0.073,-0.487
0.398,-3.235,1.404,-0.444,-0.148,0.148,0.068,-0.068,2123.255,-1910.929,3197.672,-2877.905,0.000,-0.073,-0.487,0.000,0.073,-0.487
0.399,-3.247,1.404,-0.434,-0.148,0.148,0.068,-0.068,2128.584,-1915.726,3197.672,-2877.905,0.000,-0.073,-0.487,0.000,0.073,-0.487
0.400,-3.259,1.405,-0.424,-0.148,0.148,0.068,-0.068,2133.913,-1920.522,3197.672,-2877.905,0.000,-0.073,-0.487,0.000,0.073,-0.487
0.401,-3.272,1.406,-0.413,-0.148,0.148,0.068,-0.068,2139.243,-1925.319,3197.672,-2877.905,0.000,-0.072,-0.487,0.000,0.072,-0.487
0.402,-3.284,1.406,-0.403,-0.148,0.148,0.068,-0.068,2144.572,-1930.115,3197.672,-2877.905,0.000,-0.072,-0.487,0.000,0.072,-0.487
0.403,-3.295,1.407,-0.393,-0.148,0.148,0.068,-0.068,2149.902,-1934.912,3197.672,-2877.905,0.000,-0.072,-0.487,0.000,0.072,-0.487
0.404,-3.307,1.407,-0.382,-0.148,0.148,0.068,-0.068,2155.231,-1939.708,3197.672,-2877.905,0.000,-0.072,-0.487,0.000,0.072,-0.487
0.405,-3.319,1.408,-0.372,-0.148,0.148,0.068,-0.068,2160.561,-1944.505,3197.672,-2877.905,0.000,-0.072,-0.487,0.000,0.072,-0.487
0.406,-3.330,1.408,-0.361,-0.147,0.147,0.068,-0.068,2165.890,-1949.301,3197.672,-2877.905,0.000,-0.072,-0.487,0.000,0.072,-0.487
0.407,-3.342,1.408,-0.350,-0.147,0.147,0.068,-0.068,2171.220,-1954.098,3197.672,-2877.905,0.000,-0.072,-0.487,0.000,0.072,-0.487
0.408,-3.353,1.409,-0.340,-0.147,0.147,0.068,-0.068,2176.549,-1958.894,3197.672,-2877.905,0.000,-0.072,-0.487,0.000,0.072,-0.487
0.409,-3.364,1.409,-0.329,-0.147,0.147,0.068,-0.068,2181.879,-1963.691,3197.672,-2877.905,0.000,-0.072,-0.487,0.000,0.072,-0.487
0.410,-3.375,1.409,-0.318,-0.147,0.147,0.068,-0.068,2187.208,-1968.487,3197.672,-2877.905,0.000,-0.072,-0.487,0.000,0.072,-0.487
0.411,-3.386,1.409,-0.307,-0.147,0.147,0.068,-0.068,2192.537,-1973.284,3197.672,-2877.905,0.000,-0.072,-0.487,0.000,0.072,-0.487
0.412,-3.397,1.409,-0.296,-0.147,0.147,0.068,-0.068,2197.867,-1978.080,3197.672,-2877.905,0.000,-0.072,-0.487,0.000,0.072,-0.487
0.413,-3.408,1.409,-0.285,-0.147,0.147,0.068,-0.068,2203.196,-1982.877,3197.672,-2877.905,0.000,-0.072,-0.487,0.000,0.072,-0.487
0.414,-3.418,1.409,-0.274,-0.147,0.147,0.068,-0.068,2208.526,-1987.673,3197.672,-2877.905,0.000,-0.072,-0.487,0.000,0.072,-0.487
0.415,-3.429,1.409,-0.262,-0.147,0.147,0.068,-0.068,2213.855,-1992.470,3197.672,-2877.905,0.000,-0.072,-0.487,0.000,0.072,-0.487
0.416,-3.439,1.409,-0.251,-0.147,0.147,0.068,-0.068,2219.185,-1997.266,3197.672,-2877.905,0.000,-0.072,-0.487,0.000,0.072,-0.487
0.417,-3.449,1.409,-0.240,-0.147,0.147,0.068,-0.068,2224.514,-2002.063,3197.672,-2877.905,0.000,-0.072,-0.487,0.000,0.072,-0.487
0.418,-3.459,1.409,-0.228,-0.147,0.147,0.068,-0.068,2229.844,-2006.859,3197.672,-2877.905,0.000,-0.072,-0.487,0.000,0.072,-0.487
0.419,-3.469,1.409,-0.217,-0.147,0.147,0.068,-0.068,2235.173,-2011.656,3197.672,-2877.905,0.000,-0.072,-0.487,0.000,0.072,-0.487
0.420,-3.479,1.408,-0.205,-0.147,0.147,0.068,-0.068,2240.503,-2016.452,3197.672,-2877.905,0.000,-0.072,-0.487,0.000,0.072,-0.487
0.421,-3.488,1.408,-0.193,-0.146,0.146,0.068,-0.068,2245.832,-2021.249,3197.672,-2877.905,0.000,-0.072,-0.487,0.000,0.072,-0.487
0.422,-3.498,1.408,-0.182,-0.146,0.146,0.068,-0.068,2251.161,-2026.045,3197.672,-2877.905,0.000,-0.072,-0.487,0.000,0.072,-0.487
0.423,-3.507,1.407,-0.170,-0.146,0.146,0.068,-0.068,2256.491,-2030.842,3197.672,-2877.905,0.000,-0.072,-0.487,0.000,0.072,-0.487
0.424,-3.516,1.407,-0.158,-0.146,0.146,0.068,-0.068,2261.820,-2035.638,3197.672,-2877.905,0.000,-0.072,-0.487,0.000,0.072,-0.487
0.425,-3.525,1.406,-0.146,-0.146,0.146,0.068,-0.068,2267.150,-2040.435,3197.672,-2877.905,0.000,-0.072,-0.487,0.000,0.072,-0.487
0.426,-3.534,1.406,-0.134,-0.146,0.146,0.068,-0.068,2272.479,-2045.231,3197.672,-2877.905,0.000,-0.072,-0.487,0.000,0.072,-0.487
0.427,-3.542,1.405,-0.122,-0.146,0.146,0.068,-0.068,2277.809,-2050.028,3197.672,-2877.905,0.000,-0.072,-0.487,0.000,0.072,-0.487
0.428,-3.551,1.405,-0.110,-0.146,0.146,0.068,-0.068,2283.138,-2054.824,3197.672,-2877.905,0.000,-0.072,-0.487,0.000,0.072,-0.487
0.429,-3.559,1.404,-0.097,-0.146,0.146,0.068,-0.068,2288.468,-2059.621,3197.672,-2877.905,0.000,-0.072,-0.487,0.000,0.072,-0.487
0.430,-3.568,1.403,-0.085,-0.146,0.146,0.068,-0.068,2293.797,-2064.417,3197.672,-2877.905,0.000,-0.072,-0.487,0.000,0.072,-0.487
0.431,-3.576,1.402,-0.073,-0.146,0.146,0.068,-0.068,2299.127,-2069.214,3197.672,-2877.905,0.000,-0.071,-0.487,0.000,0.071,-0.487
0.432,-3.583,1.402,-0.060,-0.146,0.146,0.068,-0.068,2304.456,-2074.010,3197.672,-2877.905,0.000,-0.071,-0.487,0.000,0.071,-0.487
0.433,-3.591,1.401,-0.048,-0.146,0.146,0.068,-0.068,2309.785,-2078.807,3197.672,-2877.905,0.000,-0.071,-0.487,0.000,0.071,-0.487
0.434,-3.599,1.400,-0.035,-0.146,0.146,0.068,-0.068,2315.115,-2083.603,3197.672,-2877.905,0.000,-0.071,-0.487,0.000,0.071,-0.487
0.435,-3.606,1.399,-0.023,-0.145,0.145,0.068,-0.068,2320.444,-2088.400,3197.672,-2877.905,0.000,-0.071,-0.487,0.000,0.071,-0.487
0.436,-3.613,1.398,-0.010,-0.145,0.145,0.068,-0.068,2325.774,-2093.196,3197.672,-2877.905,0.000,-0.071,-0.487,0.000,0.071,-0.487
0.437,-3.620,1.396,0.002,-0.145,0.145,0.068,-0.068,2331.103,-2097.993,3197.672,-2877.905,0.000,-0.071,-0.487,0.000,0.071,-0.487
0.438,-3.627,1.395,0.015,-0.145,0.145,0.068,-0.068,2336.433,-2102.789,3197.672,-2877.905,0.000,-0.071,-0.487,0.000,0.071,-0.487
0.439,-3.634,1.394,0.028,-0.145,0.145,0.068,-0.068,2341.762,-2107.586,3197.672,-2877.905,0.000,-0.071,-0.487,0.000,0.071,-0.487
0.440,-3.640,1.393,0.041,-0.145,0.145,0.068,-0.068,2347.092,-2112.382,3197.672,-2877.905,0.000,-0.071,-0.487,0.000,0.071,-0.487
0.441,-3.647,1.392,0.054,-0.145,0.145,0.068,-0.068,2352.421,-2117.179,3197.672,-2877.905,0.000,-0.071,-0.487,0.000,0.071,-0.487
0.442,-3.653,1.390,0.067,-0.145,0.145,0.068,-0.068,2357.750,-2121.975,3197.672,-2877.905,0.000,-0.071,-0.487,0.000,0.071,-0.487
0.443,-3.659,1.389,0.080,-0.145,0.145,0.068,-0.068,2363.080,-2126.772,3197.672,-2877.905,0.000,-0.071,-0.487,0.000,0.071,-0.487
0.444,-3.664,1.387,0.093,-0.145,0.145,0.068,-0.068,2368.409,-2131.568,3197.672,-2877.905,0.000,-0.071,-0.487,0.000,0.071,-0.487
0.445,-3.670,1.386,0.106,-0.145,0.145,0.068,-0.068,2373.739,-2136.365,3197.672,-2877.905,0.000,-0.071,-0.487,0.000,0.071,-0.487
0.446,-3.675,1.384,0.119,-0.145,0.145,0.068,-0.068,2379.068,-2141.161,3197.672,-2877.905,0.000,-0.071,-0.487,0.000,0.071,-0.487
0.447,-3.681,1.383,0.132,-0.145,0.145,0.068,-0.068,2384.398,-2145.958,3197.672,-2877.905,0.000,-0.071,-0.487,0.000,0.071,-0.487
0.448,-3.686,1.381,0.145,-0.145,0.145,0.068,-0.068,2389.727,-2150.755,3197.672,-2877.905,0.000,-0.071,-0.487,0.000,0.071,-0.487
0.449,-3.690,1.379,0.158,-0.144,0.144,0.068,-0.068,2395.057,-2155.551,3197.672,-2877.905,0.000,-0.071,-0.487,0.000,0.071,-0.487
0.450,-3.695,1.377,0.172,-0.144,0.144,0.068,-0.068,2400.386,-2160.348,3197.672,-2877.905,0.000,-0.071,-0.487,0.000,0.071,-0.487
0.451,-3.699,1.375,0.185,-0.144,0.144,0.068,-0.068,2405.716,-2165.144,3197.672,-2877.905,0.000,-0.071,-0.487,0.000,0.071,-0.487
0.452,-3.704,1.374,0.198,-0.144,0.144,0.068,-0.068,2411.045,-2169.941,3197.672,-2877.905,0.000,-0.071,-0.487,0.000,0.071,-0.487
0.453,-3.708,1.372,0.212,-0.144,0.144,0.068,-0.068,2416.374,-2174.737,3197.672,-2877.905,0.000,-0.071,-0.487,0.000,0.071,-0.487
0.454,-3.712,1.370,0.225,-0.144,0.144,0.068,-0.068,2421.704,-2179.534,3197.672,-2877.905,0.000,-0.071,-0.487,0.000,0.071,-0.487
0.455,-3.715,1.368,0.239,-0.144,0.144,0.068,-0.068,2427.033,-2184.330,3197.672,-2877.905,0.000,-0.071,-0.487,0.000,0.071,-0.487
0.456,-3.719,1.366,0.252,-0.144,0.144,0.068,-0.068,2432.363,-2189.127,3197.672,-2877.905,0.000,-0.071,-0.487,0.000,0.071,-0.487
0.457,-3.722,1.363,0.266,-0.144,0.144,0.068,-0.068,2437.692,-2193.923,3197.672,-2877.905,0.000,-0.071,-0.487,0.000,0.071,-0.487
0.458,-3.725,1.361,0.280,-0.144,0.144,0.068,-0.068,2443.022,-2198.720,3197.672,-2877.905,0.000,-0.071,-0.487,0.000,0.071,-0.487
0.459,-3.728,1.359,0.293,-0.144,0.144,0.068,-0.068,2448.351,-2203.516,3197.672,-2877.905,0.000,-0.071,-0.487,0.000,0.071,-0.487
0.460,-3.730,1.357,0.307,-0.144,0.144,0.068,-0.068,2453.681,-2208.313,3197.672,-2877.905,0.000,-0.070,-0.487,0.000,0.070,-0.487
0.461,-3.733,1.354,0.321,-0.144,0.144,0.068,-0.068,2459.010,-2213.109,3197.672,-2877.905,0.000,-0.070,-0.487,0.000,0.070,-0.487
0.462,-3.735,1.352,0.334,-0.144,0.144,0.068,-0.068,2464.340,-2217.906,3197.672,-2877.905,0.000,-0.070,-0.487,0.000,0.070,-0.487
0.463,-3.737,1.349,0.348,-0.144,0.144,0.068,-0.068,2469.669,-2222.702,3197.672,-2877.905,0.000,-0.070,-0.487,0.000,0.070,-0.487
0.464,-3.739,1.347,0.362,-0.143,0.143,0.068,-0.068,2474.998,-2227.499,3197.672,-2877.905,0.000,-0.070,-0.487,0.000,0.070,-0.487
0.465,-3.740,1.344,0.376,-0.143,0.143,0.068,-0.068,2480.328,-2232.295,3197.672,-2877.905,0.000,-0.070,-0.487,0.000,0.070,-0.487
0.466,-3.742,1.342,0.390,-0.143,0.143,0.068,-0.068,2485.657,-2237.092,3197.672,-2877.905,0.000,-0.070,-0.487,0.000,0.070,-0.487
0.467,-3.743,1.339,0.403,-0.143,0.143,0.068,-0.068,2490.987,-2241.888,3197.672,-2877.905,0.000,-0.070,-0.487,0.000,0.070,-0.487
0.468,-3.744,1.336,0.417,-0.143,0.143,0.068,-0.068,2496.316,-2246.685,3197.672,-2877.905,0.000,-0.070,-0.487,0.000,0.070,-0.487
0.469,-3.744,1.334,0.431,-0.143,0.143,0.068,-0.068,2501.646,-2251.481,3197.672,-2877.905,0.000,-0.070,-0.487,0.000,0.070,-0.487
0.470,-3.745,1.331,0.445,-0.143,0.143,0.068,-0.068,2506.975,-2256.278,3197.672,-2877.905,0.000,-0.070,-0.487,0.000,0.070,-0.487
0.471,-3.745,1.328,0.459,-0.143,0.143,0.068,-0.068,2512.305,-2261.074,3197.672,-2877.905,0.000,-0.070,-0.487,0.000,0.070,-0.487
0.472,-3.745,1.325,0.473,-0.143,0.143,0.068,-0.068,2517.634,-2265.871,3197.672,-2877.905,0.000,-0.070,-0.487,0.000,0.070,-0.487
0.473,-3.745,1.322,0.487,-0.143,0.143,0.068,-0.068,2522.964,-2270.667,3197.672,-2877.905,0.000,-0.070,-0.487,0.000,0.070,-0.487
0.474,-3.744,1.319,0.501,-0.143,0.143,0.068,-0.068,2528.293,-2275.464,3197.672,-2877.905,0.000,-0.070,-0.487,0.000,0.070,-0.487
0.475,-3.744,1.316,0.515,-0.143,0.143,0.068,-0.068,2533.622,-2280.260,3197.672,-2877.905,0.000,-0.070,-0.487,0.000,0.070,-0.487
0.476,-3.743,1.313,0.529,-0.143,0.143,0.068,-0.068,2538.952,-2285.057,3197.672,-2877.905,0.000,-0.070,-0.487,0.000,0.070,-0.487
0.477,-3.742,1.310,0.543,-0.143,0.143,0.068,-0.068,2544.281,-2289.853,3197.672,-2877.905,0.000,-0.070,-0.487,0.000,0.070,-0.487
0.478,-3.740,1.307,0.557,-0.142,0.142,0.068,-0.068,2549.611,-2294.650,3197.672,-2877.905,0.000,-0.070,-0.487,0.000,0.070,-0.487
0.479,-3.739,1.303,0.571,-0.142,0.142,0.068,-0.068,2554.940,-2299.446,3197.672,-2877.905,0.000,-0.070,-0.487,0.000,0.070,-0.487
0.480,-3.737,1.300,0.585,-0.142,0.142,0.068,-0.068,2560.270,-2304.243,3197.672,-2877.905,0.000,-0.070,-0.487,0.000,0.070,-0.487
0.481,-3.735,1.297,0.599,-0.142,0.142,0.068,-0.068,2565.599,-2309.039,3197.672,-2877.905,0.000,-0.070,-0.487,0.000,0.070,-0.487
0.482,-3.733,1.294,0.613,-0.142,0.142,0.068,-0.068,2570.929,-2313.836,3197.672,-2877.905,0.000,-0.070,-0.487,0.000,0.070,-0.487
0.483,-3.730,1.290,0.628,-0.142,0.142,0.068,-0.068,2576.258,-2318.632,3197.672,-2877.905,0.000,-0.070,-0.487,0.000,0.070,-0.487
0.484,-3.727,1.287,0.642,-0.142,0.142,0.068,-0.068,2581.588,-2323.429,3197.672,-2877.905,0.000,-0.070,-0.487,0.000,0.070,-0.487
0.485,-3.724,1.283,0.656,-0.142,0.142,0.068,-0.068,2586.917,-2328.225,3197.672,-2877.905,0.000,-0.070,-0.487,0.000,0.070,-0.487
0.486,-3.721,1.280,0.670,-0.142,0.142,0.068,-0.068,2592.246,-2333.022,3197.672,-2877.905,0.000,-0.070,-0.487,0.000,0.070,-0.487
0.487,-3.718,1.276,0.684,-0.142,0.142,0.068,-0.068,2597.576,-2337.818,3197.672,-2877.905,0.000,-0.070,-0.487,0.000,0.070,-0.487
0.488,-3.714,1.272,0.698,-0.142,0.142,0.068,-0.068,2602.905,-2342.615,3197.672,-2877.905,0.000,-0.070,-0.487,0.000,0.070,-0.487
0.489,-3.710,1.269,0.712,-0.142,0.142,0.068,-0.068,2608.235,-2347.411,3197.672,-2877.905,0.000,-0.070,-0.487,0.000,0.070,-0.487
0.490,-3.706,1.265,0.726,-0.142,0.142,0.068,-0.068,2613.564,-2352.208,3197.672,-2877.905,0.000,-0.069,-0.487,0.000,0.069,-0.487
0.491,-3.701,1.261,0.740,-0.142,0.142,0.068,-0.068,2618.894,-2357.004,3197.672,-2877.905,0.000,-0.069,-0.487,0.000,0.069,-0.487
0.492,-3.697,1.257,0.754,-0.141,0.141,0.068,-0.068,2624.223,-2361.801,3197.672,-2877.905,0.000,-0.069,-0.487,0.000,0.069,-0.487
0.493,-3.692,1.254,0.768,-0.141,0.141,0.068,-0.068,2629.553,-2366.597,3197.672,-2877.905,0.000,-0.069,-0.487,0.000,0.069,-0.487
0.494,-3.687,1.250,0.782,-0.141,0.141,0.068,-0.068,2634.882,-2371.394,3197.672,-2877.905,0.000,-0.069,-0.487,0.000,0.069,-0.487
0.495,-3.681,1.246,0.796,-0.141,0.141,0.068,-0.068,2640.212,-2376.190,3197.672,-2877.905,0.000,-0.069,-0.487,0.000,0.069,-0.487
0.496,-3.676,1.242,0.810,-0.141,0.141,0.068,-0.068,2645.541,-2380.987,3197.672,-2877.905,0.000,-0.069,-0.487,0.000,0.069,-0.487
0.497,-3.670,1.238,0.824,-0.141,0.141,0.068,-0.068,2650.870,-2385.783,3197.672,-2877.905,0.000,-0.069,-0.487,0.000,0.069,-0.487
0.498,-3.664,1.234,0.838,-0.141,0.141,0.068,-0.068,2656.200,-2390.580,3197.672,-2877.905,0.000,-0.069,-0.487,0.000,0.069,-0.487
0.499,-3.657,1.230,0.852,-0.141,0.141,0.068,-0.068,2661.529,-2395.376,3197.672,-2877.905,0.000,-0.069,-0.487,0.000,0.069,-0.487
0.500,-3.651,1.226,0.866,-0.141,0.141,0.068,-0.068,2666.859,-2400.173,3197.672,-2877.905,0.000,-0.069,-0.487,0.000,0.069,-0.487
0.501,-3.644,1.221,0.880,-0.141,0.141,0.068,-0.068,2672.188,-2404.969,3197.672,-2877.905,0.000,-0.069,-0.487,0.000,0.069,-0.487
0.502,-3.637,1.217,0.894,-0.141,0.141,0.068,-0.068,2677.518,-2409.766,3197.672,-2877.905,0.000,-0.069,-0.487,0.000,0.069,-0.487
0.503,-3.629,1.213,0.908,-0.141,0.141,0.068,-0.068,2682.847,-2414.562,3197.672,-2877.905,0.000,-0.069,-0.487,0.000,0.069,-0.487
0.504,-3.621,1.209,0.922,-0.141,0.141,0.068,-0.068,2688.177,-2419.359,3197.672,-2877.905,0.000,-0.069,-0.487,0.000,0.069,-0.487
0.505,-3.614,1.204,0.936,-0.141,0.141,0.068,-0.068,2693.506,-2424.155,3197.672,-2877.905,0.000,-0.069,-0.487,0.000,0.069,-0.487
0.506,-3.605,1.200,0.950,-0.141,0.141,0.068,-0.068,2698.836,-2428.952,3197.672,-2877.905,0.000,-0.069,-0.487,0.000,0.069,-0.487
0.507,-3.597,1.196,0.963,-0.140,0.140,0.068,-0.068,2704.165,-2433.749,3197.672,-2877.905,0.000,-0.069,-0.487,0.000,0.069,-0.487
0.508,-3.588,1.191,0.977,-0.140,0.140,0.068,-0.068,2709.494,-2438.545,3197.672,-2877.905,0.000,-0.069,-0.487,0.000,0.069,-0.487
0.509,-3.579,1.187,0.991,-0.140,0.140,0.068,-0.068,2714.824,-2443.342,3197.672,-2877.905,0.000,-0.069,-0.487,0.000,0.069,-0.487
0.510,-3.570,1.183,1.004,-0.140,0.140,0.068,-0.068,2720.153,-2448.138,3197.672,-2877.905,0.000,-0.069,-0.487,0.000,0.069,-0.487
0.511,-3.561,1.178,1.018,-0.140,0.140,0.068,-0.068,2725.483,-2452.935,3197.672,-2877.905,0.000,-0.069,-0.487,0.000,0.069,-0.487
0.512,-3.551,1.174,1.032,-0.140,0.140,0.068,-0.068,2730.812,-2457.731,3197.672,-2877.905,0.000,-0.069,-0.487,0.000,0.069,-0.487
0.513,-3.541,1.169,1.045,-0.140,0.140,0.068,-0.068,2736.142,-2462.528,3197.672,-2877.905,0.000,-0.069,-0.487,0.000,0.069,-0.487
0.514,-3.531,1.164,1.059,-0.140,0.140,0.068,-0.068,2741.471,-2467.324,3197.672,-2877.905,0.000,-0.069,-0.487,0.000,0.069,-0.487
0.515,-3.521,1.160,1.072,-0.140,0.140,0.068,-0.068,2746.801,-2472.121,3197.672,-2877.905,0.000,-0.069,-0.487,0.000,0.069,-0.487
0.516,-3.510,1.155,1.086,-0.140,0.140,0.068,-0.068,2752.130,-2476.917,3197.672,-2877.905,0.000,-0.069,-0.487,0.000,0.069,-0.487
0.517,-3.499,1.151,1.099,-0.140,0.140,0.068,-0.068,2757.460,-2481.714,3197.672,-2877.905,0.000,-0.069,-0.487,0.000,0.069,-0.487
0.518,-3.488,1.146,1.113,-0.140,0.140,0.068,-0.068,2762.789,-2486.510,3197.672,-2877.905,0.000,-0.069,-0.487,0.000,0.069,-0.487
0.519,-3.477,1.141,1.126,-0.140,0.140,0.068,-0.068,2768.118,-2491.307,3197.672,-2877.905,0.000,-0.068,-0.487,0.000,0.068,-0.487
0.520,-3.465,1.137,1.139,-0.140,0.140,0.068,-0.068,2773.448,-2496.103,3197.672,-2877.905,0.000,-0.068,-0.487,0.000,0.068,-0.487
0.521,-3.453,1.132,1.153,-0.139,0.139,0.068,-0.068,2778.777,-2500.900,3197.672,-2877.905,0.000,-0.068,-0.487,0.000,0.068,-0.487
0.522,-3.441,1.127,1.166,-0.139,0.139,0.068,-0.068,2784.107,-2505.696,3197.672,-2877.905,0.000,-0.068,-0.487,0.000,0.068,-0.487
0.523,-3.428,1.122,1.179,-0.139,0.139,0.068,-0.068,2789.436,-2510.493,3197.672,-2877.905,0.000,-0.068,-0.487,0.000,0.068,-0.487
0.524,-3.416,1.118,1.192,-0.139,0.139,0.068,-0.068,2794.766,-2515.289,3197.672,-2877.905,0.000,-0.068,-0.487,0.000,0.068,-0.487
0.525,-3.403,1.113,1.205,-0.139,0.139,0.068,-0.068,2800.095,-2520.086,3197.672,-2877.905,0.000,-0.068,-0.487,0.000,0.068,-0.487
0.526,-3.389,1.108,1.218,-0.139,0.139,0.068,-0.068,2805.425,-2524.882,3197.672,-2877.905,0.000,-0.068,-0.487,0.000,0.068,-0.487
0.527,-3.376,1.103,1.231,-0.139,0.139,0.068,-0.068,2810.754,-2529.679,3197.672,-2877.905,0.000,-0.068,-0.487,0.000,0.068,-0.487
0.528,-3.362,1.098,1.244,-0.139,0.139,0.068,-0.068,2816.084,-2534.475,3197.672,-2877.905,0.000,-0.068,-0.487,0.000,0.068,-0.487
0.529,-3.348,1.094,1.257,-0.139,0.139,0.068,-0.068,2821.413,-2539.272,3197.672,-2877.905,0.000,-0.068,-0.487,0.000,0.068,-0.487
0.530,-3.334,1.089,1.270,-0.139,0.139,0.068,-0.068,2826.742,-2544.068,3197.672,-2877.905,0.000,-0.068,-0.487,0.000,0.068,-0.487
0.531,-3.320,1.084,1.282,-0.139,0.139,0.068,-0.068,2832.072,-2548.865,3197.672,-2877.905,0.000,-0.068,-0.487,0.000,0.068,-0.487
0.532,-3.305,1.079,1.295,-0.139,0.139,0.068,-0.068,2837.401,-2553.661,3197.672,-2877.905,0.000,-0.068,-0.487,0.000,0.068,-0.487
0.533,-3.290,1.074,1.308,-0.139,0.139,0.068,-0.068,2842.731,-2558.458,3197.672,-2877.905,0.000,-0.068,-0.487,0.000,0.068,-0.487
0.534,-3.275,1.069,1.320,-0.139,0.139,0.068,-0.068,2848.060,-2563.254,3197.672,-2877.905,0.000,-0.068,-0.487,0.000,0.068,-0.487
0.535,-3.259,1.064,1.333,-0.138,0.138,0.068,-0.068,2853.390,-2568.051,3197.672,-2877.905,0.000,-0.068,-0.487,0.000,0.068,-0.487
0.536,-3.243,1.059,1.345,-0.138,0.138,0.068,-0.068,2858.719,-2572.847,3197.672,-2877.905,0.000,-0.068,-0.487,0.000,0.068,-0.487
0.537,-3.227,1.054,1.357,-0.138,0.138,0.068,-0.068,2864.049,-2577.644,3197.672,-2877.905,0.000,-0.068,-0.487,0.000,0.068,-0.487
0.538,-3.211,1.050,1.370,-0.138,0.138,0.068,-0.068,2869.378,-2582.440,3197.672,-2877.905,0.000,-0.068,-0.487,0.000,0.068,-0.487
0.539,-3.195,1.045,1.382,-0.138,0.138,0.068,-0.068,2874.708,-2587.237,3197.672,-2877.905,0.000,-0.068,-0.487,0.000,0.068,-0.487
0.540,-3.178,1.040,1.394,-0.138,0.138,0.068,-0.068,2880.037,-2592.033,3197.672,-2877.905,0.000,-0.068,-0.487,0.000,0.068,-0.487
0.541,-3.161,1.035,1.406,-0.138,0.138,0.068,-0.068,2885.366,-2596.830,3197.672,-2877.905,0.000,-0.068,-0.487,0.000,0.068,-0.487
0.542,-3.144,1.030,1.418,-0.138,0.138,0.068,-0.068,2890.696,-2601.626,3197.672,-2877.905,0.000,-0.068,-0.487,0.000,0.068,-0.487
0.543,-3.126,1.025,1.430,-0.138,0.138,0.068,-0.068,2896.025,-2606.423,3197.672,-2877.905,0.000,-0.068,-0.487,0.000,0.068,-0.487
0.544,-3.109,1.020,1.442,-0.138,0.138,0.068,-0.068,2901.355,-2611.219,3197.672,-2877.905,0.000,-0.068,-0.487,0.000,0.068,-0.487
0.545,-3.091,1.015,1.454,-0.138,0.138,0.068,-0.068,2906.684,-2616.016,3197.672,-2877.905,0.000,-0.068,-0.488,0.000,0.068,-0.488
0.546,-3.073,1.010,1.465,-0.138,0.138,0.068,-0.068,2912.014,-2620.812,3197.672,-2877.905,0.000,-0.068,-0.488,0.000,0.068,-0.488
0.547,-3.054,1.005,1.477,-0.138,0.138,0.068,-0.068,2917.343,-2625.609,3197.672,-2877.905,0.000,-0.068,-0.488,0.000,0.068,-0.488
0.548,-3.035,1.000,1.489,-0.138,0.138,0.068,-0.068,2922.673,-2630.405,3197.672,-2877.905,0.000,-0.067,-0.488,0.000,0.067,-0.488
0.549,-3.016,0.995,1.500,-0.138,0.138,0.068,-0.068,2928.002,-2635.202,3197.672,-2877.905,0.000,-0.067,-0.488,0.000,0.067,-0.488
0.550,-2.997,0.990,1.511,-0.137,0.137,0.068,-0.068,2933.332,-2639.998,3197.672,-2877.905,0.000,-0.067,-0.488,0.000,0.067,-0.488
0.551,-2.978,0.986,1.523,-0.137,0.137,0.068,-0.068,2938.661,-2644.795,3197.672,-2877.905,0.000,-0.067,-0.488,0.000,0.067,-0.488
0.552,-2.958,0.981,1.534,-0.137,0.137,0.068,-0.068,2943.990,-2649.591,3197.672,-2877.905,0.000,-0.067,-0.488,0.000,0.067,-0.488
0.553,-2.938,0.976,1.545,-0.137,0.137,0.068,-0.068,2949.320,-2654.388,3197.672,-2877.905,0.000,-0.067,-0.488,0.000,0.067,-0.488
0.554,-2.918,0.971,1.556,-0.137,0.137,0.068,-0.068,2954.649,-2659.184,3197.672,-2877.905,0.000,-0.067,-0.488,0.000,0.067,-0.488
0.555,-2.898,0.966,1.567,-0.137,0.137,0.068,-0.068,2959.979,-2663.981,3197.672,-2877.905,0.000,-0.067,-0.488,0.000,0.067,-0.488
0.556,-2.877,0.961,1.578,-0.137,0.137,0.068,-0.068,2965.308,-2668.777,3197.672,-2877.905,0.000,-0.067,-0.488,0.000,0.067,-0.488
0.557,-2.857,0.957,1.589,-0.137,0.137,0.068,-0.068,2970.638,-2673.574,3197.672,-2877.905,0.000,-0.067,-0.488,0.000,0.067,-0.488
0.558,-2.836,0.952,1.599,-0.137,0.137,0.068,-0.068,2975.967,-2678.370,3197.672,-2877.905,0.000,-0.067,-0.488,0.000,0.067,-0.488
0.559,-2.814,0.947,1.610,-0.137,0.137,0.068,-0.068,2981.297,-2683.167,3197.672,-2877.905,0.000,-0.067,-0.488,0.000,0.067,-0.488
0.560,-2.793,0.942,1.620,-0.137,0.137,0.068,-0.068,2986.626,-2687.963,3197.672,-2877.905,0.000,-0.067,-0.488,0.000,0.067,-0.488
0.561,-2.771,0.937,1.631,-0.137,0.137,0.068,-0.068,2991.956,-2692.760,3197.672,-2877.905,0.000,-0.067,-0.488,0.000,0.067,-0.488
0.562,-2.749,0.933,1.641,-0.137,0.137,0.068,-0.068,2997.285,-2697.556,3197.672,-2877.905,0.000,-0.067,-0.488,0.000,0.067,-0.488
0.563,-2.727,0.928,1.651,-0.137,0.137,0.068,-0.068,3002.614,-2702.353,3197.672,-2877.905,0.000,-0.067,-0.488,0.000,0.067,-0.488
0.564,-2.705,0.923,1.661,-0.136,0.136,0.068,-0.068,3007.944,-2707.150,3197.672,-2877.905,0.000,-0.067,-0.488,0.000,0.067,-0.488
0.565,-2.682,0.919,1.671,-0.136,0.136,0.068,-0.068,3013.273,-2711.946,3197.672,-2877.905,0.000,-0.067,-0.488,0.000,0.067,-0.488
0.566,-2.659,0.914,1.681,-0.136,0.136,0.068,-0.068,3018.603,-2716.743,3197.672,-2877.905,0.000,-0.067,-0.488,0.000,0.067,-0.488
0.567,-2.636,0.910,1.691,-0.136,0.136,0.068,-0.068,3023.932,-2721.539,3197.672,-2877.905,0.000,-0.067,-0.488,0.000,0.067,-0.488
0.568,-2.613,0.905,1.701,-0.136,0.136,0.068,-0.068,3029.262,-2726.336,3197.672,-2877.905,0.000,-0.067,-0.488,0.000,0.067,-0.488
0.569,-2.589,0.901,1.710,-0.136,0.136,0.068,-0.068,3034.591,-2731.132,3197.672,-2877.905,0.000,-0.067,-0.488,0.000,0.067,-0.488
0.570,-2.566,0.896,1.720,-0.136,0.136,0.068,-0.068,3039.921,-2735.929,3197.672,-2877.905,0.000,-0.067,-0.488,0.000,0.067,-0.488
0.571,-2.542,0.892,1.729,-0.136,0.136,0.068,-0.068,3045.250,-2740.725,3197.672,-2877.905,0.000,-0.067,-0.488,0.000,0.067,-0.488
0.572,-2.517,0.887,1.739,-0.136,0.136,0.068,-0.068,3050.580,-2745.522,3197.672,-2877.905,0.000,-0.067,-0.488,0.000,0.067,-0.488
0.573,-2.493,0.883,1.748,-0.136,0.136,0.068,-0.068,3055.909,-2750.318,3197.672,-2877.905,0.000,-0.067,-0.488,0.000,0.067,-0.488
0.574,-2.469,0.878,1.757,-0.136,0.136,0.068,-0.068,3061.238,-2755.115,3197.672,-2877.905,0.000,-0.067,-0.488,0.000,0.067,-0.488
0.575,-2.444,0.874,1.766,-0.136,0.136,0.068,-0.068,3066.568,-2759.911,3197.672,-2877.905,0.000,-0.067,-0.488,0.000,0.067,-0.488
0.576,-2.419,0.870,1.775,-0.136,0.136,0.068,-0.068,3071.897,-2764.708,3197.672,-2877.905,0.000,-0.067,-0.488,0.000,0.067,-0.488
0.577,-2.394,0.866,1.783,-0.136,0.136,0.068,-0.068,3077.227,-2769.504,3197.672,-2877.905,0.000,-0.067,-0.488,0.000,0.067,-0.488
0.578,-2.368,0.861,1.792,-0.135,0.135,0.068,-0.068,3082.556,-2774.301,3197.672,-2877.905,0.000,-0.066,-0.488,0.000,0.066,-0.488
0.579,-2.343,0.857,1.801,-0.135,0.135,0.068,-0.068,3087.886,-2779.097,3197.672,-2877.905,0.000,-0.066,-0.488,0.000,0.066,-0.488
0.580,-2.317,0.853,1.809,-0.135,0.135,0.068,-0.068,3093.215,-2783.894,3197.672,-2877.905,0.000,-0.066,-0.488,0.000,0.066,-0.488
0.581,-2.291,0.849,1.817,-0.135,0.135,0.068,-0.068,3098.545,-2788.690,3197.672,-2877.905,0.000,-0.066,-0.488,0.000,0.066,-0.488
0.582,-2.265,0.845,1.825,-0.135,0.135,0.068,-0.068,3103.874,-2793.487,3197.672,-2877.905,0.000,-0.066,-0.488,0.000,0.066,-0.488
0.583,-2.238,0.841,1.833,-0.135,0.135,0.068,-0.068,3109.204,-2798.283,3197.672,-2877.905,0.000,-0.066,-0.488,0.000,0.066,-0.488
0.584,-2.212,0.837,1.841,-0.135,0.135,0.068,-0.068,3114.533,-2803.080,3197.672,-2877.905,0.000,-0.066,-0.488,0.000,0.066,-0.488
0.585,-2.185,0.833,1.849,-0.135,0.135,0.068,-0.068,3119.862,-2807.876,3197.672,-2877.905,0.000,-0.066,-0.488,0.000,0.066,-0.488
0.586,-2.158,0.829,1.857,-0.135,0.135,0.068,-0.068,3125.192,-2812.673,3197.672,-2877.905,0.000,-0.066,-0.488,0.000,0.066,-0.488
0.587,-2.131,0.825,1.865,-0.135,0.135,0.068,-0.068,3130.521,-2817.469,3197.672,-2877.905,0.000,-0.066,-0.488,0.000,0.066,-0.488
0.588,-2.104,0.822,1.872,-0.135,0.135,0.068,-0.068,3135.851,-2822.266,3197.672,-2877.905,0.000,-0.066,-0.488,0.000,0.066,-0.488
0.589,-2.076,0.818,1.879,-0.135,0.135,0.068,-0.068,3141.180,-2827.062,3197.672,-2877.905,0.000,-0.066,-0.488,0.000,0.066,-0.488
0.590,-2.049,0.814,1.887,-0.135,0.135,0.068,-0.068,3146.510,-2831.859,3197.672,-2877.905,0.000,-0.066,-0.488,0.000,0.066,-0.488
0.591,-2.021,0.811,1.894,-0.135,0.135,0.068,-0.068,3151.839,-2836.655,3197.672,-2877.905,0.000,-0.066,-0.488,0.000,0.066,-0.488
0.592,-1.993,0.807,1.901,-0.135,0.135,0.068,-0.068,3157.169,-2841.452,3197.672,-2877.905,0.000,-0.066,-0.488,0.000,0.066,-0.488
0.593,-1.965,0.804,1.907,-0.134,0.134,0.068,-0.068,3162.498,-2846.248,3197.672,-2877.905,0.000,-0.066,-0.488,0.000,0.066,-0.488
0.594,-1.936,0.800,1.914,-0.134,0.134,0.068,-0.068,3167.828,-2851.045,3197.672,-2877.905,0.000,-0.066,-0.488,0.000,0.066,-0.488
0.595,-1.908,0.797,1.921,-0.134,0.134,0.068,-0.068,3173.157,-2855.841,3197.672,-2877.905,0.000,-0.066,-0.488,0.000,0.066,-0.488
0.596,-1.879,0.794,1.927,-0.134,0.134,0.068,-0.068,3178.486,-2860.638,3197.672,-2877.905,0.000,-0.066,-0.488,0.000,0.066,-0.488
0.597,-1.850,0.790,1.934,-0.134,0.134,0.068,-0.068,3183.816,-2865.434,3197.672,-2877.905,0.000,-0.066,-0.488,0.000,0.066,-0.488
0.598,-1.821,0.787,1.940,-0.134,0.134,0.068,-0.068,3189.145,-2870.231,3197.672,-2877.905,0.000,-0.066,-0.488,0.000,0.066,-0.488
0.599,-1.792,0.784,1.946,-0.134,0.134,0.068,-0.068,3194.475,-2875.027,3197.672,-2877.905,0.000,-0.066,-0.488,0.000,0.066,-0.488
0.600,-1.763,0.781,1.952,-0.134,0.134,0.068,-0.068,3199.804,-2879.824,3197.672,-2877.905,0.000,-0.066,-0.488,0.000,0.066,-0.488
0.601,-1.733,0.778,1.958,-0.134,0.134,0.068,-0.068,3205.134,-2884.620,3197.672,-2877.905,0.000,-0.066,-0.488,0.000,0.066,-0.488
0.602,-1.704,0.775,1.963,-0.134,0.134,0.068,-0.068,3210.463,-2889.417,3197.672,-2877.905,0.000,-0.066,-0.488,0.000,0.066,-0.488
0.603,-1.674,0.772,1.969,-0.134,0.134,0.068,-0.068,3215.793,-2894.213,3197.672,-2877.905,0.000,-0.066,-0.488,0.000,0.066,-0.488
0.604,-1.644,0.769,1.974,-0.134,0.134,0.068,-0.068,3221.122,-2899.010,3197.672,-2877.905,0.000,-0.066,-0.488,0.000,0.066,-0.488
0.605,-1.614,0.766,1.980,-0.134,0.134,0.068,-0.068,3226.452,-2903.806,3197.672,-2877.905,0.000,-0.066,-0.488,0.000,0.066,-0.488
0.606,-1.584,0.764,1.985,-0.134,0.134,0.068,-0.068,3231.781,-2908.603,3197.672,-2877.905,0.000,-0.066,-0.488,0.000,0.066,-0.488
0.607,-1.554,0.761,1.990,-0.133,0.133,0.068,-0.068,3237.110,-2913.399,3197.672,-2877.905,0.000,-0.065,-0.488,0.000,0.065,-0.488
0.608,-1.523,0.759,1.995,-0.133,0.133,0.068,-0.068,3242.440,-2918.196,3197.672,-2877.905,0.000,-0.065,-0.488,0.000,0.065,-0.488
0.609,-1.493,0.756,1.999,-0.133,0.133,0.068,-0.068,3247.769,-2922.992,3197.672,-2877.905,0.000,-0.065,-0.488,0.000,0.065,-0.488
0.610,-1.462,0.754,2.004,-0.133,0.133,0.068,-0.068,3253.099,-2927.789,3197.672,-2877.905,0.000,-0.065,-0.488,0.000,0.065,-0.488
0.611,-1.431,0.751,2.009,-0.133,0.133,0.068,-0.068,3258.428,-2932.585,3197.672,-2877.905,0.000,-0.065,-0.488,0.000,0.065,-0.488
0.612,-1.400,0.749,2.013,-0.133,0.133,0.068,-0.068,3263.758,-2937.382,3197.672,-2877.905,0.000,-0.065,-0.488,0.000,0.065,-0.488
0.613,-1.369,0.747,2.017,-0.133,0.133,0.068,-0.068,3269.087,-2942.178,3197.672,-2877.905,0.000,-0.065,-0.488,0.000,0.065,-0.488
0.614,-1.338,0.745,2.021,-0.133,0.133,0.068,-0.068,3274.417,-2946.975,3197.672,-2877.905,0.000,-0.065,-0.488,0.000,0.065,-0.488
0.615,-1.306,0.743,2.025,-0.133,0.133,0.068,-0.068,3279.746,-2951.771,3197.672,-2877.905,0.000,-0.066,-0.491,0.000,0.065,-0.488
0.616,-1.275,0.741,2.029,-0.133,0.133,0.068,-0.068,3285.076,-2956.568,3197.672,-2877.905,0.000,-0.066,-0.493,0.000,0.065,-0.488
0.617,-1.243,0.740,2.032,-0.133,0.133,0.068,-0.068,3290.405,-2961.364,3197.672,-2877.905,0.000,-0.066,-0.495,0.000,0.065,-0.488
0.618,-1.212,0.738,2.036,-0.133,0.133,0.068,-0.068,3295.734,-2966.161,3197.672,-2877.905,0.000,-0.066,-0.497,0.000,0.065,-0.488
0.619,-1.180,0.737,2.039,-0.133,0.133,0.068,-0.068,3301.064,-2970.957,3197.672,-2877.905,0.000,-0.067,-0.500,0.000,0.065,-0.488
0.620,-1.149,0.736,2.042,-0.133,0.133,0.068,-0.068,3306.393,-2975.754,3197.672,-2877.905,0.000,-0.067,-0.502,0.000,0.065,-0.488
0.621,-1.117,0.735,2.045,-0.132,0.132,0.068,-0.068,3311.723,-2980.551,3197.672,-2877.905,0.000,-0.067,-0.504,0.000,0.065,-0.488
0.622,-1.085,0.734,2.048,-0.132,0.132,0.068,-0.068,3317.052,-2985.347,3197.672,-2877.905,0.000,-0.067,-0.506,0.000,0.065,-0.488
0.623,-1.053,0.734,2.051,-0.132,0.132,0.068,-0.068,3322.382,-2990.144,3197.672,-2877.905,0.000,-0.068,-0.509,0.000,0.065,-0.488
0.624,-1.021,0.733,2.053,-0.132,0.132,0.068,-0.068,3327.711,-2994.940,3197.672,-2877.905,0.000,-0.068,-0.511,0.000,0.065,-0.488
0.625,-0.989,0.733,2.055,-0.132,0.132,0.068,-0.068,3333.041,-2999.737,3197.672,-2877.905,0.000,-0.068,-0.513,0.000,0.065,-0.488
0.626,-0.957,0.733,2.058,-0.132,0.132,0.068,-0.068,3338.370,-3004.533,3197.672,-2877.905,0.000,-0.069,-0.515,0.000,0.065,-0.488
0.627,-0.925,0.733,2.060,-0.132,0.132,0.068,-0.068,3343.700,-3009.330,3197.672,-2877.905,0.000,-0.069,-0.518,0.000,0.065,-0.488
0.628,-0.893,0.733,2.061,-0.132,0.132,0.068,-0.068,3349.029,-3014.126,3197.672,-2877.905,0.000,-0.069,-0.520,0.000,0.065,-0.488
0.629,-0.861,0.734,2.063,-0.132,0.132,0.068,-0.068,3354.358,-3018.923,3197.672,-2877.905,0.000,-0.069,-0.522,0.000,0.065,-0.488
0.630,-0.829,0.734,2.065,-0.132,0.132,0.068,-0.068,3359.688,-3023.719,3197.672,-2877.905,0.000,-0.070,-0.524,0.000,0.065,-0.488
0.631,-0.797,0.735,2.066,-0.132,0.132,0.068,-0.068,3365.017,-3028.516,3197.672,-2877.905,0.000,-0.070,-0.527,0.000,0.065,-0.488
0.632,-0.764,0.736,2.067,-0.132,0.132,0.068,-0.068,3370.347,-3033.312,3197.672,-2877.905,0.000,-0.070,-0.529,0.000,0.065,-0.488
0.633,-0.732,0.737,2.068,-0.132,0.132,0.068,-0.068,3375.676,-3038.109,3197.672,-2877.905,0.000,-0.070,-0.531,0.000,0.065,-0.488
0.634,-0.700,0.738,2.069,-0.132,0.132,0.068,-0.068,3381.006,-3042.905,3197.672,-2877.905,0.000,-0.071,-0.534,0.000,0.065,-0.488
0.635,-0.668,0.740,2.070,-0.132,0.132,0.068,-0.068,3386.335,-3047.702,3197.672,-2877.905,0.000,-0.071,-0.536,0.000,0.065,-0.488
0.636,-0.635,0.741,2.071,-0.131,0.131,0.068,-0.068,3391.665,-3052.498,3197.672,-2877.905,0.000,-0.071,-0.538,0.000,0.065,-0.488
0.637,-0.603,0.743,2.071,-0.131,0.131,0.068,-0.068,3396.994,-3057.295,3197.672,-2877.905,0.000,-0.071,-0.540,0.000,0.064,-0.488
0.638,-0.571,0.745,2.071,-0.131,0.131,0.068,-0.068,3402.324,-3062.091,3197.672,-2877.905,0.000,-0.072,-0.543,0.000,0.064,-0.488
0.639,-0.539,0.747,2.071,-0.131,0.131,0.068,-0.068,3407.653,-3066.888,3197.672,-2877.905,0.000,-0.072,-0.545,0.000,0.064,-0.488
0.640,-0.506,0.749,2.071,-0.131,0.131,0.068,-0.068,3412.982,-3071.684,3197.672,-2877.905,0.000,-0.072,-0.547,0.000,0.064,-0.488
0.641,-0.474,0.752,2.071,-0.131,0.131,0.068,-0.068,3418.312,-3076.481,3197.672,-2877.905,0.000,-0.072,-0.549,0.000,0.064,-0.488
0.642,-0.442,0.755,2.071,-0.131,0.131,0.068,-0.068,3423.641,-3081.277,3197.672,-2877.905,0.000,-0.073,-0.552,0.000,0.064,-0.488
0.643,-0.410,0.757,2.070,-0.131,0.131,0.068,-0.068,3428.971,-3086.074,3197.672,-2877.905,0.000,-0.073,-0.554,0.000,0.064,-0.488
0.644,-0.377,0.760,2.069,-0.131,0.131,0.068,-0.068,3434.300,-3090.870,3197.672,-2877.905,0.000,-0.073,-0.556,0.000,0.064,-0.488
0.645,-0.345,0.764,2.068,-0.131,0.131,0.068,-0.068,3439.630,-3095.667,3197.672,-2877.905,0.000,-0.073,-0.558,0.000,0.064,-0.488
0.646,-0.313,0.767,2.067,-0.131,0.131,0.068,-0.068,3444.959,-3100.463,3197.672,-2877.905,0.000,-0.074,-0.561,0.000,0.064,-0.488
0.647,-0.281,0.771,2.066,-0.131,0.131,0.068,-0.068,3450.289,-3105.260,3197.672,-2877.905,0.000,-0.074,-0.563,0.000,0.064,-0.488
0.648,-0.249,0.774,2.065,-0.131,0.131,0.068,-0.068,3455.618,-3110.056,3197.672,-2877.905,0.000,-0.074,-0.565,0.000,0.064,-0.488
0.649,-0.217,0.778,2.063,-0.131,0.131,0.068,-0.068,3460.947,-3114.853,3197.672,-2877.905,0.000,-0.075,-0.568,0.000,0.064,-0.488
0.650,-0.185,0.782,2.061,-0.130,0.130,0.068,-0.068,3466.277,-3119.649,3197.672,-2877.905,0.000,-0.075,-0.570,0.000,0.064,-0.488
0.651,-0.153,0.786,2.060,-0.130,0.130,0.068,-0.068,3471.606,-3124.446,3197.672,-2877.905,0.000,-0.075,-0.572,0.000,0.064,-0.488
0.652,-0.121,0.791,2.057,-0.130,0.130,0.068,-0.068,3476.936,-3129.242,3197.672,-2877.905,0.000,-0.075,-0.574,0.000,0.064,-0.488
0.653,-0.089,0.795,2.055,-0.130,0.130,0.068,-0.068,3482.265,-3134.039,3197.672,-2877.905,0.000,-0.076,-0.577,0.000,0.064,-0.488
0.654,-0.058,0.800,2.053,-0.130,0.130,0.068,-0.068,3487.595,-3138.835,3197.672,-2877.905,0.000,-0.076,-0.579,0.000,0.064,-0.488
0.655,-0.026,0.805,2.050,-0.130,0.130,0.068,-0.068,3492.924,-3143.632,3197.672,-2877.905,0.000,-0.076,-0.581,0.000,0.064,-0.488
0.656,0.005,0.810,2.048,-0.130,0.130,0.068,-0.068,3498.254,-3148.428,3197.672,-2877.905,0.000,-0.076,-0.583,0.000,0.064,-0.488
0.657,0.037,0.816,2.045,-0.130,0.130,0.068,-0.068,3503.583,-3153.225,3197.672,-2877.905,0.000,-0.077,-0.586,0.000,0.064,-0.488
0.658,0.068,0.821,2.042,-0.130,0.130,0.068,-0.068,3508.913,-3158.021,3197.672,-2877.905,0.000,-0.077,-0.588,0.000,0.064,-0.488
0.659,0.100,0.827,2.038,-0.130,0.130,0.068,-0.068,3514.242,-3162.818,3197.672,-2877.905,0.000,-0.077,-0.590,0.000,0.064,-0.488
0.660,0.131,0.832,2.035,-0.130,0.130,0.068,-0.068,3519.571,-3167.614,3197.672,-2877.905,0.000,-0.077,-0.592,0.000,0.064,-0.488
0.661,0.162,0.838,2.032,-0.130,0.130,0.068,-0.068,3524.901,-3172.411,3197.672,-2877.905,0.000,-0.078,-0.595,0.000,0.064,-0.488
0.662,0.193,0.845,2.028,-0.130,0.130,0.068,-0.068,3530.230,-3177.207,3197.672,-2877.905,0.000,-0.078,-0.597,0.000,0.064,-0.488
0.663,0.224,0.851,2.024,-0.130,0.130,0.068,-0.068,3535.560,-3182.004,3197.672,-2877.905,0.000,-0.078,-0.599,0.000,0.064,-0.488
0.664,0.255,0.857,2.020,-0.129,0.129,0.068,-0.068,3540.889,-3186.800,3197.672,-2877.905,0.000,-0.078,-0.602,0.000,0.064,-0.488
0.665,0.285,0.864,2.016,-0.129,0.129,0.068,-0.068,3546.219,-3191.597,3197.672,-2877.905,0.000,-0.079,-0.604,0.000,0.064,-0.488
0.666,0.316,0.871,2.011,-0.129,0.129,0.068,-0.068,3551.548,-3196.393,3197.672,-2877.905,0.000,-0.079,-0.606,0.000,0.063,-0.488
0.667,0.346,0.878,2.007,-0.129,0.129,0.068,-0.068,3556.878,-3201.190,3197.672,-2877.905,0.000,-0.079,-0.608,0.000,0.063,-0.488
0.668,0.376,0.885,2.002,-0.129,0.129,0.068,-0.068,3562.207,-3205.986,3197.672,-2877.905,0.000,-0.079,-0.611,0.000,0.063,-0.488
0.669,0.407,0.892,1.997,-0.129,0.129,0.068,-0.068,3567.537,-3210.783,3197.672,-2877.905,0.000,-0.080,-0.613,0.000,0.063,-0.488
0.670,0.437,0.900,1.992,-0.129,0.129,0.068,-0.068,3572.866,-3215.579,3197.672,-2877.905,0.000,-0.080,-0.615,0.000,0.063,-0.488
0.671,0.466,0.908,1.987,-0.129,0.129,0.068,-0.068,3578.195,-3220.376,3197.672,-2877.905,0.000,-0.080,-0.617,0.000,0.063,-0.488
0.672,0.496,0.916,1.981,-0.129,0.129,0.068,-0.068,3583.525,-3225.172,3197.672,-2877.905,0.000,-0.080,-0.620,0.000,0.063,-0.488
0.673,0.526,0.924,1.976,-0.129,0.129,0.068,-0.068,3588.854,-3229.969,3197.672,-2877.905,0.000,-0.081,-0.622,0.000,0.063,-0.488
0.674,0.555,0.932,1.970,-0.129,0.129,0.068,-0.068,3594.184,-3234.765,3197.672,-2877.905,0.000,-0.081,-0.624,0.000,0.063,-0.488
0.675,0.584,0.940,1.964,-0.129,0.129,0.068,-0.068,3599.513,-3239.562,3197.672,-2877.905,0.000,-0.081,-0.626,0.000,0.063,-0.488
0.676,0.613,0.949,1.958,-0.129,0.129,0.068,-0.068,3604.843,-3244.358,3197.672,-2877.905,0.000,-0.081,-0.629,0.000,0.063,-0.488
0.677,0.642,0.957,1.952,-0.129,0.129,0.068,-0.068,3610.172,-3249.155,3197.672,-2877.905,0.000,-0.082,-0.631,0.000,0.063,-0.488
0.678,0.671,0.966,1.945,-0.129,0.129,0.068,-0.068,3615.502,-3253.952,3197.672,-2877.905,0.000,-0.082,-0.633,0.000,0.063,-0.488
0.679,0.699,0.975,1.939,-0.128,0.128,0.068,-0.068,3620.831,-3258.748,3197.672,-2877.905,0.000,-0.082,-0.636,0.000,0.063,-0.488
0.680,0.728,0.984,1.932,-0.128,0.128,0.068,-0.068,3626.161,-3263.545,3197.672,-2877.905,0.000,-0.082,-0.638,0.000,0.063,-0.488
0.681,0.756,0.994,1.925,-0.128,0.128,0.068,-0.068,3631.490,-3268.341,3197.672,-2877.905,0.000,-0.083,-0.640,0.000,0.063,-0.488
0.682,0.784,1.003,1.918,-0.128,0.128,0.068,-0.068,3636.819,-3273.138,3197.672,-2877.905,0.000,-0.083,-0.642,0.000,0.063,-0.488
0.683,0.812,1.013,1.911,-0.128,0.128,0.068,-0.068,3642.149,-3277.934,3197.672,-2877.905,0.000,-0.083,-0.645,0.000,0.063,-0.490
0.684,0.839,1.022,1.904,-0.128,0.128,0.068,-0.068,3647.478,-3282.731,3197.672,-2877.905,0.000,-0.083,-0.647,0.000,0.063,-0.492
0.685,0.866,1.032,1.896,-0.128,0.128,0.068,-0.068,3652.808,-3287.527,3197.672,-2877.905,0.000,-0.084,-0.649,0.000,0.064,-0.494
0.686,0.894,1.042,1.888,-0.128,0.128,0.068,-0.068,3658.137,-3292.324,3197.672,-2877.905,0.000,-0.084,-0.651,0.000,0.064,-0.496
0.687,0.921,1.052,1.880,-0.128,0.128,0.068,-0.068,3663.467,-3297.120,3197.672,-2877.905,0.000,-0.084,-0.654,0.000,0.064,-0.498
0.688,0.947,1.062,1.872,-0.128,0.128,0.068,-0.068,3668.796,-3301.917,3197.672,-2877.905,0.000,-0.084,-0.656,0.000,0.064,-0.500
0.689,0.974,1.072,1.864,-0.128,0.128,0.068,-0.068,3674.126,-3306.713,3197.672,-2877.905,0.000,-0.085,-0.658,0.000,0.065,-0.502
0.690,1.000,1.082,1.855,-0.128,0.128,0.068,-0.068,3679.455,-3311.510,3197.672,-2877.905,0.000,-0.085,-0.661,0.000,0.065,-0.504
0.691,1.026,1.092,1.847,-0.128,0.128,0.068,-0.068,3684.785,-3316.306,3197.672,-2877.905,0.000,-0.085,-0.663,0.000,0.065,-0.506
0.692,1.052,1.103,1.838,-0.128,0.128,0.068,-0.068,3690.114,-3321.103,3197.672,-2877.905,0.000,-0.085,-0.665,0.000,0.065,-0.508
0.693,1.078,1.113,1.829,-0.127,0.127,0.068,-0.068,3695.443,-3325.899,3197.672,-2877.905,0.000,-0.086,-0.667,0.000,0.065,-0.510
0.694,1.104,1.123,1.820,-0.127,0.127,0.068,-0.068,3700.773,-3330.696,3197.672,-2877.905,0.000,-0.086,-0.670,0.000,0.066,-0.512
0.695,1.129,1.134,1.810,-0.127,0.127,0.068,-0.068,3706.102,-3335.492,3197.672,-2877.905,0.000,-0.086,-0.672,0.000,0.066,-0.515
0.696,1.154,1.145,1.801,-0.127,0.127,0.068,-0.068,3711.432,-3340.289,3197.672,-2877.905,0.000,-0.086,-0.674,0.000,0.066,-0.517
0.697,1.179,1.155,1.791,-0.127,0.127,0.068,-0.068,3716.761,-3345.085,3197.672,-2877.905,0.000,-0.086,-0.676,0.000,0.066,-0.519
0.698,1.203,1.166,1.781,-0.127,0.127,0.068,-0.068,3722.091,-3349.882,3197.672,-2877.905,0.000,-0.087,-0.679,0.000,0.067,-0.521
0.699,1.227,1.177,1.771,-0.127,0.127,0.068,-0.068,3727.420,-3354.678,3197.672,-2877.905,0.000,-0.087,-0.681,0.000,0.067,-0.523
0.700,1.251,1.188,1.761,-0.127,0.127,0.068,-0.068,3732.750,-3359.475,3197.672,-2877.905,0.000,-0.087,-0.683,0.000,0.067,-0.525
0.701,1.275,1.198,1.751,-0.127,0.127,0.068,-0.068,3738.079,-3364.271,3197.672,-2877.905,0.000,-0.087,-0.685,0.000,0.067,-0.527
0.702,1.298,1.209,1.740,-0.127,0.127,0.068,-0.068,3743.409,-3369.068,3197.672,-2877.905,0.000,-0.088,-0.688,0.000,0.067,-0.529
0.703,1.322,1.220,1.729,-0.127,0.127,0.068,-0.068,3748.738,-3373.864,3197.672,-2877.905,0.000,-0.088,-0.690,0.000,0.068,-0.531
0.704,1.345,1.232,1.719,-0.127,0.127,0.068,-0.068,3754.067,-3378.661,3197.672,-2877.905,0.000,-0.088,-0.692,0.000,0.068,-0.533
0.705,1.367,1.243,1.708,-0.127,0.127,0.068,-0.068,3759.397,-3383.457,3197.672,-2877.905,0.000,-0.088,-0.695,0.000,0.068,-0.535
0.706,1.390,1.254,1.696,-0.127,0.127,0.068,-0.068,3764.726,-3388.254,3197.672,-2877.905,0.000,-0.089,-0.697,0.000,0.068,-0.537
0.707,1.412,1.265,1.685,-0.126,0.126,0.068,-0.068,3770.056,-3393.050,3197.672,-2877.905,0.000,-0.089,-0.699,0.000,0.069,-0.539
0.708,1.433,1.277,1.673,-0.126,0.126,0.068,-0.068,3775.385,-3397.847,3197.672,-2877.905,0.000,-0.089,-0.701,0.000,0.069,-0.541
0.709,1.455,1.288,1.662,-0.126,0.126,0.068,-0.068,3780.715,-3402.643,3197.672,-2877.905,0.000,-0.089,-0.704,0.000,0.069,-0.543
0.710,1.476,1.299,1.650,-0.126,0.126,0.068,-0.068,3786.044,-3407.440,3197.672,-2877.905,0.000,-0.090,-0.706,0.000,0.069,-0.545
0.711,1.497,1.311,1.638,-0.126,0.126,0.068,-0.068,3791.374,-3412.236,3197.672,-2877.905,0.000,-0.090,-0.708,0.000,0.069,-0.547
0.712,1.517,1.323,1.626,-0.126,0.126,0.068,-0.068,3796.703,-3417.033,3197.672,-2877.905,0.000,-0.090,-0.710,0.000,0.070,-0.549
0.713,1.538,1.334,1.613,-0.126,0.126,0.068,-0.068,3802.033,-3421.829,3197.672,-2877.905,0.000,-0.090,-0.713,0.000,0.070,-0.551
0.714,1.557,1.346,1.601,-0.126,0.126,0.068,-0.068,3807.362,-3426.626,3197.672,-2877.905,0.000,-0.091,-0.715,0.000,0.070,-0.553
0.715,1.577,1.358,1.588,-0.126,0.126,0.068,-0.068,3812.691,-3431.422,3197.672,-2877.905,0.000,-0.091,-0.717,0.000,0.070,-0.555
0.716,1.596,1.369,1.575,-0.126,0.126,0.068,-0.068,3818.021,-3436.219,3197.672,-2877.905,0.000,-0.091,-0.719,0.000,0.071,-0.557
0.717,1.615,1.381,1.563,-0.126,0.126,0.068,-0.068,3823.350,-3441.015,3197.672,-2877.905,0.000,-0.091,-0.722,0.000,0.071,-0.559
0.718,1.634,1.393,1.549,-0.126,0.126,0.068,-0.068,3828.680,-3445.812,3197.672,-2877.905,0.000,-0.091,-0.724,0.000,0.071,-0.561
0.719,1.652,1.405,1.536,-0.126,0.126,0.068,-0.068,3834.009,-3450.608,3197.672,-2877.905,0.000,-0.092,-0.726,0.000,0.071,-0.564
0.720,1.670,1.417,1.523,-0.126,0.126,0.068,-0.068,3839.339,-3455.405,3197.672,-2877.905,0.000,-0.092,-0.729,0.000,0.071,-0.566
0.721,1.687,1.429,1.509,-0.125,0.125,0.068,-0.068,3844.668,-3460.201,3197.672,-2877.905,0.000,-0.092,-0.731,0.000,0.072,-0.568
0.722,1.705,1.441,1.496,-0.125,0.125,0.068,-0.068,3849.998,-3464.998,3197.672,-2877.905,0.000,-0.092,-0.733,0.000,0.072,-0.570
0.723,1.721,1.453,1.482,-0.125,0.125,0.068,-0.068,3855.327,-3469.794,3197.672,-2877.905,0.000,-0.093,-0.735,0.000,0.072,-0.572
0.724,1.738,1.465,1.468,-0.125,0.125,0.068,-0.068,3860.657,-3474.591,3197.672,-2877.905,0.000,-0.093,-0.738,0.000,0.072,-0.574
0.725,1.754,1.477,1.454,-0.125,0.125,0.068,-0.068,3865.986,-3479.387,3197.672,-2877.905,0.000,-0.093,-0.740,0.000,0.072,-0.576
0.726,1.770,1.489,1.439,-0.125,0.125,0.068,-0.068,3871.315,-3484.184,3197.672,-2877.905,0.000,-0.093,-0.742,0.000,0.073,-0.578
0.727,1.785,1.501,1.425,-0.125,0.125,0.068,-0.068,3876.645,-3488.980,3197.672,-2877.905,0.000,-0.094,-0.744,0.000,0.073,-0.580
0.728,1.800,1.514,1.411,-0.125,0.125,0.068,-0.068,3881.974,-3493.777,3197.672,-2877.905,0.000,-0.094,-0.747,0.000,0.073,-0.582
0.729,1.815,1.526,1.396,-0.125,0.125,0.068,-0.068,3887.304,-3498.573,3197.672,-2877.905,0.000,-0.094,-0.749,0.000,0.073,-0.584
0.730,1.829,1.538,1.381,-0.125,0.125,0.068,-0.068,3892.633,-3503.370,3197.672,-2877.905,0.000,-0.094,-0.751,0.000,0.074,-0.586
0.731,1.843,1.550,1.366,-0.125,0.125,0.068,-0.068,3897.963,-3508.166,3197.672,-2877.905,0.000,-0.095,-0.754,0.000,0.074,-0.588
0.732,1.856,1.563,1.351,-0.125,0.125,0.068,-0.068,3903.292,-3512.963,3197.672,-2877.905,0.000,-0.095,-0.756,0.000,0.074,-0.590
0.733,1.869,1.575,1.336,-0.125,0.125,0.068,-0.068,3908.622,-3517.759,3197.672,-2877.905,0.000,-0.095,-0.758,0.000,0.074,-0.592
0.734,1.882,1.588,1.321,-0.125,0.125,0.068,-0.068,3913.951,-3522.556,3197.672,-2877.905,0.000,-0.095,-0.760,0.000,0.074,-0.594
0.735,1.894,1.600,1.305,-0.125,0.125,0.068,-0.068,3919.281,-3527.352,3197.672,-2877.905,0.000,-0.095,-0.763,0.000,0.075,-0.596
0.736,1.906,1.612,1.290,-0.124,0.124,0.068,-0.068,3924.610,-3532.149,3197.672,-2877.905,0.000,-0.096,-0.765,0.000,0.075,-0.598
0.737,1.917,1.625,1.274,-0.124,0.124,0.068,-0.068,3929.939,-3536.946,3197.672,-2877.905,0.000,-0.096,-0.767,0.000,0.075,-0.600
0.738,1.928,1.637,1.258,-0.124,0.124,0.068,-0.068,3935.269,-3541.742,3197.672,-2877.905,0.000,-0.096,-0.769,0.000,0.075,-0.602
0.739,1.938,1.650,1.243,-0.124,0.124,0.068,-0.068,3940.598,-3546.539,3197.672,-2877.905,0.000,-0.096,-0.772,0.000,0.075,-0.604
0.740,1.948,1.662,1.227,-0.124,0.124,0.068,-0.068,3945.928,-3551.335,3197.672,-2877.905,0.000,-0.097,-0.774,0.000,0.076,-0.606
0.741,1.958,1.675,1.210,-0.124,0.124,0.068,-0.068,3951.257,-3556.132,3197.672,-2877.905,0.000,-0.097,-0.776,0.000,0.076,-0.608
0.742,1.967,1.687,1.194,-0.124,0.124,0.068,-0.068,3956.587,-3560.928,3197.672,-2877.905,0.000,-0.097,-0.778,0.000,0.076,-0.610
0.743,1.976,1.700,1.178,-0.124,0.124,0.068,-0.068,3961.916,-3565.725,3197.672,-2877.905,0.000,-0.097,-0.781,0.000,0.076,-0.613
0.744,1.984,1.712,1.162,-0.124,0.124,0.068,-0.068,3967.246,-3570.521,3197.672,-2877.905,0.000,-0.098,-0.783,0.000,0.077,-0.615
0.745,1.992,1.725,1.145,-0.124,0.124,0.068,-0.068,3972.575,-3575.318,3197.672,-2877.905,0.000,-0.098,-0.785,0.000,0.077,-0.617
0.746,2.000,1.737,1.128,-0.124,0.124,0.068,-0.068,3977.905,-3580.114,3197.672,-2877.905,0.000,-0.098,-0.788,0.000,0.077,-0.619
0.747,2.007,1.750,1.112,-0.124,0.124,0.068,-0.068,3983.234,-3584.911,3197.672,-2877.905,0.000,-0.098,-0.790,0.000,0.077,-0.621
0.748,2.013,1.762,1.095,-0.124,0.124,0.068,-0.068,3988.563,-3589.707,3197.672,-2877.905,0.000,-0.098,-0.792,0.000,0.077,-0.623
0.749,2.020,1.775,1.078,-0.124,0.124,0.068,-0.068,3993.893,-3594.504,3197.672,-2877.905,0.000,-0.099,-0.794,0.000,0.078,-0.625
0.750,2.025,1.788,1.061,-0.123,0.123,0.068,-0.068,3999.222,-3599.300,3197.672,-2877.905,0.000,-0.099,-0.797,0.000,0.078,-0.627
0.751,2.030,1.800,1.044,-0.123,0.123,0.068,-0.068,4004.552,-3604.097,3197.672,-2877.905,0.000,-0.099,-0.799,0.000,0.078,-0.629
0.752,2.035,1.813,1.027,-0.123,0.123,0.068,-0.068,4009.881,-3608.893,3197.672,-2877.905,0.000,-0.099,-0.801,0.000,0.078,-0.631
0.753,2.039,1.825,1.010,-0.123,0.123,0.068,-0.068,4015.211,-3613.690,3197.672,-2877.905,0.000,-0.100,-0.803,0.000,0.078,-0.633
0.754,2.043,1.838,0.993,-0.123,0.123,0.068,-0.068,4020.540,-3618.486,3197.672,-2877.905,0.000,-0.100,-0.806,0.000,0.079,-0.635
0.755,2.047,1.850,0.975,-0.123,0.123,0.068,-0.068,4025.870,-3623.283,3197.672,-2877.905,0.000,-0.100,-0.808,0.000,0.079,-0.637
0.756,2.049,1.863,0.958,-0.123,0.123,0.068,-0.068,4031.199,-3628.079,3197.672,-2877.905,0.000,-0.100,-0.810,0.000,0.079,-0.639
0.757,2.052,1.875,0.940,-0.123,0.123,0.068,-0.068,4036.529,-3632.876,3197.672,-2877.905,0.000,-0.100,-0.813,0.000,0.079,-0.641
0.758,2.054,1.888,0.923,-0.123,0.123,0.068,-0.068,4041.858,-3637.672,3197.672,-2877.905,0.000,-0.101,-0.815,0.000,0.079,-0.643
0.759,2.055,1.900,0.905,-0.123,0.123,0.068,-0.068,4047.187,-3642.469,3197.672,-2877.905,0.000,-0.101,-0.817,0.000,0.080,-0.645
0.760,2.056,1.913,0.888,-0.123,0.123,0.068,-0.068,4052.517,-3647.265,3197.672,-2877.905,0.000,-0.101,-0.819,0.000,0.080,-0.647
0.761,2.057,1.925,0.870,-0.123,0.123,0.068,-0.068,4057.846,-3652.062,3197.672,-2877.905,0.000,-0.101,-0.822,0.000,0.080,-0.649
0.762,2.057,1.938,0.852,-0.123,0.123,0.068,-0.068,4063.176,-3656.858,3197.672,-2877.905,0.000,-0.102,-0.824,0.000,0.080,-0.651
0.763,2.056,1.950,0.834,-0.123,0.123,0.068,-0.068,4068.505,-3661.655,3197.672,-2877.905,0.000,-0.102,-0.826,0.000,0.080,-0.653
0.764,2.055,1.963,0.817,-0.122,0.122,0.068,-0.068,4073.835,-3666.451,3197.672,-2877.905,0.000,-0.102,-0.828,0.000,0.081,-0.655
0.765,2.054,1.975,0.799,-0.122,0.122,0.068,-0.068,4079.164,-3671.248,3197.672,-2877.905,0.000,-0.102,-0.831,0.000,0.081,-0.657
0.766,2.052,1.988,0.781,-0.122,0.122,0.068,-0.068,4084.494,-3676.044,3197.672,-2877.905,0.000,-0.102,-0.833,0.000,0.081,-0.659
0.767,2.049,2.000,0.763,-0.122,0.122,0.068,-0.068,4089.823,-3680.841,3197.672,-2877.905,0.000,-0.103,-0.835,0.000,0.081,-0.662
0.768,2.046,2.012,0.745,-0.122,0.122,0.068,-0.068,4095.153,-3685.637,3197.672,-2877.905,0.000,-0.103,-0.838,0.000,0.082,-0.664
0.769,2.043,2.025,0.727,-0.122,0.122,0.068,-0.068,4100.482,-3690.434,3197.672,-2877.905,0.000,-0.103,-0.840,0.000,0.082,-0.666
0.770,2.039,2.037,0.709,-0.122,0.122,0.068,-0.068,4105.811,-3695.230,3197.672,-2877.905,0.000,-0.103,-0.842,0.000,0.082,-0.668
0.771,2.034,2.049,0.691,-0.122,0.122,0.068,-0.068,4111.141,-3700.027,3197.672,-2877.905,0.000,-0.104,-0.844,0.000,0.082,-0.670
0.772,2.029,2.061,0.673,-0.122,0.122,0.068,-0.068,4116.470,-3704.823,3197.672,-2877.905,0.000,-0.104,-0.847,0.000,0.082,-0.672
0.773,2.023,2.074,0.655,-0.122,0.122,0.068,-0.068,4121.800,-3709.620,3197.672,-2877.905,0.000,-0.104,-0.849,0.000,0.083,-0.674
0.774,2.017,2.086,0.637,-0.122,0.122,0.068,-0.068,4127.129,-3714.416,3197.672,-2877.905,0.000,-0.104,-0.851,0.000,0.083,-0.676
0.775,2.011,2.098,0.619,-0.122,0.122,0.068,-0.068,4132.459,-3719.213,3197.672,-2877.905,0.000,-0.104,-0.853,0.000,0.083,-0.678
0.776,2.004,2.110,0.601,-0.122,0.122,0.068,-0.068,4137.788,-3724.009,3197.672,-2877.905,0.000,-0.105,-0.856,0.000,0.083,-0.680
0.777,1.996,2.122,0.583,-0.122,0.122,0.068,-0.068,4143.118,-3728.806,3197.672,-2877.905,0.000,-0.105,-0.858,0.000,0.083,-0.682
0.778,1.988,2.134,0.564,-0.122,0.122,0.068,-0.068,4148.447,-3733.602,3197.672,-2877.905,0.000,-0.105,-0.860,0.000,0.084,-0.684
0.779,1.980,2.146,0.546,-0.121,0.121,0.068,-0.068,4153.777,-3738.399,3197.672,-2877.905,0.000,-0.105,-0.862,0.000,0.084,-0.686
0.780,1.971,2.158,0.528,-0.121,0.121,0.068,-0.068,4159.106,-3743.195,3197.672,-2877.905,0.000,-0.105,-0.865,0.000,0.084,-0.688
0.781,1.961,2.170,0.510,-0.121,0.121,0.068,-0.068,4164.435,-3747.992,3197.672,-2877.905,0.000,-0.106,-0.867,0.000,0.084,-0.690
0.782,1.951,2.182,0.492,-0.121,0.121,0.068,-0.068,4169.765,-3752.788,3197.672,-2877.905,0.000,-0.106,-0.869,0.000,0.084,-0.692
0.783,1.940,2.194,0.474,-0.121,0.121,0.068,-0.068,4175.094,-3757.585,3197.672,-2877.905,0.000,-0.106,-0.872,0.000,0.085,-0.694
0.784,1.929,2.206,0.456,-0.121,0.121,0.068,-0.068,4180.424,-3762.381,3197.672,-2877.905,0.000,-0.106,-0.874,0.000,0.085,-0.696
0.785,1.918,2.218,0.439,-0.121,0.121,0.068,-0.068,4185.753,-3767.178,3197.672,-2877.905,0.000,-0.107,-0.876,0.000,0.085,-0.698
0.786,1.905,2.230,0.421,-0.121,0.121,0.068,-0.068,4191.083,-3771.974,3197.672,-2877.905,0.000,-0.107,-0.878,0.000,0.085,-0.700
0.787,1.893,2.241,0.403,-0.121,0.121,0.068,-0.068,4196.412,-3776.771,3197.672,-2877.905,0.000,-0.107,-0.881,0.000,0.085,-0.702
0.788,1.880,2.253,0.385,-0.121,0.121,0.068,-0.068,4201.742,-3781.567,3197.672,-2877.905,0.000,-0.107,-0.883,0.000,0.086,-0.704
0.789,1.866,2.265,0.367,-0.121,0.121,0.068,-0.068,4207.071,-3786.364,3197.672,-2877.905,0.000,-0.107,-0.885,0.000,0.086,-0.706
0.790,1.852,2.276,0.350,-0.121,0.121,0.068,-0.068,4212.401,-3791.160,3197.672,-2877.905,0.000,-0.108,-0.887,0.000,0.086,-0.709
0.791,1.837,2.288,0.332,-0.121,0.121,0.068,-0.068,4217.730,-3795.957,3197.672,-2877.905,0.000,-0.108,-0.890,0.000,0.086,-0.711
0.792,1.822,2.300,0.314,-0.121,0.121,0.068,-0.068,4223.059,-3800.753,3197.672,-2877.905,0.000,-0.108,-0.892,0.000,0.086,-0.713
0.793,1.806,2.311,0.297,-0.120,0.120,0.068,-0.068,4228.389,-3805.550,3197.672,-2877.905,0.000,-0.108,-0.894,0.000,0.087,-0.715
0.794,1.790,2.322,0.279,-0.120,0.120,0.068,-0.068,4233.718,-3810.347,3197.672,-2877.905,0.000,-0.108,-0.897,0.000,0.087,-0.717
0.795,1.773,2.334,0.262,-0.120,0.120,0.068,-0.068,4239.048,-3815.143,3197.672,-2877.905,0.000,-0.109,-0.899,0.000,0.087,-0.719
0.796,1.756,2.345,0.245,-0.120,0.120,0.068,-0.068,4244.377,-3819.940,3197.672,-2877.905,0.000,-0.109,-0.901,0.000,0.087,-0.721
0.797,1.738,2.356,0.228,-0.120,0.120,0.068,-0.068,4249.707,-3824.736,3197.672,-2877.905,0.000,-0.109,-0.903,0.000,0.087,-0.723
0.798,1.720,2.368,0.211,-0.120,0.120,0.068,-0.068,4255.036,-3829.533,3197.672,-2877.905,0.000,-0.109,-0.906,0.000,0.087,-0.725
0.799,1.701,2.379,0.194,-0.120,0.120,0.068,-0.068,4260.366,-3834.329,3197.672,-2877.905,0.000,-0.110,-0.908,0.000,0.088,-0.727
0.800,1.682,2.390,0.177,-0.120,0.120,0.068,-0.068,4265.695,-3839.126,3197.672,-2877.905,0.000,-0.110,-0.910,0.000,0.088,-0.729
0.801,1.662,2.401,0.160,-0.120,0.120,0.068,-0.068,4271.025,-3843.922,3197.672,-2877.905,0.000,-0.110,-0.912,0.000,0.088,-0.731
0.802,1.642,2.412,0.143,-0.120,0.120,0.068,-0.068,4276.354,-3848.719,3197.672,-2877.905,0.000,-0.110,-0.915,0.000,0.088,-0.733
0.803,1.621,2.423,0.126,-0.120,0.120,0.068,-0.068,4281.683,-3853.515,3197.672,-2877.905,0.000,-0.110,-0.917,0.000,0.088,-0.735
0.804,1.600,2.434,0.110,-0.120,0.120,0.068,-0.068,4287.013,-3858.312,3197.672,-2877.905,0.000,-0.111,-0.919,0.000,0.089,-0.737
0.805,1.578,2.445,0.094,-0.120,0.120,0.068,-0.068,4292.342,-3863.108,3197.672,-2877.905,0.000,-0.111,-0.922,0.000,0.089,-0.739
0.806,1.556,2.456,0.077,-0.120,0.120,0.068,-0.068,4297.672,-3867.905,3197.672,-2877.905,0.000,-0.111,-0.924,0.000,0.089,-0.741
0.807,1.533,2.467,0.061,-0.119,0.119,0.068,-0.068,4303.001,-3872.701,3197.672,-2877.905,0.000,-0.111,-0.926,0.000,0.089,-0.743
0.808,1.510,2.478,0.045,-0.119,0.119,0.068,-0.068,4308.331,-3877.498,3197.672,-2877.905,0.000,-0.111,-0.928,0.000,0.089,-0.745
0.809,1.486,2.488,0.029,-0.119,0.119,0.068,-0.068,4313.660,-3882.294,3197.672,-2877.905,0.000,-0.112,-0.931,0.000,0.090,-0.747
0.810,1.462,2.499,0.013,-0.119,0.119,0.068,-0.068,4318.990,-3887.091,3197.672,-2877.905,0.000,-0.112,-0.933,0.000,0.090,-0.749
0.811,1.437,2.509,-0.002,-0.119,0.119,0.068,-0.068,4324.319,-3891.887,3197.672,-2877.905,0.000,-0.112,-0.935,0.000,0.090,-0.751
0.812,1.412,2.520,-0.018,-0.119,0.119,0.068,-0.068,4329.649,-3896.684,3197.672,-2877.905,0.000,-0.112,-0.937,0.000,0.090,-0.754
0.813,1.387,2.530,-0.033,-0.119,0.119,0.068,-0.068,4334.978,-3901.480,3197.672,-2877.905,0.000,-0.112,-0.940,0.000,0.090,-0.756
0.814,1.360,2.541,-0.048,-0.119,0.119,0.068,-0.068,4340.307,-3906.277,3197.672,-2877.905,0.000,-0.113,-0.942,0.000,0.091,-0.758
0.815,1.334,2.551,-0.063,-0.119,0.119,0.068,-0.068,4345.637,-3911.073,3197.672,-2877.905,0.000,-0.113,-0.944,0.000,0.091,-0.760
0.816,1.307,2.562,-0.078,-0.119,0.119,0.068,-0.068,4350.966,-3915.870,3197.672,-2877.905,0.000,-0.113,-0.947,0.000,0.091,-0.762
0.817,1.279,2.572,-0.093,-0.119,0.119,0.068,-0.068,4356.296,-3920.666,3197.672,-2877.905,0.000,-0.113,-0.949,0.000,0.091,-0.764
0.818,1.252,2.582,-0.107,-0.119,0.119,0.068,-0.068,4361.625,-3925.463,3197.672,-2877.905,0.000,-0.113,-0.951,0.000,0.091,-0.766
0.819,1.223,2.592,-0.122,-0.119,0.119,0.068,-0.068,4366.955,-3930.259,3197.672,-2877.905,0.000,-0.114,-0.953,0.000,0.092,-0.768
0.820,1.194,2.602,-0.136,-0.119,0.119,0.068,-0.068,4372.284,-3935.056,3197.672,-2877.905,0.000,-0.114,-0.956,0.000,0.092,-0.770
0.821,1.165,2.612,-0.150,-0.119,0.119,0.068,-0.068,4377.614,-3939.852,3197.672,-2877.905,0.000,-0.114,-0.958,0.000,0.092,-0.772
0.822,1.135,2.622,-0.163,-0.118,0.118,0.068,-0.068,4382.943,-3944.649,3197.672,-2877.905,0.000,-0.114,-0.960,0.000,0.092,-0.774
0.823,1.105,2.632,-0.177,-0.118,0.118,0.068,-0.068,4388.273,-3949.445,3197.672,-2877.905,0.000,-0.114,-0.962,0.000,0.092,-0.776
0.824,1.075,2.642,-0.190,-0.118,0.118,0.068,-0.068,4393.602,-3954.242,3197.672,-2877.905,0.000,-0.115,-0.965,0.000,0.092,-0.778
0.825,1.044,2.652,-0.204,-0.118,0.118,0.068,-0.068,4398.931,-3959.038,3197.672,-2877.905,0.000,-0.115,-0.967,0.000,0.093,-0.780
0.826,1.012,2.662,-0.217,-0.118,0.118,0.068,-0.068,4404.261,-3963.835,3197.672,-2877.905,0.000,-0.115,-0.969,0.000,0.093,-0.782
0.827,0.980,2.671,-0.230,-0.118,0.118,0.068,-0.068,4409.590,-3968.631,3197.672,-2877.905,0.000,-0.115,-0.972,0.000,0.093,-0.784
0.828,0.948,2.681,-0.242,-0.118,0.118,0.068,-0.068,4414.920,-3973.428,3197.672,-2877.905,0.000,-0.115,-0.974,0.000,0.093,-0.786
0.829,0.915,2.691,-0.255,-0.118,0.118,0.068,-0.068,4420.249,-3978.224,3197.672,-2877.905,0.000,-0.116,-0.976,0.000,0.093,-0.788
0.830,0.882,2.700,-0.267,-0.118,0.118,0.068,-0.068,4425.579,-3983.021,3197.672,-2877.905,0.000,-0.116,-0.978,0.000,0.094,-0.790
0.831,0.849,2.709,-0.279,-0.118,0.118,0.068,-0.068,4430.908,-3987.817,3197.672,-2877.905,0.000,-0.116,-0.981,0.000,0.094,-0.792
0.832,0.815,2.719,-0.290,-0.118,0.118,0.068,-0.068,4436.238,-3992.614,3197.672,-2877.905,0.000,-0.116,-0.983,0.000,0.094,-0.794
0.833,0.781,2.728,-0.302,-0.118,0.118,0.068,-0.068,4441.567,-3997.410,3197.672,-2877.905,0.000,-0.116,-0.985,0.000,0.094,-0.796
0.834,0.746,2.737,-0.313,-0.118,0.118,0.068,-0.068,4446.897,-4002.207,3197.672,-2877.905,0.000,-0.117,-0.987,0.000,0.094,-0.798
0.835,0.711,2.747,-0.324,-0.118,0.118,0.068,-0.068,4452.226,-4007.003,3197.672,-2877.905,0.000,-0.117,-0.990,0.000,0.095,-0.801
0.836,0.675,2.756,-0.335,-0.117,0.117,0.068,-0.068,4457.555,-4011.800,3197.672,-2877.905,0.000,-0.117,-0.992,0.000,0.095,-0.803
0.837,0.640,2.765,-0.345,-0.117,0.117,0.068,-0.068,4462.885,-4016.596,3197.672,-2877.905,0.000,-0.117,-0.994,0.000,0.095,-0.805
0.838,0.603,2.774,-0.356,-0.117,0.117,0.068,-0.068,4468.214,-4021.393,3197.672,-2877.905,0.000,-0.117,-0.997,0.000,0.095,-0.807
0.839,0.567,2.783,-0.366,-0.117,0.117,0.068,-0.068,4473.544,-4026.189,3197.672,-2877.905,0.000,-0.118,-0.999,0.000,0.095,-0.809
0.840,0.530,2.792,-0.376,-0.117,0.117,0.068,-0.068,4478.873,-4030.986,3197.672,-2877.905,0.000,-0.118,-1.001,0.000,0.095,-0.811
0.841,0.493,2.801,-0.385,-0.117,0.117,0.068,-0.068,4484.203,-4035.782,3197.672,-2877.905,0.000,-0.118,-1.003,0.000,0.096,-0.813
0.842,0.455,2.809,-0.394,-0.117,0.117,0.068,-0.068,4489.532,-4040.579,3197.672,-2877.905,0.000,-0.118,-1.006,0.000,0.096,-0.815
0.843,0.417,2.818,-0.403,-0.117,0.117,0.068,-0.068,4494.862,-4045.375,3197.672,-2877.905,0.000,-0.118,-1.008,0.000,0.096,-0.817
0.844,0.379,2.827,-0.412,-0.117,0.117,0.068,-0.068,4500.191,-4050.172,3197.672,-2877.905,0.000,-0.119,-1.010,0.000,0.096,-0.819
0.845,0.340,2.835,-0.421,-0.117,0.117,0.068,-0.068,4505.521,-4054.968,3197.672,-2877.905,0.000,-0.119,-1.012,0.000,0.096,-0.821
0.846,0.302,2.844,-0.429,-0.117,0.117,0.068,-0.068,4510.850,-4059.765,3197.672,-2877.905,0.000,-0.119,-1.015,0.000,0.097,-0.823
0.847,0.262,2.852,-0.437,-0.117,0.117,0.068,-0.068,4516.179,-4064.561,3197.672,-2877.905,0.000,-0.119,-1.017,0.000,0.097,-0.825
0.848,0.223,2.861,-0.444,-0.117,0.117,0.068,-0.068,4521.509,-4069.358,3197.672,-2877.905,0.000,-0.119,-1.019,0.000,0.097,-0.827
0.849,0.183,2.869,-0.452,-0.117,0.117,0.068,-0.068,4526.838,-4074.154,3197.672,-2877.905,0.000,-0.120,-1.022,0.000,0.097,-0.829
0.850,0.143,2.878,-0.459,-0.116,0.116,0.068,-0.068,4532.168,-4078.951,3197.672,-2877.905,0.000,-0.120,-1.024,0.000,0.097,-0.831
0.851,0.103,2.886,-0.466,-0.116,0.116,0.068,-0.068,4537.497,-4083.748,3197.672,-2877.905,0.000,-0.120,-1.026,0.000,0.097,-0.833
0.852,0.062,2.894,-0.472,-0.116,0.116,0.068,-0.068,4542.827,-4088.544,3197.672,-2877.905,0.000,-0.120,-1.028,0.000,0.098,-0.835
0.853,0.021,2.902,-0.478,-0.116,0.116,0.068,-0.068,4548.156,-4093.341,3197.672,-2877.905,0.000,-0.120,-1.031,0.000,0.098,-0.837
0.854,-0.020,2.910,-0.484,-0.116,0.116,0.068,-0.068,4553.486,-4098.137,3197.672,-2877.905,0.000,-0.121,-1.033,0.000,0.098,-0.839
0.855,-0.062,2.918,-0.490,-0.116,0.116,0.068,-0.068,4558.815,-4102.934,3197.672,-2877.905,0.000,-0.121,-1.035,0.000,0.098,-0.841
0.856,-0.103,2.926,-0.495,-0.116,0.116,0.068,-0.068,4564.144,-4107.730,3197.672,-2877.905,0.000,-0.121,-1.037,0.000,0.098,-0.843
0.857,-0.145,2.934,-0.500,-0.116,0.116,0.068,-0.068,4569.474,-4112.527,3197.672,-2877.905,0.000,-0.121,-1.040,0.000,0.099,-0.846
0.858,-0.187,2.942,-0.504,-0.116,0.116,0.068,-0.068,4574.803,-4117.323,3197.672,-2877.905,0.000,-0.121,-1.042,0.000,0.099,-0.848
0.859,-0.230,2.949,-0.509,-0.116,0.116,0.068,-0.068,4580.133,-4122.120,3197.672,-2877.905,0.000,-0.122,-1.044,0.000,0.099,-0.850
0.860,-0.272,2.957,-0.513,-0.116,0.116,0.068,-0.068,4585.462,-4126.916,3197.672,-2877.905,0.000,-0.122,-1.047,0.000,0.099,-0.852
0.861,-0.315,2.964,-0.517,-0.116,0.116,0.068,-0.068,4590.792,-4131.713,3197.672,-2877.905,0.000,-0.122,-1.049,0.000,0.099,-0.854
0.862,-0.358,2.972,-0.520,-0.116,0.116,0.068,-0.068,4596.121,-4136.509,3197.672,-2877.905,0.000,-0.122,-1.051,0.000,0.099,-0.856
0.863,-0.401,2.979,-0.523,-0.116,0.116,0.068,-0.068,4601.451,-4141.306,3197.672,-2877.905,0.000,-0.122,-1.053,0.000,0.100,-0.858
0.864,-0.445,2.987,-0.526,-0.116,0.116,0.068,-0.068,4606.780,-4146.102,3197.672,-2877.905,0.000,-0.122,-1.056,0.000,0.100,-0.860
0.865,-0.488,2.994,-0.528,-0.115,0.115,0.068,-0.068,4612.110,-4150.899,3197.672,-2877.905,0.000,-0.123,-1.058,0.000,0.100,-0.862
0.866,-0.532,3.001,-0.530,-0.115,0.115,0.068,-0.068,4617.439,-4155.695,3197.672,-2877.905,0.000,-0.123,-1.060,0.000,0.100,-0.864
0.867,-0.576,3.009,-0.532,-0.115,0.115,0.068,-0.068,4622.768,-4160.492,3197.672,-2877.905,0.000,-0.123,-1.062,0.000,0.100,-0.866
0.868,-0.620,3.016,-0.533,-0.115,0.115,0.068,-0.068,4628.098,-4165.288,3197.672,-2877.905,0.000,-0.123,-1.065,0.000,0.100,-0.868
0.869,-0.664,3.023,-0.534,-0.115,0.115,0.068,-0.068,4633.427,-4170.085,3197.672,-2877.905,0.000,-0.123,-1.067,0.000,0.101,-0.870
0.870,-0.709,3.030,-0.535,-0.115,0.115,0.068,-0.068,4638.757,-4174.881,3197.672,-2877.905,0.000,-0.124,-1.069,0.000,0.101,-0.872
0.871,-0.753,3.036,-0.536,-0.115,0.115,0.068,-0.068,4644.086,-4179.678,3197.672,-2877.905,0.000,-0.124,-1.072,0.000,0.101,-0.874
0.872,-0.798,3.043,-0.536,-0.115,0.115,0.068,-0.068,4649.416,-4184.474,3197.672,-2877.905,0.000,-0.124,-1.074,0.000,0.101,-0.876
0.873,-0.842,3.050,-0.535,-0.115,0.115,0.068,-0.068,4654.745,-4189.271,3197.672,-2877.905,0.000,-0.124,-1.076,0.000,0.101,-0.878
0.874,-0.887,3.057,-0.535,-0.115,0.115,0.068,-0.068,4660.075,-4194.067,3197.672,-2877.905,0.000,-0.124,-1.078,0.000,0.102,-0.880
0.875,-0.932,3.063,-0.534,-0.115,0.115,0.068,-0.068,4665.404,-4198.864,3197.672,-2877.905,0.000,-0.125,-1.081,0.000,0.102,-0.882
0.876,-0.977,3.070,-0.532,-0.115,0.115,0.068,-0.068,4670.734,-4203.660,3197.672,-2877.905,0.000,-0.125,-1.083,0.000,0.102,-0.884
0.877,-1.022,3.076,-0.531,-0.115,0.115,0.068,-0.068,4676.063,-4208.457,3197.672,-2877.905,0.000,-0.125,-1.085,0.000,0.102,-0.886
0.878,-1.067,3.083,-0.529,-0.115,0.115,0.068,-0.068,4681.392,-4213.253,3197.672,-2877.905,0.000,-0.125,-1.087,0.000,0.102,-0.888
0.879,-1.113,3.089,-0.526,-0.114,0.114,0.068,-0.068,4686.722,-4218.050,3197.672,-2877.905,0.000,-0.125,-1.090,0.000,0.102,-0.891
0.880,-1.158,3.095,-0.523,-0.114,0.114,0.068,-0.068,4692.051,-4222.846,3197.672,-2877.905,0.000,-0.125,-1.092,0.000,0.103,-0.893
0.881,-1.203,3.101,-0.520,-0.114,0.114,0.068,-0.068,4697.381,-4227.643,3197.672,-2877.905,0.000,-0.126,-1.094,0.000,0.103,-0.895
0.882,-1.248,3.107,-0.517,-0.114,0.114,0.068,-0.068,4702.710,-4232.439,3197.672,-2877.905,0.000,-0.126,-1.097,0.000,0.103,-0.897
0.883,-1.294,3.113,-0.513,-0.114,0.114,0.068,-0.068,4708.040,-4237.236,3197.672,-2877.905,0.000,-0.126,-1.099,0.000,0.103,-0.899
0.884,-1.339,3.119,-0.509,-0.114,0.114,0.068,-0.068,4713.369,-4242.032,3197.672,-2877.905,0.000,-0.126,-1.101,0.000,0.103,-0.901
0.885,-1.385,3.125,-0.504,-0.114,0.114,0.068,-0.068,4718.699,-4246.829,3197.672,-2877.905,0.000,-0.126,-1.103,0.000,0.103,-0.903
0.886,-1.430,3.131,-0.499,-0.114,0.114,0.068,-0.068,4724.028,-4251.625,3197.672,-2877.905,0.000,-0.127,-1.106,0.000,0.104,-0.905
0.887,-1.475,3.136,-0.494,-0.114,0.114,0.068,-0.068,4729.358,-4256.422,3197.672,-2877.905,0.000,-0.127,-1.108,0.000,0.104,-0.907
0.888,-1.521,3.142,-0.489,-0.114,0.114,0.068,-0.068,4734.687,-4261.218,3197.672,-2877.905,0.000,-0.127,-1.110,0.000,0.104,-0.909
0.889,-1.566,3.147,-0.483,-0.114,0.114,0.068,-0.068,4740.016,-4266.015,3197.672,-2877.905,0.000,-0.127,-1.113,0.000,0.104,-0.911
0.890,-1.611,3.153,-0.476,-0.114,0.114,0.068,-0.068,4745.346,-4270.811,3197.672,-2877.905,0.000,-0.127,-1.115,0.000,0.104,-0.913
0.891,-1.656,3.158,-0.470,-0.114,0.114,0.068,-0.068,4750.675,-4275.608,3197.672,-2877.905,0.000,-0.127,-1.117,0.000,0.104,-0.915
0.892,-1.701,3.163,-0.463,-0.114,0.114,0.068,-0.068,4756.005,-4280.404,3197.672,-2877.905,0.000,-0.128,-1.119,0.000,0.105,-0.917
0.893,-1.747,3.169,-0.455,-0.113,0.113,0.068,-0.068,4761.334,-4285.201,3197.672,-2877.905,0.000,-0.128,-1.122,0.000,0.105,-0.919
0.894,-1.791,3.174,-0.447,-0.113,0.113,0.068,-0.068,4766.664,-4289.997,3197.672,-2877.905,0.000,-0.128,-1.124,0.000,0.105,-0.921
0.895,-1.836,3.179,-0.439,-0.113,0.113,0.068,-0.068,4771.993,-4294.794,3197.672,-2877.905,0.000,-0.128,-1.126,0.000,0.105,-0.923
0.896,-1.881,3.183,-0.431,-0.113,0.113,0.068,-0.068,4777.323,-4299.590,3197.672,-2877.905,0.000,-0.128,-1.128,0.000,0.105,-0.925
0.897,-1.926,3.188,-0.422,-0.113,0.113,0.068,-0.068,4782.652,-4304.387,3197.672,-2877.905,0.000,-0.129,-1.131,0.000,0.105,-0.927
0.898,-1.970,3.193,-0.413,-0.113,0.113,0.068,-0.068,4787.982,-4309.183,3197.672,-2877.905,0.000,-0.129,-1.133,0.000,0.106,-0.929
0.899,-2.015,3.197,-0.403,-0.113,0.113,0.068,-0.068,4793.311,-4313.980,3197.672,-2877.905,0.000,-0.129,-1.135,0.000,0.106,-0.931
0.900,-2.059,3.202,-0.393,-0.113,0.113,0.068,-0.068,4798.640,-4318.776,3197.672,-2877.905,0.000,-0.129,-1.138,0.000,0.106,-0.934
0.901,-2.103,3.206,-0.383,-0.113,0.113,0.068,-0.068,4803.970,-4323.573,3197.672,-2877.905,0.000,-0.129,-1.140,0.000,0.106,-0.936
0.902,-2.147,3.211,-0.372,-0.113,0.113,0.068,-0.068,4809.299,-4328.369,3197.672,-2877.905,0.000,-0.129,-1.142,0.000,0.106,-0.938
0.903,-2.191,3.215,-0.361,-0.113,0.113,0.068,-0.068,4814.629,-4333.166,3197.672,-2877.905,0.000,-0.130,-1.144,0.000,0.106,-0.940
0.904,-2.235,3.219,-0.350,-0.113,0.113,0.068,-0.068,4819.958,-4337.962,3197.672,-2877.905,0.000,-0.130,-1.147,0.000,0.107,-0.942
0.905,-2.278,3.223,-0.338,-0.113,0.113,0.068,-0.068,4825.288,-4342.759,3197.672,-2877.905,0.000,-0.130,-1.149,0.000,0.107,-0.944
0.906,-2.321,3.227,-0.326,-0.113,0.113,0.068,-0.068,4830.617,-4347.555,3197.672,-2877.905,0.000,-0.130,-1.151,0.000,0.107,-0.946
0.907,-2.364,3.231,-0.314,-0.113,0.113,0.068,-0.068,4835.947,-4352.352,3197.672,-2877.905,0.000,-0.130,-1.153,0.000,0.107,-0.948
0.908,-2.407,3.234,-0.301,-0.112,0.112,0.068,-0.068,4841.276,-4357.149,3197.672,-2877.905,0.000,-0.131,-1.156,0.000,0.107,-0.950
0.909,-2.450,3.238,-0.288,-0.112,0.112,0.068,-0.068,4846.606,-4361.945,3197.672,-2877.905,0.000,-0.131,-1.158,0.000,0.107,-0.952
0.910,-2.492,3.241,-0.274,-0.112,0.112,0.068,-0.068,4851.935,-4366.742,3197.672,-2877.905,0.000,-0.131,-1.160,0.000,0.108,-0.954
0.911,-2.534,3.245,-0.261,-0.112,0.112,0.068,-0.068,4857.264,-4371.538,3197.672,-2877.905,0.000,-0.131,-1.163,0.000,0.108,-0.956
0.912,-2.576,3.248,-0.247,-0.112,0.112,0.068,-0.068,4862.594,-4376.335,3197.672,-2877.905,0.000,-0.131,-1.165,0.000,0.108,-0.958
0.913,-2.618,3.251,-0.232,-0.112,0.112,0.068,-0.068,4867.923,-4381.131,3197.672,-2877.905,0.000,-0.131,-1.167,0.000,0.108,-0.960
0.914,-2.659,3.254,-0.217,-0.112,0.112,0.068,-0.068,4873.253,-4385.928,3197.672,-2877.905,0.000,-0.132,-1.169,0.000,0.108,-0.962
0.915,-2.700,3.257,-0.202,-0.112,0.112,0.068,-0.068,4878.582,-4390.724,3197.672,-2877.905,0.000,-0.132,-1.172,0.000,0.108,-0.964
0.916,-2.741,3.260,-0.187,-0.112,0.112,0.068,-0.068,4883.912,-4395.521,3197.672,-2877.905,0.000,-0.132,-1.174,0.000,0.109,-0.966
0.917,-2.781,3.263,-0.171,-0.112,0.112,0.068,-0.068,4889.241,-4400.317,3197.672,-2877.905,0.000,-0.132,-1.176,0.000,0.109,-0.968
0.918,-2.822,3.265,-0.155,-0.112,0.112,0.068,-0.068,4894.571,-4405.114,3197.672,-2877.905,0.000,-0.132,-1.178,0.000,0.109,-0.970
0.919,-2.861,3.268,-0.138,-0.112,0.112,0.068,-0.068,4899.900,-4409.910,3197.672,-2877.905,0.000,-0.132,-1.181,0.000,0.109,-0.972
0.920,-2.901,3.270,-0.121,-0.112,0.112,0.068,-0.068,4905.230,-4414.707,3197.672,-2877.905,0.000,-0.133,-1.183,0.000,0.109,-0.974
0.921,-2.940,3.272,-0.104,-0.112,0.112,0.068,-0.068,4910.559,-4419.503,3197.672,-2877.905,0.000,-0.133,-1.185,0.000,0.109,-0.976
0.922,-2.979,3.275,-0.087,-0.111,0.111,0.068,-0.068,4915.888,-4424.300,3197.672,-2877.905,0.000,-0.133,-1.188,0.000,0.110,-0.979
0.923,-3.017,3.277,-0.069,-0.111,0.111,0.068,-0.068,4921.218,-4429.096,3197.672,-2877.905,0.000,-0.133,-1.190,0.000,0.110,-0.981
0.924,-3.055,3.278,-0.051,-0.111,0.111,0.068,-0.068,4926.547,-4433.893,3197.672,-2877.905,0.000,-0.133,-1.192,0.000,0.110,-0.983
0.925,-3.093,3.280,-0.032,-0.111,0.111,0.068,-0.068,4931.877,-4438.689,3197.672,-2877.905,0.000,-0.133,-1.194,0.000,0.110,-0.985
0.926,-3.130,3.282,-0.014,-0.111,0.111,0.068,-0.068,4937.206,-4443.486,3197.672,-2877.905,0.000,-0.134,-1.197,0.000,0.110,-0.987
0.927,-3.167,3.283,0.005,-0.111,0.111,0.068,-0.068,4942.536,-4448.282,3197.672,-2877.905,0.000,-0.134,-1.199,0.000,0.110,-0.989
0.928,-3.204,3.285,0.025,-0.111,0.111,0.068,-0.068,4947.865,-4453.079,3197.672,-2877.905,0.000,-0.134,-1.201,0.000,0.110,-0.991
0.929,-3.240,3.286,0.044,-0.111,0.111,0.068,-0.068,4953.195,-4457.875,3197.672,-2877.905,0.000,-0.134,-1.204,0.000,0.111,-0.993
0.930,-3.275,3.287,0.064,-0.111,0.111,0.068,-0.068,4958.524,-4462.672,3197.672,-2877.905,0.000,-0.134,-1.206,0.000,0.111,-0.995
0.931,-3.311,3.288,0.084,-0.111,0.111,0.068,-0.068,4963.854,-4467.468,3197.672,-2877.905,0.000,-0.134,-1.208,0.000,0.111,-0.997
0.932,-3.345,3.289,0.105,-0.111,0.111,0.068,-0.068,4969.183,-4472.265,3197.672,-2877.905,0.000,-0.135,-1.210,0.000,0.111,-0.999
0.933,-3.380,3.290,0.126,-0.111,0.111,0.068,-0.068,4974.512,-4477.061,3197.672,-2877.905,0.000,-0.135,-1.213,0.000,0.111,-1.001
0.934,-3.413,3.291,0.147,-0.111,0.111,0.068,-0.068,4979.842,-4481.858,3197.672,-2877.905,0.000,-0.135,-1.215,0.000,0.111,-1.003
0.935,-3.447,3.291,0.168,-0.111,0.111,0.068,-0.068,4985.171,-4486.654,3197.672,-2877.905,0.000,-0.135,-1.217,0.000,0.112,-1.005
0.936,-3.480,3.291,0.190,-0.110,0.110,0.068,-0.068,4990.501,-4491.451,3197.672,-2877.905,0.000,-0.135,-1.219,0.000,0.112,-1.007
0.937,-3.512,3.292,0.212,-0.110,0.110,0.068,-0.068,4995.830,-4496.247,3197.672,-2877.905,0.000,-0.135,-1.222,0.000,0.112,-1.009
0.938,-3.544,3.292,0.234,-0.110,0.110,0.068,-0.068,5001.160,-4501.044,3197.672,-2877.905,0.000,-0.136,-1.224,0.000,0.112,-1.011
0.939,-3.576,3.292,0.256,-0.110,0.110,0.068,-0.068,5006.489,-4505.840,3197.672,-2877.905,0.000,-0.136,-1.226,0.000,0.112,-1.013
0.940,-3.607,3.292,0.279,-0.110,0.110,0.068,-0.068,5011.819,-4510.637,3197.672,-2877.905,0.000,-0.136,-1.229,0.000,0.112,-1.015
0.941,-3.637,3.291,0.302,-0.110,0.110,0.068,-0.068,5017.148,-4515.433,3197.672,-2877.905,0.000,-0.136,-1.231,0.000,0.113,-1.017
0.942,-3.667,3.291,0.325,-0.110,0.110,0.068,-0.068,5022.478,-4520.230,3197.672,-2877.905,0.000,-0.136,-1.233,0.000,0.113,-1.019
0.943,-3.696,3.290,0.348,-0.110,0.110,0.068,-0.068,5027.807,-4525.026,3197.672,-2877.905,0.000,-0.136,-1.235,0.000,0.113,-1.022
0.944,-3.725,3.290,0.372,-0.110,0.110,0.068,-0.068,5033.136,-4529.823,3197.672,-2877.905,0.000,-0.137,-1.238,0.000,0.113,-1.024
0.945,-3.753,3.289,0.396,-0.110,0.110,0.068,-0.068,5038.466,-4534.619,3197.672,-2877.905,0.000,-0.137,-1.240,0.000,0.113,-1.026
0.946,-3.781,3.288,0.420,-0.110,0.110,0.068,-0.068,5043.795,-4539.416,3197.672,-2877.905,0.000,-0.137,-1.242,0.000,0.113,-1.028
0.947,-3.808,3.287,0.444,-0.110,0.110,0.068,-0.068,5049.125,-4544.212,3197.672,-2877.905,0.000,-0.137,-1.244,0.000,0.113,-1.030
0.948,-3.835,3.286,0.469,-0.110,0.110,0.068,-0.068,5054.454,-4549.009,3197.672,-2877.905,0.000,-0.137,-1.247,0.000,0.114,-1.032
0.949,-3.861,3.284,0.493,-0.110,0.110,0.068,-0.068,5059.784,-4553.805,3197.672,-2877.905,0.000,-0.137,-1.249,0.000,0.114,-1.034
0.950,-3.886,3.283,0.518,-0.110,0.110,0.068,-0.068,5065.113,-4558.602,3197.672,-2877.905,0.000,-0.138,-1.251,0.000,0.114,-1.036
0.951,-3.911,3.281,0.543,-0.109,0.109,0.068,-0.068,5070.443,-4563.398,3197.672,-2877.905,0.000,-0.138,-1.254,0.000,0.114,-1.038
0.952,-3.935,3.279,0.569,-0.109,0.109,0.068,-0.068,5075.772,-4568.195,3197.672,-2877.905,0.000,-0.138,-1.256,0.000,0.114,-1.040
0.953,-3.959,3.278,0.594,-0.109,0.109,0.068,-0.068,5081.102,-4572.991,3197.672,-2877.905,0.000,-0.138,-1.258,0.000,0.114,-1.042
0.954,-3.982,3.276,0.620,-0.109,0.109,0.068,-0.068,5086.431,-4577.788,3197.672,-2877.905,0.000,-0.138,-1.260,0.000,0.115,-1.044
0.955,-4.004,3.273,0.646,-0.109,0.109,0.068,-0.068,5091.760,-4582.584,3197.672,-2877.905,0.000,-0.138,-1.263,0.000,0.115,-1.046
0.956,-4.026,3.271,0.672,-0.109,0.109,0.068,-0.068,5097.090,-4587.381,3197.672,-2877.905,0.000,-0.139,-1.265,0.000,0.115,-1.048
0.957,-4.047,3.269,0.698,-0.109,0.109,0.068,-0.068,5102.419,-4592.177,3197.672,-2877.905,0.000,-0.139,-1.267,0.000,0.115,-1.050
0.958,-4.068,3.266,0.725,-0.109,0.109,0.068,-0.068,5107.749,-4596.974,3197.672,-2877.905,0.000,-0.139,-1.270,0.000,0.115,-1.052
0.959,-4.088,3.263,0.751,-0.109,0.109,0.068,-0.068,5113.078,-4601.770,3197.672,-2877.905,0.000,-0.139,-1.272,0.000,0.115,-1.054
0.960,-4.107,3.261,0.778,-0.109,0.109,0.068,-0.068,5118.408,-4606.567,3197.672,-2877.905,0.000,-0.139,-1.274,0.000,0.115,-1.056
0.961,-4.125,3.258,0.805,-0.109,0.109,0.068,-0.068,5123.737,-4611.363,3197.672,-2877.905,0.000,-0.139,-1.276,0.000,0.116,-1.058
0.962,-4.143,3.254,0.832,-0.109,0.109,0.068,-0.068,5129.067,-4616.160,3197.672,-2877.905,0.000,-0.140,-1.279,0.000,0.116,-1.060
0.963,-4.161,3.251,0.859,-0.109,0.109,0.068,-0.068,5134.396,-4620.956,3197.672,-2877.905,0.000,-0.140,-1.281,0.000,0.116,-1.063
0.964,-4.177,3.248,0.886,-0.109,0.109,0.068,-0.068,5139.726,-4625.753,3197.672,-2877.905,0.000,-0.140,-1.283,0.000,0.116,-1.065
0.965,-4.193,3.244,0.913,-0.108,0.108,0.068,-0.068,5145.055,-4630.549,3197.672,-2877.905,0.000,-0.140,-1.285,0.000,0.116,-1.067
0.966,-4.208,3.241,0.941,-0.108,0.108,0.068,-0.068,5150.384,-4635.346,3197.672,-2877.905,0.000,-0.140,-1.288,0.000,0.116,-1.069
0.967,-4.223,3.237,0.968,-0.108,0.108,0.068,-0.068,5155.714,-4640.143,3197.672,-2877.905,0.000,-0.140,-1.290,0.000,0.116,-1.071
0.968,-4.237,3.233,0.996,-0.108,0.108,0.068,-0.068,5161.043,-4644.939,3197.672,-2877.905,0.000,-0.140,-1.292,0.000,0.117,-1.073
0.969,-4.250,3.229,1.024,-0.108,0.108,0.068,-0.068,5166.373,-4649.736,3197.672,-2877.905,0.000,-0.141,-1.295,0.000,0.117,-1.075
0.970,-4.262,3.225,1.052,-0.108,0.108,0.068,-0.068,5171.702,-4654.532,3197.672,-2877.905,0.000,-0.141,-1.297,0.000,0.117,-1.077
0.971,-4.274,3.221,1.080,-0.108,0.108,0.068,-0.068,5177.032,-4659.329,3197.672,-2877.905,0.000,-0.141,-1.299,0.000,0.117,-1.079
0.972,-4.285,3.216,1.108,-0.108,0.108,0.068,-0.068,5182.361,-4664.125,3197.672,-2877.905,0.000,-0.141,-1.301,0.000,0.117,-1.081
0.973,-4.296,3.212,1.136,-0.108,0.108,0.068,-0.068,5187.691,-4668.922,3197.672,-2877.905,0.000,-0.141,-1.304,0.000,0.117,-1.083
0.974,-4.305,3.207,1.164,-0.108,0.108,0.068,-0.068,5193.020,-4673.718,3197.672,-2877.905,0.000,-0.141,-1.306,0.000,0.117,-1.085
0.975,-4.314,3.203,1.192,-0.108,0.108,0.068,-0.068,5198.350,-4678.515,3197.672,-2877.905,0.000,-0.142,-1.308,0.000,0.118,-1.087
0.976,-4.323,3.198,1.221,-0.108,0.108,0.068,-0.068,5203.679,-4683.311,3197.672,-2877.905,0.000,-0.142,-1.311,0.000,0.118,-1.089
0.977,-4.330,3.193,1.249,-0.108,0.108,0.068,-0.068,5209.008,-4688.108,3197.672,-2877.905,0.000,-0.142,-1.313,0.000,0.118,-1.091
0.978,-4.337,3.188,1.277,-0.108,0.108,0.068,-0.068,5214.338,-4692.904,3197.672,-2877.905,0.000,-0.142,-1.315,0.000,0.118,-1.093
0.979,-4.343,3.183,1.306,-0.107,0.107,0.068,-0.068,5219.667,-4697.701,3197.672,-2877.905,0.000,-0.142,-1.317,0.000,0.118,-1.095
0.980,-4.348,3.177,1.334,-0.107,0.107,0.068,-0.068,5224.997,-4702.497,3197.672,-2877.905,0.000,-0.142,-1.320,0.000,0.118,-1.097
0.981,-4.353,3.172,1.363,-0.107,0.107,0.068,-0.068,5230.326,-4707.294,3197.672,-2877.905,0.000,-0.142,-1.322,0.000,0.118,-1.099
0.982,-4.357,3.166,1.391,-0.107,0.107,0.068,-0.068,5235.656,-4712.090,3197.672,-2877.905,0.000,-0.143,-1.324,0.000,0.119,-1.101
0.983,-4.360,3.161,1.419,-0.107,0.107,0.068,-0.068,5240.985,-4716.887,3197.672,-2877.905,0.000,-0.143,-1.326,0.000,0.119,-1.103
0.984,-4.362,3.155,1.448,-0.107,0.107,0.068,-0.068,5246.315,-4721.683,3197.672,-2877.905,0.000,-0.143,-1.329,0.000,0.119,-1.106
0.985,-4.364,3.149,1.476,-0.107,0.107,0.068,-0.068,5251.644,-4726.480,3197.672,-2877.905,0.000,-0.143,-1.331,0.000,0.119,-1.108
0.986,-4.365,3.144,1.505,-0.107,0.107,0.068,-0.068,5256.974,-4731.276,3197.672,-2877.905,0.000,-0.143,-1.333,0.000,0.119,-1.110
0.987,-4.365,3.138,1.533,-0.107,0.107,0.068,-0.068,5262.303,-4736.073,3197.672,-2877.905,0.000,-0.143,-1.336,0.000,0.119,-1.112
0.988,-4.365,3.132,1.562,-0.107,0.107,0.068,-0.068,5267.632,-4740.869,3197.672,-2877.905,0.000,-0.144,-1.338,0.000,0.119,-1.114
0.989,-4.364,3.125,1.590,-0.107,0.107,0.068,-0.068,5272.962,-4745.666,3197.672,-2877.905,0.000,-0.144,-1.340,0.000,0.120,-1.116
0.990,-4.362,3.119,1.618,-0.107,0.107,0.068,-0.068,5278.291,-4750.462,3197.672,-2877.905,0.000,-0.144,-1.342,0.000,0.120,-1.118
0.991,-4.359,3.113,1.647,-0.107,0.107,0.068,-0.068,5283.621,-4755.259,3197.672,-2877.905,0.000,-0.144,-1.345,0.000,0.120,-1.120
0.992,-4.355,3.106,1.675,-0.107,0.107,0.068,-0.068,5288.950,-4760.055,3197.672,-2877.905,0.000,-0.144,-1.347,0.000,0.120,-1.122
0.993,-4.351,3.100,1.703,-0.107,0.107,0.068,-0.068,5294.280,-4764.852,3197.672,-2877.905,0.000,-0.144,-1.349,0.000,0.120,-1.124
0.994,-4.346,3.093,1.731,-0.106,0.106,0.068,-0.068,5299.609,-4769.648,3197.672,-2877.905,0.000,-0.144,-1.352,0.000,0.120,-1.126
0.995,-4.340,3.087,1.759,-0.106,0.106,0.068,-0.068,5304.939,-4774.445,3197.672,-2877.905,0.000,-0.145,-1.354,0.000,0.120,-1.128
0.996,-4.334,3.080,1.787,-0.106,0.106,0.068,-0.068,5310.268,-4779.241,3197.672,-2877.905,0.000,-0.145,-1.356,0.000,0.121,-1.130
0.997,-4.327,3.073,1.815,-0.106,0.106,0.068,-0.068,5315.598,-4784.038,3197.672,-2877.905,0.000,-0.145,-1.358,0.000,0.121,-1.132
0.998,-4.319,3.067,1.843,-0.106,0.106,0.068,-0.068,5320.927,-4788.834,3197.672,-2877.905,0.000,-0.145,-1.361,0.000,0.121,-1.134
0.999,-4.310,3.060,1.871,-0.106,0.106,0.068,-0.068,5326.256,-4793.631,3197.672,-2877.905,0.000,-0.145,-1.363,0.000,0.121,-1.136
1.000,-4.301,3.053,1.898,-0.106,0.106,0.068,-0.068,5331.586,-4798.427,3197.672,-2877.905,0.000,-0.145,-1.365,0.000,0.121,-1.138
1.001,-4.291,3.046,1.926,-0.106,0.106,0.068,-0.068,5336.915,-4803.224,3197.672,-2877.905,0.000,-0.145,-1.367,0.000,0.121,-1.140
1.002,-4.280,3.039,1.953,-0.106,0.106,0.068,-0.068,5342.245,-4808.020,3197.672,-2877.905,0.000,-0.146,-1.370,0.000,0.121,-1.142
1.003,-4.268,3.032,1.981,-0.106,0.106,0.068,-0.068,5347.574,-4812.817,3197.672,-2877.905,0.000,-0.146,-1.372,0.000,0.122,-1.144
1.004,-4.256,3.025,2.008,-0.106,0.106,0.068,-0.068,5352.904,-4817.613,3197.672,-2877.905,0.000,-0.146,-1.374,0.000,0.122,-1.147
1.005,-4.243,3.018,2.035,-0.106,0.106,0.068,-0.068,5358.233,-4822.410,3197.672,-2877.905,0.000,-0.146,-1.377,0.000,0.122,-1.149
1.006,-4.229,3.010,2.062,-0.106,0.106,0.068,-0.068,5363.563,-4827.206,3197.672,-2877.905,0.000,-0.146,-1.379,0.000,0.122,-1.151
1.007,-4.215,3.003,2.088,-0.106,0.106,0.068,-0.068,5368.892,-4832.003,3197.672,-2877.905,0.000,-0.146,-1.381,0.000,0.122,-1.153
1.008,-4.200,2.996,2.115,-0.105,0.105,0.068,-0.068,5374.222,-4836.799,3197.672,-2877.905,0.000,-0.146,-1.383,0.000,0.122,-1.155
1.009,-4.184,2.989,2.141,-0.105,0.105,0.068,-0.068,5379.551,-4841.596,3197.672,-2877.905,0.000,-0.147,-1.386,0.000,0.122,-1.157
1.010,-4.167,2.981,2.168,-0.105,0.105,0.068,-0.068,5384.880,-4846.392,3197.672,-2877.905,0.000,-0.147,-1.388,0.000,0.123,-1.159
1.011,-4.150,2.974,2.194,-0.105,0.105,0.068,-0.068,5390.210,-4851.189,3197.672,-2877.905,0.000,-0.147,-1.390,0.000,0.123,-1.161
1.012,-4.132,2.967,2.220,-0.105,0.105,0.068,-0.068,5395.539,-4855.985,3197.672,-2877.905,0.000,-0.147,-1.393,0.000,0.123,-1.163
1.013,-4.113,2.959,2.246,-0.105,0.105,0.068,-0.068,5400.869,-4860.782,3197.672,-2877.905,0.000,-0.147,-1.395,0.000,0.123,-1.165
1.014,-4.094,2.952,2.271,-0.105,0.105,0.068,-0.068,5406.198,-4865.578,3197.672,-2877.905,0.000,-0.147,-1.397,0.000,0.123,-1.167
1.015,-4.074,2.945,2.297,-0.105,0.105,0.068,-0.068,5411.528,-4870.375,3197.672,-2877.905,0.000,-0.147,-1.399,0.000,0.123,-1.169
1.016,-4.053,2.938,2.322,-0.105,0.105,0.068,-0.068,5416.857,-4875.171,3197.672,-2877.905,0.000,-0.148,-1.402,0.000,0.123,-1.171
1.017,-4.032,2.930,2.347,-0.105,0.105,0.068,-0.068,5422.187,-4879.968,3197.672,-2877.905,0.000,-0.148,-1.404,0.000,0.123,-1.173
1.018,-4.010,2.923,2.372,-0.105,0.105,0.068,-0.068,5427.516,-4884.764,3197.672,-2877.905,0.000,-0.148,-1.406,0.000,0.124,-1.175
1.019,-3.987,2.916,2.396,-0.105,0.105,0.068,-0.068,5432.846,-4889.561,3197.672,-2877.905,0.000,-0.148,-1.408,0.000,0.124,-1.177
1.020,-3.963,2.908,2.421,-0.105,0.105,0.068,-0.068,5438.175,-4894.357,3197.672,-2877.905,0.000,-0.148,-1.411,0.000,0.124,-1.179
1.021,-3.939,2.901,2.445,-0.105,0.105,0.068,-0.068,5443.504,-4899.154,3197.672,-2877.905,0.000,-0.148,-1.413,0.000,0.124,-1.181
1.022,-3.915,2.894,2.469,-0.104,0.104,0.068,-0.068,5448.834,-4903.950,3197.672,-2877.905,0.000,-0.148,-1.415,0.000,0.124,-1.183
1.023,-3.889,2.887,2.493,-0.104,0.104,0.068,-0.068,5454.163,-4908.747,3197.672,-2877.905,0.000,-0.149,-1.418,0.000,0.124,-1.185
1.024,-3.863,2.880,2.516,-0.104,0.104,0.068,-0.068,5459.493,-4913.544,3197.672,-2877.905,0.000,-0.149,-1.420,0.000,0.124,-1.188
1.025,-3.836,2.873,2.539,-0.104,0.104,0.068,-0.068,5464.822,-4918.340,3197.672,-2877.905,0.000,-0.149,-1.422,0.000,0.125,-1.190
1.026,-3.809,2.866,2.562,-0.104,0.104,0.068,-0.068,5470.152,-4923.137,3197.672,-2877.905,0.000,-0.149,-1.424,0.000,0.125,-1.192
1.027,-3.781,2.859,2.585,-0.104,0.104,0.068,-0.068,5475.481,-4927.933,3197.672,-2877.905,0.000,-0.149,-1.427,0.000,0.125,-1.194
1.028,-3.753,2.852,2.608,-0.104,0.104,0.068,-0.068,5480.811,-4932.730,3197.672,-2877.905,0.000,-0.149,-1.429,0.000,0.125,-1.196
1.029,-3.723,2.845,2.630,-0.104,0.104,0.068,-0.068,5486.140,-4937.526,3197.672,-2877.905,0.000,-0.149,-1.431,0.000,0.125,-1.198
1.030,-3.694,2.838,2.652,-0.104,0.104,0.068,-0.068,5491.470,-4942.323,3197.672,-2877.905,0.000,-0.150,-1.434,0.000,0.125,-1.200
1.031,-3.663,2.831,2.674,-0.104,0.104,0.068,-0.068,5496.799,-4947.119,3197.672,-2877.905,0.000,-0.150,-1.436,0.000,0.125,-1.202
1.032,-3.632,2.825,2.695,-0.104,0.104,0.068,-0.068,5502.128,-4951.916,3197.672,-2877.905,0.000,-0.150,-1.438,0.000,0.125,-1.204
1.033,-3.601,2.818,2.716,-0.104,0.104,0.068,-0.068,5507.458,-4956.712,3197.672,-2877.905,0.000,-0.150,-1.440,0.000,0.126,-1.206
1.034,-3.568,2.811,2.737,-0.104,0.104,0.068,-0.068,5512.787,-4961.509,3197.672,-2877.905,0.000,-0.150,-1.443,0.000,0.126,-1.208
1.035,-3.536,2.805,2.758,-0.104,0.104,0.068,-0.068,5518.117,-4966.305,3197.672,-2877.905,0.000,-0.150,-1.445,0.000,0.126,-1.210
1.036,-3.502,2.799,2.778,-0.104,0.104,0.068,-0.068,5523.446,-4971.102,3197.672,-2877.905,0.000,-0.150,-1.447,0.000,0.126,-1.212
1.037,-3.469,2.792,2.798,-0.103,0.103,0.068,-0.068,5528.776,-4975.898,3197.672,-2877.905,0.000,-0.150,-1.449,0.000,0.126,-1.214
1.038,-3.434,2.786,2.818,-0.103,0.103,0.068,-0.068,5534.105,-4980.695,3197.672,-2877.905,0.000,-0.151,-1.452,0.000,0.126,-1.216
1.039,-3.399,2.780,2.837,-0.103,0.103,0.068,-0.068,5539.435,-4985.491,3197.672,-2877.905,0.000,-0.151,-1.454,0.000,0.126,-1.218
1.040,-3.364,2.774,2.857,-0.103,0.103,0.068,-0.068,5544.764,-4990.288,3197.672,-2877.905,0.000,-0.151,-1.456,0.000,0.126,-1.220
1.041,-3.328,2.768,2.875,-0.103,0.103,0.068,-0.068,5550.094,-4995.084,3197.672,-2877.905,0.000,-0.151,-1.459,0.000,0.127,-1.222
1.042,-3.291,2.762,2.894,-0.103,0.103,0.068,-0.068,5555.423,-4999.881,3197.672,-2877.905,0.000,-0.151,-1.461,0.000,0.127,-1.224
1.043,-3.254,2.757,2.912,-0.103,0.103,0.068,-0.068,5560.752,-5004.677,3197.672,-2877.905,0.000,-0.151,-1.463,0.000,0.127,-1.226
1.044,-3.217,2.751,2.930,-0.103,0.103,0.068,-0.068,5566.082,-5009.474,3197.672,-2877.905,0.000,-0.151,-1.465,0.000,0.127,-1.229
1.045,-3.179,2.746,2.948,-0.103,0.103,0.068,-0.068,5571.411,-5014.270,3197.672,-2877.905,0.000,-0.152,-1.468,0.000,0.127,-1.231
1.046,-3.141,2.741,2.965,-0.103,0.103,0.068,-0.068,5576.741,-5019.067,3197.672,-2877.905,0.000,-0.152,-1.470,0.000,0.127,-1.233
1.047,-3.102,2.736,2.982,-0.103,0.103,0.068,-0.068,5582.070,-5023.863,3197.672,-2877.905,0.000,-0.152,-1.472,0.000,0.127,-1.235
1.048,-3.062,2.731,2.999,-0.103,0.103,0.068,-0.068,5587.400,-5028.660,3197.672,-2877.905,0.000,-0.152,-1.475,0.000,0.127,-1.237
1.049,-3.022,2.726,3.015,-0.103,0.103,0.068,-0.068,5592.729,-5033.456,3197.672,-2877.905,0.000,-0.152,-1.477,0.000,0.128,-1.239
1.050,-2.982,2.721,3.031,-0.103,0.103,0.068,-0.068,5598.059,-5038.253,3197.672,-2877.905,0.000,-0.152,-1.479,0.000,0.128,-1.241
1.051,-2.941,2.716,3.047,-0.102,0.102,0.068,-0.068,5603.388,-5043.049,3197.672,-2877.905,0.000,-0.152,-1.481,0.000,0.128,-1.243
1.052,-2.900,2.712,3.062,-0.102,0.102,0.068,-0.068,5608.718,-5047.846,3197.672,-2877.905,0.000,-0.152,-1.484,0.000,0.128,-1.245
1.053,-2.859,2.708,3.077,-0.102,0.102,0.068,-0.068,5614.047,-5052.642,3197.672,-2877.905,0.000,-0.153,-1.486,0.000,0.128,-1.247
1.054,-2.817,2.704,3.091,-0.102,0.102,0.068,-0.068,5619.376,-5057.439,3197.672,-2877.905,0.000,-0.153,-1.488,0.000,0.128,-1.249
1.055,-2.774,2.700,3.106,-0.102,0.102,0.068,-0.068,5624.706,-5062.235,3197.672,-2877.905,0.000,-0.153,-1.491,0.000,0.128,-1.251
1.056,-2.732,2.696,3.120,-0.102,0.102,0.068,-0.068,5630.035,-5067.032,3197.672,-2877.905,0.000,-0.153,-1.493,0.000,0.128,-1.253
1.057,-2.689,2.692,3.133,-0.102,0.102,0.068,-0.068,5635.365,-5071.828,3197.672,-2877.905,0.000,-0.153,-1.495,0.000,0.129,-1.255
1.058,-2.645,2.689,3.146,-0.102,0.102,0.068,-0.068,5640.694,-5076.625,3197.672,-2877.905,0.000,-0.153,-1.497,0.000,0.129,-1.257
1.059,-2.601,2.686,3.159,-0.102,0.102,0.068,-0.068,5646.024,-5081.421,3197.672,-2877.905,0.000,-0.153,-1.500,0.000,0.129,-1.259
1.060,-2.557,2.682,3.172,-0.102,0.102,0.068,-0.068,5651.353,-5086.218,3197.672,-2877.905,0.000,-0.153,-1.502,0.000,0.129,-1.261
1.061,-2.513,2.679,3.184,-0.102,0.102,0.068,-0.068,5656.683,-5091.014,3197.672,-2877.905,0.000,-0.154,-1.504,0.000,0.129,-1.263
1.062,-2.468,2.677,3.196,-0.102,0.102,0.068,-0.068,5662.012,-5095.811,3197.672,-2877.905,0.000,-0.154,-1.506,0.000,0.129,-1.265
1.063,-2.423,2.674,3.207,-0.102,0.102,0.068,-0.068,5667.341,-5100.607,3197.672,-2877.905,0.000,-0.154,-1.509,0.000,0.129,-1.267
1.064,-2.377,2.672,3.218,-0.102,0.102,0.068,-0.068,5672.671,-5105.404,3197.672,-2877.905,0.000,-0.154,-1.511,0.000,0.129,-1.270
1.065,-2.332,2.670,3.229,-0.101,0.101,0.068,-0.068,5678.000,-5110.200,3197.672,-2877.905,0.000,-0.154,-1.513,0.000,0.129,-1.272
1.066,-2.286,2.668,3.239,-0.101,0.101,0.068,-0.068,5683.330,-5114.997,3197.672,-2877.905,0.000,-0.154,-1.516,0.000,0.130,-1.274
1.067,-2.240,2.666,3.249,-0.101,0.101,0.068,-0.068,5688.659,-5119.793,3197.672,-2877.905,0.000,-0.154,-1.518,0.000,0.130,-1.276
1.068,-2.193,2.664,3.258,-0.101,0.101,0.068,-0.068,5693.989,-5124.590,3197.672,-2877.905,0.000,-0.154,-1.520,0.000,0.130,-1.278
1.069,-2.146,2.663,3.268,-0.101,0.101,0.068,-0.068,5699.318,-5129.386,3197.672,-2877.905,0.000,-0.155,-1.522,0.000,0.130,-1.280
1.070,-2.099,2.662,3.276,-0.101,0.101,0.068,-0.068,5704.648,-5134.183,3197.672,-2877.905,0.000,-0.155,-1.525,0.000,0.130,-1.282
1.071,-2.052,2.661,3.285,-0.101,0.101,0.068,-0.068,5709.977,-5138.979,3197.672,-2877.905,0.000,-0.155,-1.527,0.000,0.130,-1.284
1.072,-2.005,2.660,3.293,-0.101,0.101,0.068,-0.068,5715.307,-5143.776,3197.672,-2877.905,0.000,-0.155,-1.529,0.000,0.130,-1.286
1.073,-1.957,2.660,3.301,-0.101,0.101,0.068,-0.068,5720.636,-5148.572,3197.672,-2877.905,0.000,-0.155,-1.532,0.000,0.130,-1.288
1.074,-1.910,2.659,3.308,-0.101,0.101,0.068,-0.068,5725.965,-5153.369,3197.672,-2877.905,0.000,-0.155,-1.534,0.000,0.131,-1.290
1.075,-1.862,2.659,3.315,-0.101,0.101,0.068,-0.068,5731.295,-5158.165,3197.672,-2877.905,0.000,-0.155,-1.536,0.000,0.131,-1.292
1.076,-1.814,2.659,3.321,-0.101,0.101,0.068,-0.068,5736.624,-5162.962,3197.672,-2877.905,0.000,-0.155,-1.538,0.000,0.131,-1.294
1.077,-1.765,2.660,3.327,-0.101,0.101,0.068,-0.068,5741.954,-5167.758,3197.672,-2877.905,0.000,-0.156,-1.541,0.000,0.131,-1.296
1.078,-1.717,2.660,3.333,-0.101,0.101,0.068,-0.068,5747.283,-5172.555,3197.672,-2877.905,0.000,-0.156,-1.543,0.000,0.131,-1.298
1.079,-1.668,2.661,3.338,-0.101,0.101,0.068,-0.068,5752.613,-5177.351,3197.672,-2877.905,0.000,-0.156,-1.545,0.000,0.131,-1.300
1.080,-1.620,2.662,3.343,-0.100,0.100,0.068,-0.068,5757.942,-5182.148,3197.672,-2877.905,0.000,-0.156,-1.548,0.000,0.131,-1.302
1.081,-1.571,2.663,3.348,-0.100,0.100,0.068,-0.068,5763.272,-5186.945,3197.672,-2877.905,0.000,-0.156,-1.550,0.000,0.131,-1.304
1.082,-1.522,2.665,3.352,-0.100,0.100,0.068,-0.068,5768.601,-5191.741,3197.672,-2877.905,0.000,-0.156,-1.552,0.000,0.131,-1.306
1.083,-1.473,2.666,3.356,-0.100,0.100,0.068,-0.068,5773.931,-5196.538,3197.672,-2877.905,0.000,-0.156,-1.554,0.000,0.132,-1.309
1.084,-1.424,2.668,3.359,-0.100,0.100,0.068,-0.068,5779.260,-5201.334,3197.672,-2877.905,0.000,-0.156,-1.557,0.000,0.132,-1.311
1.085,-1.375,2.670,3.362,-0.100,0.100,0.068,-0.068,5784.589,-5206.131,3197.672,-2877.905,0.000,-0.157,-1.559,0.000,0.132,-1.313
1.086,-1.326,2.673,3.365,-0.100,0.100,0.068,-0.068,5789.919,-5210.927,3197.672,-2877.905,0.000,-0.157,-1.561,0.000,0.132,-1.315
1.087,-1.277,2.675,3.367,-0.100,0.100,0.068,-0.068,5795.248,-5215.724,3197.672,-2877.905,0.000,-0.157,-1.563,0.000,0.132,-1.317
1.088,-1.228,2.678,3.369,-0.100,0.100,0.068,-0.068,5800.578,-5220.520,3197.672,-2877.905,0.000,-0.157,-1.566,0.000,0.132,-1.319
1.089,-1.179,2.681,3.370,-0.100,0.100,0.068,-0.068,5805.907,-5225.317,3197.672,-2877.905,0.000,-0.157,-1.568,0.000,0.132,-1.321
1.090,-1.130,2.685,3.371,-0.100,0.100,0.068,-0.068,5811.237,-5230.113,3197.672,-2877.905,0.000,-0.157,-1.570,0.000,0.132,-1.323
1.091,-1.081,2.688,3.372,-0.100,0.100,0.068,-0.068,5816.566,-5234.910,3197.672,-2877.905,0.000,-0.157,-1.573,0.000,0.132,-1.325
1.092,-1.032,2.692,3.372,-0.100,0.100,0.068,-0.068,5821.896,-5239.706,3197.672,-2877.905,0.000,-0.157,-1.575,0.000,0.133,-1.327
1.093,-0.983,2.696,3.372,-0.100,0.100,0.068,-0.068,5827.225,-5244.503,3197.672,-2877.905,0.000,-0.158,-1.577,0.000,0.133,-1.329
1.094,-0.934,2.700,3.372,-0.099,0.099,0.068,-0.068,5832.555,-5249.299,3197.672,-2877.905,0.000,-0.158,-1.579,0.000,0.133,-1.331
1.095,-0.885,2.705,3.371,-0.099,0.099,0.068,-0.068,5837.884,-5254.096,3197.672,-2877.905,0.000,-0.158,-1.582,0.000,0.133,-1.333
1.096,-0.837,2.709,3.369,-0.099,0.099,0.068,-0.068,5843.213,-5258.892,3197.672,-2877.905,0.000,-0.158,-1.584,0.000,0.133,-1.335
1.097,-0.788,2.714,3.368,-0.099,0.099,0.068,-0.068,5848.543,-5263.689,3197.672,-2877.905,0.000,-0.158,-1.586,0.000,0.133,-1.337
1.098,-0.739,2.720,3.366,-0.099,0.099,0.068,-0.068,5853.872,-5268.485,3197.672,-2877.905,0.000,-0.158,-1.589,0.000,0.133,-1.339
1.099,-0.691,2.725,3.363,-0.099,0.099,0.068,-0.068,5859.202,-5273.282,3197.672,-2877.905,0.000,-0.158,-1.591,0.000,0.133,-1.341
1.100,-0.643,2.731,3.360,-0.099,0.099,0.068,-0.068,5864.531,-5278.078,3197.672,-2877.905,0.000,-0.158,-1.593,0.000,0.133,-1.343
1.101,-0.595,2.737,3.357,-0.099,0.099,0.068,-0.068,5869.861,-5282.875,3197.672,-2877.905,0.000,-0.158,-1.595,0.000,0.134,-1.345
1.102,-0.547,2.743,3.353,-0.099,0.099,0.068,-0.068,5875.190,-5287.671,3197.672,-2877.905,0.000,-0.159,-1.598,0.000,0.134,-1.347
1.103,-0.499,2.749,3.349,-0.099,0.099,0.068,-0.068,5880.520,-5292.468,3197.672,-2877.905,0.000,-0.159,-1.600,0.000,0.134,-1.350
1.104,-0.451,2.756,3.345,-0.099,0.099,0.068,-0.068,5885.849,-5297.264,3197.672,-2877.905,0.000,-0.159,-1.602,0.000,0.134,-1.352
1.105,-0.404,2.763,3.340,-0.099,0.099,0.068,-0.068,5891.179,-5302.061,3197.672,-2877.905,0.000,-0.159,-1.605,0.000,0.134,-1.354
1.106,-0.356,2.770,3.335,-0.099,0.099,0.068,-0.068,5896.508,-5306.857,3197.672,-2877.905,0.000,-0.159,-1.607,0.000,0.134,-1.356
1.107,-0.309,2.777,3.329,-0.099,0.099,0.068,-0.068,5901.837,-5311.654,3197.672,-2877.905,0.000,-0.159,-1.609,0.000,0.134,-1.358
1.108,-0.263,2.785,3.323,-0.098,0.098,0.068,-0.068,5907.167,-5316.450,3197.672,-2877.905,0.000,-0.159,-1.611,0.000,0.134,-1.360
1.109,-0.216,2.793,3.317,-0.098,0.098,0.068,-0.068,5912.496,-5321.247,3197.672,-2877.905,0.000,-0.159,-1.614,0.000,0.134,-1.362
1.110,-0.170,2.801,3.310,-0.098,0.098,0.068,-0.068,5917.826,-5326.043,3197.672,-2877.905,0.000,-0.159,-1.616,0.000,0.135,-1.364
1.111,-0.124,2.809,3.303,-0.098,0.098,0.068,-0.068,5923.155,-5330.840,3197.672,-2877.905,0.000,-0.160,-1.618,0.000,0.135,-1.366
1.112,-0.078,2.817,3.296,-0.098,0.098,0.068,-0.068,5928.485,-5335.636,3197.672,-2877.905,0.000,-0.160,-1.620,0.000,0.135,-1.368
1.113,-0.033,2.826,3.288,-0.098,0.098,0.068,-0.068,5933.814,-5340.433,3197.672,-2877.905,0.000,-0.160,-1.623,0.000,0.135,-1.370
1.114,0.012,2.835,3.280,-0.098,0.098,0.068,-0.068,5939.144,-5345.229,3197.672,-2877.905,0.000,-0.160,-1.625,0.000,0.135,-1.372
1.115,0.057,2.844,3.271,-0.098,0.098,0.068,-0.068,5944.473,-5350.026,3197.672,-2877.905,0.000,-0.160,-1.627,0.000,0.135,-1.374
1.116,0.102,2.853,3.262,-0.098,0.098,0.068,-0.068,5949.803,-5354.822,3197.672,-2877.905,0.000,-0.160,-1.630,0.000,0.135,-1.376
1.117,0.146,2.863,3.253,-0.098,0.098,0.068,-0.068,5955.132,-5359.619,3197.672,-2877.905,0.000,-0.160,-1.632,0.000,0.135,-1.378
1.118,0.189,2.873,3.243,-0.098,0.098,0.068,-0.068,5960.461,-5364.415,3197.672,-2877.905,0.000,-0.160,-1.634,0.000,0.135,-1.380
1.119,0.233,2.883,3.233,-0.098,0.098,0.068,-0.068,5965.791,-5369.212,3197.672,-2877.905,0.000,-0.160,-1.636,0.000,0.136,-1.382
1.120,0.276,2.893,3.223,-0.098,0.098,0.068,-0.068,5971.120,-5374.008,3197.672,-2877.905,0.000,-0.161,-1.639,0.000,0.136,-1.384
1.121,0.318,2.903,3.212,-0.098,0.098,0.068,-0.068,5976.450,-5378.805,3197.672,-2877.905,0.000,-0.161,-1.641,0.000,0.136,-1.386
1.122,0.361,2.914,3.201,-0.098,0.098,0.068,-0.068,5981.779,-5383.601,3197.672,-2877.905,0.000,-0.161,-1.643,0.000,0.136,-1.389
1.123,0.402,2.925,3.189,-0.097,0.097,0.068,-0.068,5987.109,-5388.398,3197.672,-2877.905,0.000,-0.161,-1.646,0.000,0.136,-1.391
1.124,0.444,2.936,3.177,-0.097,0.097,0.068,-0.068,5992.438,-5393.194,3197.672,-2877.905,0.000,-0.161,-1.648,0.000,0.136,-1.393
1.125,0.485,2.947,3.165,-0.097,0.097,0.068,-0.068,5997.768,-5397.991,3197.672,-2877.905,0.000,-0.161,-1.650,0.000,0.136,-1.395
1.126,0.525,2.958,3.152,-0.097,0.097,0.068,-0.068,6003.097,-5402.787,3197.672,-2877.905,0.000,-0.161,-1.652,0.000,0.136,-1.397
1.127,0.565,2.970,3.140,-0.097,0.097,0.068,-0.068,6008.427,-5407.584,3197.672,-2877.905,0.000,-0.161,-1.655,0.000,0.136,-1.399
1.128,0.604,2.982,3.126,-0.097,0.097,0.068,-0.068,6013.756,-5412.380,3197.672,-2877.905,0.000,-0.161,-1.657,0.000,0.136,-1.401
1.129,0.643,2.994,3.113,-0.097,0.097,0.068,-0.068,6019.085,-5417.177,3197.672,-2877.905,0.000,-0.161,-1.659,0.000,0.137,-1.403
1.130,0.682,3.006,3.099,-0.097,0.097,0.068,-0.068,6024.415,-5421.973,3197.672,-2877.905,0.000,-0.162,-1.662,0.000,0.137,-1.405
1.131,0.720,3.018,3.085,-0.097,0.097,0.068,-0.068,6029.744,-5426.770,3197.672,-2877.905,0.000,-0.162,-1.664,0.000,0.137,-1.407
1.132,0.758,3.031,3.070,-0.097,0.097,0.068,-0.068,6035.074,-5431.566,3197.672,-2877.905,0.000,-0.162,-1.666,0.000,0.137,-1.409
1.133,0.794,3.043,3.055,-0.097,0.097,0.068,-0.068,6040.403,-5436.363,3197.672,-2877.905,0.000,-0.162,-1.668,0.000,0.137,-1.411
1.134,0.831,3.056,3.040,-0.097,0.097,0.068,-0.068,6045.733,-5441.159,3197.672,-2877.905,0.000,-0.162,-1.671,0.000,0.137,-1.413
1.135,0.867,3.069,3.024,-0.097,0.097,0.068,-0.068,6051.062,-5445.956,3197.672,-2877.905,0.000,-0.162,-1.673,0.000,0.137,-1.415
1.136,0.902,3.082,3.008,-0.097,0.097,0.068,-0.068,6056.392,-5450.752,3197.672,-2877.905,0.000,-0.162,-1.675,0.000,0.137,-1.417
1.137,0.937,3.096,2.992,-0.096,0.096,0.068,-0.068,6061.721,-5455.549,3197.672,-2877.905,0.000,-0.162,-1.678,0.000,0.137,-1.419
1.138,0.971,3.109,2.976,-0.096,0.096,0.068,-0.068,6067.051,-5460.346,3197.672,-2877.905,0.000,-0.162,-1.680,0.000,0.137,-1.421
1.139,1.004,3.123,2.959,-0.096,0.096,0.068,-0.068,6072.380,-5465.142,3197.672,-2877.905,0.000,-0.163,-1.682,0.000,0.138,-1.423
1.140,1.037,3.137,2.942,-0.096,0.096,0.068,-0.068,6077.709,-5469.939,3197.672,-2877.905,0.000,-0.163,-1.684,0.000,0.138,-1.425
1.141,1.070,3.151,2.924,-0.096,0.096,0.068,-0.068,6083.039,-5474.735,3197.672,-2877.905,0.000,-0.163,-1.687,0.000,0.138,-1.428
1.142,1.101,3.165,2.907,-0.096,0.096,0.068,-0.068,6088.368,-5479.532,3197.672,-2877.905,0.000,-0.163,-1.689,0.000,0.138,-1.430
1.143,1.133,3.179,2.889,-0.096,0.096,0.068,-0.068,6093.698,-5484.328,3197.672,-2877.905,0.000,-0.163,-1.691,0.000,0.138,-1.432
1.144,1.163,3.193,2.871,-0.096,0.096,0.068,-0.068,6099.027,-5489.125,3197.672,-2877.905,0.000,-0.163,-1.693,0.000,0.138,-1.434
1.145,1.193,3.208,2.852,-0.096,0.096,0.068,-0.068,6104.357,-5493.921,3197.672,-2877.905,0.000,-0.163,-1.696,0.000,0.138,-1.436
1.146,1.222,3.223,2.833,-0.096,0.096,0.068,-0.068,6109.686,-5498.718,3197.672,-2877.905,0.000,-0.163,-1.698,0.000,0.138,-1.438
1.147,1.250,3.237,2.814,-0.096,0.096,0.068,-0.068,6115.016,-5503.514,3197.672,-2877.905,0.000,-0.163,-1.700,0.000,0.138,-1.440
1.148,1.278,3.252,2.795,-0.096,0.096,0.068,-0.068,6120.345,-5508.311,3197.672,-2877.905,0.000,-0.163,-1.703,0.000,0.138,-1.442
1.149,1.305,3.267,2.775,-0.096,0.096,0.068,-0.068,6125.675,-5513.107,3197.672,-2877.905,0.000,-0.164,-1.705,0.000,0.139,-1.444
1.150,1.331,3.282,2.755,-0.096,0.096,0.068,-0.068,6131.004,-5517.904,3197.672,-2877.905,0.000,-0.164,-1.707,0.000,0.139,-1.446
1.151,1.357,3.298,2.735,-0.095,0.095,0.068,-0.068,6136.333,-5522.700,3197.672,-2877.905,0.000,-0.164,-1.709,0.000,0.139,-1.448
1.152,1.382,3.313,2.715,-0.095,0.095,0.068,-0.068,6141.663,-5527.497,3197.672,-2877.905,0.000,-0.164,-1.712,0.000,0.139,-1.450
1.153,1.406,3.328,2.694,-0.095,0.095,0.068,-0.068,6146.992,-5532.293,3197.672,-2877.905,0.000,-0.164,-1.714,0.000,0.139,-1.452
1.154,1.429,3.344,2.673,-0.095,0.095,0.068,-0.068,6152.322,-5537.090,3197.672,-2877.905,0.000,-0.164,-1.716,0.000,0.139,-1.454
1.155,1.452,3.359,2.652,-0.095,0.095,0.068,-0.068,6157.651,-5541.886,3197.672,-2877.905,0.000,-0.164,-1.719,0.000,0.139,-1.456
1.156,1.474,3.375,2.631,-0.095,0.095,0.068,-0.068,6162.981,-5546.683,3197.672,-2877.905,0.000,-0.164,-1.721,0.000,0.139,-1.458
1.157,1.495,3.391,2.610,-0.095,0.095,0.068,-0.068,6168.310,-5551.479,3197.672,-2877.905,0.000,-0.164,-1.723,0.000,0.139,-1.460
1.158,1.516,3.407,2.588,-0.095,0.095,0.068,-0.068,6173.640,-5556.276,3197.672,-2877.905,0.000,-0.164,-1.725,0.000,0.139,-1.462
1.159,1.535,3.423,2.566,-0.095,0.095,0.068,-0.068,6178.969,-5561.072,3197.672,-2877.905,0.000,-0.164,-1.728,0.000,0.139,-1.464
1.160,1.554,3.439,2.544,-0.095,0.095,0.068,-0.068,6184.299,-5565.869,3197.672,-2877.905,0.000,-0.165,-1.730,0.000,0.140,-1.467
1.161,1.572,3.455,2.522,-0.095,0.095,0.068,-0.068,6189.628,-5570.665,3197.672,-2877.905,0.000,-0.165,-1.732,0.000,0.140,-1.469
1.162,1.590,3.471,2.499,-0.095,0.095,0.068,-0.068,6194.957,-5575.462,3197.672,-2877.905,0.000,-0.165,-1.735,0.000,0.140,-1.471
1.163,1.606,3.487,2.477,-0.095,0.095,0.068,-0.068,6200.287,-5580.258,3197.672,-2877.905,0.000,-0.165,-1.737,0.000,0.140,-1.473
1.164,1.622,3.503,2.454,-0.095,0.095,0.068,-0.068,6205.616,-5585.055,3197.672,-2877.905,0.000,-0.165,-1.739,0.000,0.140,-1.475
1.165,1.637,3.520,2.431,-0.095,0.095,0.068,-0.068,6210.946,-5589.851,3197.672,-2877.905,0.000,-0.165,-1.741,0.000,0.140,-1.477
1.166,1.651,3.536,2.408,-0.094,0.094,0.068,-0.068,6216.275,-5594.648,3197.672,-2877.905,0.000,-0.165,-1.744,0.000,0.140,-1.479
1.167,1.664,3.552,2.384,-0.094,0.094,0.068,-0.068,6221.605,-5599.444,3197.672,-2877.905,0.000,-0.165,-1.746,0.000,0.140,-1.481
1.168,1.676,3.569,2.361,-0.094,0.094,0.068,-0.068,6226.934,-5604.241,3197.672,-2877.905,0.000,-0.165,-1.748,0.000,0.140,-1.483
1.169,1.688,3.585,2.337,-0.094,0.094,0.068,-0.068,6232.264,-5609.037,3197.672,-2877.905,0.000,-0.165,-1.751,0.000,0.140,-1.485
1.170,1.699,3.602,2.313,-0.094,0.094,0.068,-0.068,6237.593,-5613.834,3197.672,-2877.905,0.000,-0.166,-1.753,0.000,0.140,-1.487
1.171,1.709,3.618,2.290,-0.094,0.094,0.068,-0.068,6242.923,-5618.630,3197.672,-2877.905,0.000,-0.166,-1.755,0.000,0.141,-1.489
1.172,1.718,3.635,2.266,-0.094,0.094,0.068,-0.068,6248.252,-5623.427,3197.672,-2877.905,0.000,-0.166,-1.757,0.000,0.141,-1.491
1.173,1.726,3.651,2.242,-0.094,0.094,0.068,-0.068,6253.581,-5628.223,3197.672,-2877.905,0.000,-0.166,-1.760,0.000,0.141,-1.493
1.174,1.733,3.668,2.217,-0.094,0.094,0.068,-0.068,6258.911,-5633.020,3197.672,-2877.905,0.000,-0.166,-1.762,0.000,0.141,-1.495
1.175,1.740,3.684,2.193,-0.094,0.094,0.068,-0.068,6264.240,-5637.816,3197.672,-2877.905,0.000,-0.166,-1.764,0.000,0.141,-1.497
1.176,1.745,3.701,2.169,-0.094,0.094,0.068,-0.068,6269.570,-5642.613,3197.672,-2877.905,0.000,-0.166,-1.766,0.000,0.141,-1.499
1.177,1.750,3.718,2.144,-0.094,0.094,0.068,-0.068,6274.899,-5647.409,3197.672,-2877.905,0.000,-0.166,-1.769,0.000,0.141,-1.501
1.178,1.754,3.734,2.120,-0.094,0.094,0.068,-0.068,6280.229,-5652.206,3197.672,-2877.905,0.000,-0.166,-1.771,0.000,0.141,-1.503
1.179,1.757,3.751,2.095,-0.094,0.094,0.068,-0.068,6285.558,-5657.002,3197.672,-2877.905,0.000,-0.166,-1.773,0.000,0.141,-1.506
1.180,1.759,3.767,2.070,-0.093,0.093,0.068,-0.068,6290.888,-5661.799,3197.672,-2877.905,0.000,-0.166,-1.776,0.000,0.141,-1.508
1.181,1.760,3.784,2.046,-0.093,0.093,0.068,-0.068,6296.217,-5666.595,3197.672,-2877.905,0.000,-0.167,-1.778,0.000,0.141,-1.510
1.182,1.760,3.800,2.021,-0.093,0.093,0.068,-0.068,6301.547,-5671.392,3197.672,-2877.905,0.000,-0.167,-1.780,0.000,0.141,-1.512
1.183,1.760,3.817,1.996,-0.093,0.093,0.068,-0.068,6306.876,-5676.188,3197.672,-2877.905,0.000,-0.167,-1.782,0.000,0.142,-1.514
1.184,1.758,3.834,1.971,-0.093,0.093,0.068,-0.068,6312.205,-5680.985,3197.672,-2877.905,0.000,-0.167,-1.785,0.000,0.142,-1.516
1.185,1.756,3.850,1.947,-0.093,0.093,0.068,-0.068,6317.535,-5685.781,3197.672,-2877.905,0.000,-0.167,-1.787,0.000,0.142,-1.518
1.186,1.753,3.866,1.922,-0.093,0.093,0.068,-0.068,6322.864,-5690.578,3197.672,-2877.905,0.000,-0.167,-1.789,0.000,0.142,-1.520
1.187,1.748,3.883,1.897,-0.093,0.093,0.068,-0.068,6328.194,-5695.374,3197.672,-2877.905,0.000,-0.167,-1.792,0.000,0.142,-1.522
1.188,1.743,3.899,1.872,-0.093,0.093,0.068,-0.068,6333.523,-5700.171,3197.672,-2877.905,0.000,-0.167,-1.794,0.000,0.142,-1.524
1.189,1.738,3.916,1.847,-0.093,0.093,0.068,-0.068,6338.853,-5704.967,3197.672,-2877.905,0.000,-0.167,-1.796,0.000,0.142,-1.526
1.190,1.731,3.932,1.823,-0.093,0.093,0.068,-0.068,6344.182,-5709.764,3197.672,-2877.905,0.000,-0.167,-1.798,0.000,0.142,-1.528
1.191,1.723,3.948,1.798,-0.093,0.093,0.068,-0.068,6349.512,-5714.560,3197.672,-2877.905,0.000,-0.167,-1.801,0.000,0.142,-1.530
1.192,1.714,3.964,1.773,-0.093,0.093,0.068,-0.068,6354.841,-5719.357,3197.672,-2877.905,0.000,-0.167,-1.803,0.000,0.142,-1.532
1.193,1.705,3.980,1.748,-0.093,0.093,0.068,-0.068,6360.171,-5724.153,3197.672,-2877.905,0.000,-0.168,-1.805,0.000,0.142,-1.534
1.194,1.695,3.996,1.724,-0.092,0.092,0.068,-0.068,6365.500,-5728.950,3197.672,-2877.905,0.000,-0.168,-1.808,0.000,0.142,-1.536
1.195,1.683,4.012,1.699,-0.092,0.092,0.068,-0.068,6370.829,-5733.746,3197.672,-2877.905,0.000,-0.168,-1.810,0.000,0.143,-1.538
1.196,1.671,4.028,1.675,-0.092,0.092,0.068,-0.068,6376.159,-5738.543,3197.672,-2877.905,0.000,-0.168,-1.812,0.000,0.143,-1.540
1.197,1.658,4.044,1.651,-0.092,0.092,0.068,-0.068,6381.488,-5743.340,3197.672,-2877.905,0.000,-0.168,-1.814,0.000,0.143,-1.543
1.198,1.644,4.060,1.626,-0.092,0.092,0.068,-0.068,6386.818,-5748.136,3197.672,-2877.905,0.000,-0.168,-1.817,0.000,0.143,-1.545
1.199,1.630,4.076,1.602,-0.092,0.092,0.068,-0.068,6392.147,-5752.933,3197.672,-2877.905,0.000,-0.168,-1.819,0.000,0.143,-1.547
1.200,1.614,4.091,1.578,-0.092,0.092,0.068,-0.068,6397.477,-5757.729,3197.672,-2877.905,0.000,-0.168,-1.821,0.000,0.143,-1.549
1.201,1.597,4.107,1.554,-0.092,0.092,0.068,-0.068,6402.806,-5762.526,3197.672,-2877.905,0.000,-0.168,-1.824,0.000,0.143,-1.551
1.202,1.580,4.122,1.530,-0.092,0.092,0.068,-0.068,6408.136,-5767.322,3197.672,-2877.905,0.000,-0.168,-1.826,0.000,0.143,-1.553
1.203,1.562,4.138,1.507,-0.092,0.092,0.068,-0.068,6413.465,-5772.119,3197.672,-2877.905,0.000,-0.168,-1.828,0.000,0.143,-1.555
1.204,1.543,4.153,1.483,-0.092,0.092,0.068,-0.068,6418.795,-5776.915,3197.672,-2877.905,0.000,-0.168,-1.830,0.000,0.143,-1.557
1.205,1.523,4.168,1.460,-0.092,0.092,0.068,-0.068,6424.124,-5781.712,3197.672,-2877.905,0.000,-0.169,-1.833,0.000,0.143,-1.559
1.206,1.502,4.184,1.436,-0.092,0.092,0.068,-0.068,6429.453,-5786.508,3197.672,-2877.905,0.000,-0.169,-1.835,0.000,0.143,-1.561
1.207,1.480,4.199,1.413,-0.092,0.092,0.068,-0.068,6434.783,-5791.305,3197.672,-2877.905,0.000,-0.169,-1.837,0.000,0.144,-1.563
1.208,1.458,4.214,1.391,-0.092,0.092,0.068,-0.068,6440.112,-5796.101,3197.672,-2877.905,0.000,-0.169,-1.840,0.000,0.144,-1.565
1.209,1.434,4.228,1.368,-0.091,0.091,0.068,-0.068,6445.442,-5800.898,3197.672,-2877.905,0.000,-0.169,-1.842,0.000,0.144,-1.567
1.210,1.410,4.243,1.345,-0.091,0.091,0.068,-0.068,6450.771,-5805.694,3197.672,-2877.905,0.000,-0.169,-1.844,0.000,0.144,-1.569
1.211,1.385,4.258,1.323,-0.091,0.091,0.068,-0.068,6456.101,-5810.491,3197.672,-2877.905,0.000,-0.169,-1.846,0.000,0.144,-1.571
1.212,1.359,4.272,1.301,-0.091,0.091,0.068,-0.068,6461.430,-5815.287,3197.672,-2877.905,0.000,-0.169,-1.849,0.000,0.144,-1.573
1.213,1.332,4.287,1.279,-0.091,0.091,0.068,-0.068,6466.760,-5820.084,3197.672,-2877.905,0.000,-0.169,-1.851,0.000,0.144,-1.575
1.214,1.305,4.301,1.258,-0.091,0.091,0.068,-0.068,6472.089,-5824.880,3197.672,-2877.905,0.000,-0.169,-1.853,0.000,0.144,-1.577
1.215,1.276,4.315,1.236,-0.091,0.091,0.068,-0.068,6477.419,-5829.677,3197.672,-2877.905,0.000,-0.169,-1.856,0.000,0.144,-1.579
1.216,1.247,4.329,1.215,-0.091,0.091,0.068,-0.068,6482.748,-5834.473,3197.672,-2877.905,0.000,-0.169,-1.858,0.000,0.144,-1.582
1.217,1.217,4.343,1.194,-0.091,0.091,0.068,-0.068,6488.077,-5839.270,3197.672,-2877.905,0.000,-0.170,-1.860,0.000,0.144,-1.584
1.218,1.187,4.357,1.174,-0.091,0.091,0.068,-0.068,6493.407,-5844.066,3197.672,-2877.905,0.000,-0.170,-1.862,0.000,0.144,-1.586
1.219,1.155,4.371,1.153,-0.091,0.091,0.068,-0.068,6498.736,-5848.863,3197.672,-2877.905,0.000,-0.170,-1.865,0.000,0.144,-1.588
1.220,1.123,4.384,1.133,-0.091,0.091,0.068,-0.068,6504.066,-5853.659,3197.672,-2877.905,0.000,-0.170,-1.867,0.000,0.145,-1.590
1.221,1.090,4.398,1.114,-0.091,0.091,0.068,-0.068,6509.395,-5858.456,3197.672,-2877.905,0.000,-0.170,-1.869,0.000,0.145,-1.592
1.222,1.056,4.411,1.094,-0.091,0.091,0.068,-0.068,6514.725,-5863.252,3197.672,-2877.905,0.000,-0.170,-1.871,0.000,0.145,-1.594
1.223,1.022,4.425,1.075,-0.090,0.090,0.068,-0.068,6520.054,-5868.049,3197.672,-2877.905,0.000,-0.170,-1.874,0.000,0.145,-1.596
1.224,0.987,4.438,1.056,-0.090,0.090,0.068,-0.068,6525.384,-5872.845,3197.672,-2877.905,0.000,-0.170,-1.876,0.000,0.145,-1.598
1.225,0.951,4.451,1.038,-0.090,0.090,0.068,-0.068,6530.713,-5877.642,3197.672,-2877.905,0.000,-0.170,-1.878,0.000,0.145,-1.600
1.226,0.914,4.463,1.020,-0.090,0.090,0.068,-0.068,6536.043,-5882.438,3197.672,-2877.905,0.000,-0.170,-1.881,0.000,0.145,-1.602
1.227,0.877,4.476,1.002,-0.090,0.090,0.068,-0.068,6541.372,-5887.235,3197.672,-2877.905,0.000,-0.170,-1.885,0.000,0.145,-1.604
1.228,0.839,4.489,0.985,-0.090,0.090,0.068,-0.068,6546.701,-5892.031,3197.672,-2877.905,0.000,-0.171,-1.888,0.000,0.145,-1.606
1.229,0.800,4.501,0.967,-0.090,0.090,0.068,-0.068,6552.031,-5896.828,3197.672,-2877.905,0.000,-0.171,-1.892,0.000,0.145,-1.608
1.230,0.761,4.514,0.951,-0.090,0.090,0.068,-0.068,6557.360,-5901.624,3197.672,-2877.905,0.000,-0.171,-1.895,0.000,0.145,-1.610
1.231,0.721,4.526,0.934,-0.090,0.090,0.068,-0.068,6562.690,-5906.421,3197.672,-2877.905,0.000,-0.171,-1.899,0.000,0.145,-1.612
1.232,0.680,4.539,0.918,-0.090,0.090,0.068,-0.068,6568.019,-5911.217,3197.672,-2877.905,0.000,-0.171,-1.903,0.000,0.145,-1.614
1.233,0.638,4.551,0.903,-0.090,0.090,0.068,-0.068,6573.349,-5916.014,3197.672,-2877.905,0.000,-0.172,-1.906,0.000,0.145,-1.616
1.234,0.596,4.563,0.887,-0.090,0.090,0.068,-0.068,6578.678,-5920.810,3197.672,-2877.905,0.000,-0.172,-1.910,0.000,0.146,-1.619
1.235,0.554,4.575,0.873,-0.090,0.090,0.068,-0.068,6584.008,-5925.607,3197.672,-2877.905,0.000,-0.172,-1.913,0.000,0.146,-1.621
1.236,0.510,4.587,0.858,-0.090,0.090,0.068,-0.068,6589.337,-5930.403,3197.672,-2877.905,0.000,-0.172,-1.917,0.000,0.146,-1.623
1.237,0.467,4.599,0.844,-0.089,0.089,0.068,-0.068,6594.667,-5935.200,3197.672,-2877.905,0.000,-0.172,-1.920,0.000,0.146,-1.625
1.238,0.422,4.610,0.830,-0.089,0.089,0.068,-0.068,6599.996,-5939.996,3197.672,-2877.905,0.000,-0.172,-1.924,0.000,0.146,-1.627
1.239,0.377,4.622,0.817,-0.089,0.089,0.068,-0.068,6605.325,-5944.793,3197.672,-2877.905,0.000,-0.173,-1.928,0.000,0.146,-1.629
1.240,0.331,4.634,0.804,-0.089,0.089,0.068,-0.068,6610.655,-5949.589,3197.672,-2877.905,0.000,-0.173,-1.931,0.000,0.146,-1.631
1.241,0.285,4.645,0.792,-0.089,0.089,0.068,-0.068,6615.984,-5954.386,3197.672,-2877.905,0.000,-0.173,-1.935,0.000,0.146,-1.633
1.242,0.238,4.656,0.780,-0.089,0.089,0.068,-0.068,6621.314,-5959.182,3197.672,-2877.905,0.000,-0.173,-1.938,0.000,0.146,-1.635
1.243,0.191,4.668,0.769,-0.089,0.089,0.068,-0.068,6626.643,-5963.979,3197.672,-2877.905,0.000,-0.173,-1.942,0.000,0.146,-1.637
1.244,0.143,4.679,0.758,-0.089,0.089,0.068,-0.068,6631.973,-5968.775,3197.672,-2877.905,0.000,-0.174,-1.945,0.000,0.146,-1.639
1.245,0.095,4.690,0.747,-0.089,0.089,0.068,-0.068,6637.302,-5973.572,3197.672,-2877.905,0.000,-0.174,-1.949,0.000,0.146,-1.641
1.246,0.046,4.700,0.737,-0.089,0.089,0.068,-0.068,6642.632,-5978.368,3197.672,-2877.905,0.000,-0.174,-1.953,0.000,0.146,-1.643
1.247,-0.003,4.711,0.728,-0.089,0.089,0.068,-0.068,6647.961,-5983.165,3197.672,-2877.905,0.000,-0.174,-1.956,0.000,0.146,-1.645
1.248,-0.053,4.722,0.719,-0.089,0.089,0.068,-0.068,6653.291,-5987.961,3197.672,-2877.905,0.000,-0.174,-1.960,0.000,0.147,-1.647
1.249,-0.103,4.732,0.710,-0.089,0.089,0.068,-0.068,6658.620,-5992.758,3197.672,-2877.905,0.000,-0.174,-1.963,0.000,0.147,-1.649
1.250,-0.154,4.743,0.702,-0.089,0.089,0.068,-0.068,6663.949,-5997.554,3197.672,-2877.905,0.000,-0.175,-1.967,0.000,0.147,-1.651
1.251,-0.205,4.753,0.694,-0.089,0.089,0.068,-0.068,6669.279,-6002.351,3197.672,-2877.905,0.000,-0.175,-1.970,0.000,0.147,-1.653
1.252,-0.256,4.763,0.687,-0.088,0.088,0.068,-0.068,6674.608,-6007.147,3197.672,-2877.905,0.000,-0.175,-1.974,0.000,0.147,-1.655
1.253,-0.308,4.773,0.681,-0.088,0.088,0.068,-0.068,6679.938,-6011.944,3197.672,-2877.905,0.000,-0.175,-1.978,0.000,0.147,-1.658
1.254,-0.361,4.783,0.675,-0.088,0.088,0.068,-0.068,6685.267,-6016.741,3197.672,-2877.905,0.000,-0.175,-1.981,0.000,0.147,-1.660
1.255,-0.413,4.793,0.669,-0.088,0.088,0.068,-0.068,6690.597,-6021.537,3197.672,-2877.905,0.000,-0.176,-1.985,0.000,0.147,-1.662
1.256,-0.466,4.803,0.664,-0.088,0.088,0.068,-0.068,6695.926,-6026.334,3197.672,-2877.905,0.000,-0.176,-1.988,0.000,0.147,-1.664
1.257,-0.520,4.812,0.659,-0.088,0.088,0.068,-0.068,6701.256,-6031.130,3197.672,-2877.905,0.000,-0.176,-1.992,0.000,0.147,-1.666
1.258,-0.573,4.822,0.655,-0.088,0.088,0.068,-0.068,6706.585,-6035.927,3197.672,-2877.905,0.000,-0.176,-1.995,0.000,0.147,-1.668
1.259,-0.627,4.831,0.652,-0.088,0.088,0.068,-0.068,6711.915,-6040.723,3197.672,-2877.905,0.000,-0.176,-1.999,0.000,0.147,-1.670
1.260,-0.681,4.840,0.649,-0.088,0.088,0.068,-0.068,6717.244,-6045.520,3197.672,-2877.905,0.000,-0.176,-2.003,0.000,0.147,-1.672
1.261,-0.736,4.849,0.647,-0.088,0.088,0.068,-0.068,6722.573,-6050.316,3197.672,-2877.905,0.000,-0.177,-2.006,0.000,0.147,-1.674
1.262,-0.791,4.858,0.645,-0.088,0.088,0.068,-0.068,6727.903,-6055.113,3197.672,-2877.905,0.000,-0.177,-2.010,0.000,0.147,-1.676
1.263,-0.846,4.867,0.643,-0.088,0.088,0.068,-0.068,6733.232,-6059.909,3197.672,-2877.905,0.000,-0.177,-2.013,0.000,0.147,-1.678
1.264,-0.901,4.876,0.643,-0.088,0.088,0.068,-0.068,6738.562,-6064.706,3197.672,-2877.905,0.000,-0.177,-2.017,0.000,0.148,-1.680
1.265,-0.956,4.884,0.643,-0.088,0.088,0.068,-0.068,6743.891,-6069.502,3197.672,-2877.905,0.000,-0.177,-2.020,0.000,0.148,-1.682
1.266,-1.012,4.893,0.643,-0.087,0.087,0.068,-0.068,6749.221,-6074.299,3197.672,-2877.905,0.000,-0.177,-2.024,0.000,0.148,-1.684
1.267,-1.067,4.901,0.644,-0.087,0.087,0.068,-0.068,6754.550,-6079.095,3197.672,-2877.905,0.000,-0.178,-2.028,0.000,0.148,-1.686
1.268,-1.123,4.909,0.645,-0.087,0.087,0.068,-0.068,6759.880,-6083.892,3197.672,-2877.905,0.000,-0.178,-2.031,0.000,0.148,-1.688
1.269,-1.179,4.917,0.647,-0.087,0.087,0.068,-0.068,6765.209,-6088.688,3197.672,-2877.905,0.000,-0.178,-2.035,0.000,0.148,-1.690
1.270,-1.236,4.925,0.650,-0.087,0.087,0.068,-0.068,6770.539,-6093.485,3197.672,-2877.905,0.000,-0.178,-2.038,0.000,0.148,-1.692
1.271,-1.292,4.932,0.653,-0.087,0.087,0.068,-0.068,6775.868,-6098.281,3197.672,-2877.905,0.000,-0.178,-2.042,0.000,0.148,-1.695
1.272,-1.348,4.940,0.657,-0.087,0.087,0.068,-0.068,6781.197,-6103.078,3197.672,-2877.905,0.000,-0.178,-2.045,0.000,0.148,-1.697
1.273,-1.405,4.947,0.661,-0.087,0.087,0.068,-0.068,6786.527,-6107.874,3197.672,-2877.905,0.000,-0.179,-2.049,0.000,0.148,-1.699
1.274,-1.461,4.955,0.666,-0.087,0.087,0.068,-0.068,6791.856,-6112.671,3197.672,-2877.905,0.000,-0.179,-2.053,0.000,0.148,-1.701
1.275,-1.518,4.962,0.672,-0.087,0.087,0.068,-0.068,6797.186,-6117.467,3197.672,-2877.905,0.000,-0.179,-2.056,0.000,0.148,-1.703
1.276,-1.574,4.969,0.678,-0.087,0.087,0.068,-0.068,6802.515,-6122.264,3197.672,-2877.905,0.000,-0.179,-2.060,0.000,0.148,-1.705
1.277,-1.631,4.975,0.684,-0.087,0.087,0.068,-0.068,6807.845,-6127.060,3197.672,-2877.905,0.000,-0.179,-2.063,0.000,0.148,-1.707
1.278,-1.687,4.982,0.691,-0.087,0.087,0.068,-0.068,6813.174,-6131.857,3197.672,-2877.905,0.000,-0.179,-2.067,0.000,0.148,-1.709
1.279,-1.744,4.989,0.699,-0.087,0.087,0.068,-0.068,6818.504,-6136.653,3197.672,-2877.905,0.000,-0.180,-2.070,0.000,0.148,-1.711
1.280,-1.800,4.995,0.708,-0.086,0.086,0.068,-0.068,6823.833,-6141.450,3197.672,-2877.905,0.000,-0.180,-2.074,0.000,0.149,-1.713
1.281,-1.857,5.001,0.716,-0.086,0.086,0.068,-0.068,6829.162,-6146.246,3197.672,-2877.905,0.000,-0.180,-2.078,0.000,0.149,-1.715
1.282,-1.913,5.007,0.726,-0.086,0.086,0.068,-0.068,6834.492,-6151.043,3197.672,-2877.905,0.000,-0.180,-2.081,0.000,0.149,-1.717
1.283,-1.969,5.013,0.736,-0.086,0.086,0.068,-0.068,6839.821,-6155.839,3197.672,-2877.905,0.000,-0.180,-2.085,0.000,0.149,-1.719
1.284,-2.025,5.019,0.747,-0.086,0.086,0.068,-0.068,6845.151,-6160.636,3197.672,-2877.905,0.000,-0.180,-2.088,0.000,0.149,-1.721
1.285,-2.081,5.024,0.758,-0.086,0.086,0.068,-0.068,6850.480,-6165.432,3197.672,-2877.905,0.000,-0.181,-2.092,0.000,0.149,-1.723
1.286,-2.137,5.030,0.770,-0.086,0.086,0.068,-0.068,6855.810,-6170.229,3197.672,-2877.905,0.000,-0.181,-2.095,0.000,0.149,-1.725
1.287,-2.193,5.035,0.782,-0.086,0.086,0.068,-0.068,6861.139,-6175.025,3197.672,-2877.905,0.000,-0.181,-2.099,0.000,0.149,-1.727
1.288,-2.248,5.040,0.795,-0.086,0.086,0.068,-0.068,6866.469,-6179.822,3197.672,-2877.905,0.000,-0.181,-2.103,0.000,0.149,-1.729
1.289,-2.303,5.045,0.808,-0.086,0.086,0.068,-0.068,6871.798,-6184.618,3197.672,-2877.905,0.000,-0.181,-2.106,0.000,0.149,-1.732
1.290,-2.358,5.049,0.823,-0.086,0.086,0.068,-0.068,6877.128,-6189.415,3197.672,-2877.905,0.000,-0.181,-2.110,0.000,0.149,-1.734
1.291,-2.413,5.054,0.837,-0.086,0.086,0.068,-0.068,6882.457,-6194.211,3197.672,-2877.905,0.000,-0.182,-2.113,0.000,0.149,-1.736
1.292,-2.468,5.058,0.852,-0.086,0.086,0.068,-0.068,6887.786,-6199.008,3197.672,-2877.905,0.000,-0.182,-2.117,0.000,0.149,-1.738
1.293,-2.522,5.062,0.868,-0.086,0.086,0.068,-0.068,6893.116,-6203.804,3197.672,-2877.905,0.000,-0.182,-2.120,0.000,0.149,-1.740
1.294,-2.576,5.066,0.884,-0.086,0.086,0.068,-0.068,6898.445,-6208.601,3197.672,-2877.905,0.000,-0.182,-2.124,0.000,0.149,-1.742
1.295,-2.629,5.070,0.901,-0.085,0.085,0.068,-0.068,6903.775,-6213.397,3197.672,-2877.905,0.000,-0.182,-2.128,0.000,0.149,-1.744
1.296,-2.682,5.074,0.919,-0.085,0.085,0.068,-0.068,6909.104,-6218.194,3197.672,-2877.905,0.000,-0.182,-2.131,0.000,0.149,-1.746
1.297,-2.735,5.077,0.937,-0.085,0.085,0.068,-0.068,6914.434,-6222.990,3197.672,-2877.905,0.000,-0.183,-2.135,0.000,0.149,-1.748
1.298,-2.788,5.081,0.955,-0.085,0.085,0.068,-0.068,6919.763,-6227.787,3197.672,-2877.905,0.000,-0.183,-2.138,0.000,0.150,-1.750
1.299,-2.840,5.084,0.974,-0.085,0.085,0.068,-0.068,6925.093,-6232.583,3197.672,-2877.905,0.000,-0.183,-2.142,0.000,0.150,-1.752
1.300,-2.892,5.087,0.994,-0.085,0.085,0.068,-0.068,6930.422,-6237.380,3197.672,-2877.905,0.000,-0.183,-2.145,0.000,0.150,-1.754
1.301,-2.943,5.090,1.014,-0.085,0.085,0.068,-0.068,6935.752,-6242.176,3197.672,-2877.905,0.000,-0.183,-2.149,0.000,0.150,-1.756
1.302,-2.994,5.092,1.034,-0.085,0.085,0.068,-0.068,6941.081,-6246.973,3197.672,-2877.905,0.000,-0.183,-2.153,0.000,0.150,-1.758
1.303,-3.045,5.095,1.055,-0.085,0.085,0.068,-0.068,6946.410,-6251.769,3197.672,-2877.905,0.000,-0.183,-2.156,0.000,0.150,-1.760
1.304,-3.095,5.097,1.077,-0.085,0.085,0.068,-0.068,6951.740,-6256.566,3197.672,-2877.905,0.000,-0.184,-2.160,0.000,0.150,-1.762
1.305,-3.144,5.099,1.099,-0.085,0.085,0.068,-0.068,6957.069,-6261.362,3197.672,-2877.905,0.000,-0.184,-2.163,0.000,0.150,-1.764
1.306,-3.193,5.101,1.122,-0.085,0.085,0.068,-0.068,6962.399,-6266.159,3197.672,-2877.905,0.000,-0.184,-2.167,0.000,0.150,-1.766
1.307,-3.242,5.102,1.145,-0.085,0.085,0.068,-0.068,6967.728,-6270.955,3197.672,-2877.905,0.000,-0.184,-2.170,0.000,0.150,-1.769
1.308,-3.289,5.104,1.169,-0.085,0.085,0.068,-0.068,6973.058,-6275.752,3197.672,-2877.905,0.000,-0.184,-2.174,0.000,0.150,-1.771
1.309,-3.337,5.105,1.193,-0.084,0.084,0.068,-0.068,6978.387,-6280.548,3197.672,-2877.905,0.000,-0.184,-2.178,0.000,0.150,-1.773
1.310,-3.384,5.106,1.217,-0.084,0.084,0.068,-0.068,6983.717,-6285.345,3197.672,-2877.905,0.000,-0.184,-2.181,0.000,0.150,-1.775
1.311,-3.430,5.107,1.242,-0.084,0.084,0.068,-0.068,6989.046,-6290.142,3197.672,-2877.905,0.000,-0.185,-2.185,0.000,0.150,-1.777
1.312,-3.476,5.108,1.268,-0.084,0.084,0.068,-0.068,6994.376,-6294.938,3197.672,-2877.905,0.000,-0.185,-2.188,0.000,0.150,-1.779
1.313,-3.521,5.108,1.294,-0.084,0.084,0.068,-0.068,6999.705,-6299.735,3197.672,-2877.905,0.000,-0.185,-2.192,0.000,0.150,-1.781
1.314,-3.565,5.108,1.320,-0.084,0.084,0.068,-0.068,7005.034,-6304.531,3197.672,-2877.905,0.000,-0.185,-2.195,0.000,0.150,-1.783
1.315,-3.609,5.109,1.347,-0.084,0.084,0.068,-0.068,7010.364,-6309.328,3197.672,-2877.905,0.000,-0.185,-2.199,0.000,0.150,-1.785
1.316,-3.652,5.108,1.375,-0.084,0.084,0.068,-0.068,7015.693,-6314.124,3197.672,-2877.905,0.000,-0.185,-2.203,0.000,0.150,-1.787
1.317,-3.695,5.108,1.402,-0.084,0.084,0.068,-0.068,7021.023,-6318.921,3197.672,-2877.905,0.000,-0.186,-2.206,0.000,0.150,-1.789
1.318,-3.736,5.108,1.431,-0.084,0.084,0.068,-0.068,7026.352,-6323.717,3197.672,-2877.905,0.000,-0.186,-2.210,0.000,0.151,-1.791
1.319,-3.778,5.107,1.459,-0.084,0.084,0.068,-0.068,7031.682,-6328.514,3197.672,-2877.905,0.000,-0.186,-2.213,0.000,0.151,-1.793
1.320,-3.818,5.106,1.488,-0.084,0.084,0.068,-0.068,7037.011,-6333.310,3197.672,-2877.905,0.000,-0.186,-2.217,0.000,0.151,-1.795
1.321,-3.858,5.105,1.518,-0.084,0.084,0.068,-0.068,7042.341,-6338.107,3197.672,-2877.905,0.000,-0.186,-2.220,0.000,0.151,-1.797
1.322,-3.897,5.104,1.548,-0.084,0.084,0.068,-0.068,7047.670,-6342.903,3197.672,-2877.905,0.000,-0.186,-2.224,0.000,0.151,-1.799
1.323,-3.935,5.102,1.578,-0.083,0.083,0.068,-0.068,7053.000,-6347.700,3197.672,-2877.905,0.000,-0.186,-2.228,0.000,0.151,-1.801
1.324,-3.972,5.101,1.608,-0.083,0.083,0.068,-0.068,7058.329,-6352.496,3197.672,-2877.905,0.000,-0.187,-2.231,0.000,0.151,-1.803
1.325,-4.009,5.099,1.639,-0.083,0.083,0.068,-0.068,7063.658,-6357.293,3197.672,-2877.905,0.000,-0.187,-2.235,0.000,0.151,-1.806
1.326,-4.045,5.097,1.671,-0.083,0.083,0.068,-0.068,7068.988,-6362.089,3197.672,-2877.905,0.000,-0.187,-2.238,0.000,0.151,-1.808
1.327,-4.080,5.095,1.702,-0.083,0.083,0.068,-0.068,7074.317,-6366.886,3197.672,-2877.905,0.000,-0.187,-2.242,0.000,0.151,-1.810
1.328,-4.114,5.092,1.734,-0.083,0.083,0.068,-0.068,7079.647,-6371.682,3197.672,-2877.905,0.000,-0.187,-2.245,0.000,0.151,-1.812
1.329,-4.147,5.090,1.767,-0.083,0.083,0.068,-0.068,7084.976,-6376.479,3197.672,-2877.905,0.000,-0.187,-2.249,0.000,0.151,-1.814
1.330,-4.180,5.087,1.799,-0.083,0.083,0.068,-0.068,7090.306,-6381.275,3197.672,-2877.905,0.000,-0.187,-2.253,0.000,0.151,-1.816
1.331,-4.212,5.084,1.832,-0.083,0.083,0.068,-0.068,7095.635,-6386.072,3197.672,-2877.905,0.000,-0.188,-2.256,0.000,0.151,-1.818
1.332,-4.243,5.081,1.865,-0.083,0.083,0.068,-0.068,7100.965,-6390.868,3197.672,-2877.905,0.000,-0.188,-2.260,0.000,0.151,-1.820
1.333,-4.273,5.077,1.899,-0.083,0.083,0.068,-0.068,7106.294,-6395.665,3197.672,-2877.905,0.000,-0.188,-2.263,0.000,0.151,-1.822
1.334,-4.302,5.074,1.933,-0.083,0.083,0.068,-0.068,7111.624,-6400.461,3197.672,-2877.905,0.000,-0.188,-2.267,0.000,0.151,-1.824
1.335,-4.330,5.070,1.967,-0.083,0.083,0.068,-0.068,7116.953,-6405.258,3197.672,-2877.905,0.000,-0.188,-2.270,0.000,0.151,-1.826
1.336,-4.357,5.066,2.001,-0.083,0.083,0.068,-0.068,7122.282,-6410.054,3197.672,-2877.905,0.000,-0.188,-2.274,0.000,0.151,-1.828
1.337,-4.384,5.062,2.036,-0.083,0.083,0.068,-0.068,7127.612,-6414.851,3197.672,-2877.905,0.000,-0.188,-2.278,0.000,0.151,-1.830
1.338,-4.409,5.058,2.071,-0.082,0.082,0.068,-0.068,7132.941,-6419.647,3197.672,-2877.905,0.000,-0.188,-2.281,0.000,0.151,-1.832
1.339,-4.434,5.053,2.106,-0.082,0.082,0.068,-0.068,7138.271,-6424.444,3197.672,-2877.905,0.000,-0.189,-2.285,0.000,0.151,-1.834
1.340,-4.458,5.049,2.141,-0.082,0.082,0.068,-0.068,7143.600,-6429.240,3197.672,-2877.905,0.000,-0.189,-2.288,0.000,0.151,-1.836
1.341,-4.480,5.044,2.177,-0.082,0.082,0.068,-0.068,7148.930,-6434.037,3197.672,-2877.905,0.000,-0.189,-2.292,0.000,0.152,-1.838
1.342,-4.502,5.039,2.213,-0.082,0.082,0.068,-0.068,7154.259,-6438.833,3197.672,-2877.905,0.000,-0.189,-2.295,0.000,0.152,-1.840
1.343,-4.523,5.034,2.249,-0.082,0.082,0.068,-0.068,7159.589,-6443.630,3197.672,-2877.905,0.000,-0.189,-2.299,0.000,0.152,-1.843
1.344,-4.543,5.029,2.285,-0.082,0.082,0.068,-0.068,7164.918,-6448.426,3197.672,-2877.905,0.000,-0.189,-2.303,0.000,0.152,-1.845
1.345,-4.562,5.023,2.321,-0.082,0.082,0.068,-0.068,7170.248,-6453.223,3197.672,-2877.905,0.000,-0.189,-2.306,0.000,0.152,-1.847
1.346,-4.580,5.018,2.357,-0.082,0.082,0.068,-0.068,7175.577,-6458.019,3197.672,-2877.905,0.000,-0.190,-2.310,0.000,0.152,-1.849
1.347,-4.597,5.012,2.394,-0.082,0.082,0.068,-0.068,7180.906,-6462.816,3197.672,-2877.905,0.000,-0.190,-2.313,0.000,0.152,-1.851
1.348,-4.613,5.006,2.431,-0.082,0.082,0.068,-0.068,7186.236,-6467.612,3197.672,-2877.905,0.000,-0.190,-2.317,0.000,0.152,-1.853
1.349,-4.628,5.000,2.468,-0.082,0.082,0.068,-0.068,7191.565,-6472.409,3197.672,-2877.905,0.000,-0.190,-2.320,0.000,0.152,-1.855
1.350,-4.642,4.994,2.505,-0.082,0.082,0.068,-0.068,7196.895,-6477.205,3197.672,-2877.905,0.000,-0.190,-2.324,0.000,0.152,-1.857
1.351,-4.655,4.988,2.542,-0.082,0.082,0.068,-0.068,7202.224,-6482.002,3197.672,-2877.905,0.000,-0.190,-2.328,0.000,0.152,-1.859
1.352,-4.666,4.981,2.579,-0.081,0.081,0.068,-0.068,7207.554,-6486.798,3197.672,-2877.905,0.000,-0.190,-2.331,0.000,0.152,-1.861
1.353,-4.677,4.975,2.616,-0.081,0.081,0.068,-0.068,7212.883,-6491.595,3197.672,-2877.905,0.000,-0.190,-2.335,0.000,0.152,-1.863
1.354,-4.687,4.968,2.654,-0.081,0.081,0.068,-0.068,7218.213,-6496.391,3197.672,-2877.905,0.000,-0.191,-2.338,0.000,0.152,-1.865
1.355,-4.696,4.961,2.691,-0.081,0.081,0.068,-0.068,7223.542,-6501.188,3197.672,-2877.905,0.000,-0.191,-2.342,0.000,0.152,-1.867
1.356,-4.704,4.954,2.728,-0.081,0.081,0.068,-0.068,7228.872,-6505.984,3197.672,-2877.905,0.000,-0.191,-2.346,0.000,0.152,-1.869
1.357,-4.711,4.947,2.766,-0.081,0.081,0.068,-0.068,7234.201,-6510.781,3197.672,-2877.905,0.000,-0.191,-2.349,0.000,0.152,-1.871
1.358,-4.717,4.940,2.803,-0.081,0.081,0.068,-0.068,7239.530,-6515.577,3197.672,-2877.905,0.000,-0.191,-2.353,0.000,0.152,-1.873
1.359,-4.722,4.933,2.841,-0.081,0.081,0.068,-0.068,7244.860,-6520.374,3197.672,-2877.905,0.000,-0.191,-2.356,0.000,0.152,-1.875
1.360,-4.725,4.925,2.878,-0.081,0.081,0.068,-0.068,7250.189,-6525.170,3197.672,-2877.905,0.000,-0.191,-2.360,0.000,0.152,-1.877
1.361,-4.728,4.918,2.916,-0.081,0.081,0.068,-0.068,7255.519,-6529.967,3197.672,-2877.905,0.000,-0.191,-2.363,0.000,0.152,-1.880
1.362,-4.730,4.910,2.953,-0.081,0.081,0.068,-0.068,7260.848,-6534.763,3197.672,-2877.905,0.000,-0.192,-2.367,0.000,0.152,-1.882
1.363,-4.731,4.903,2.991,-0.081,0.081,0.068,-0.068,7266.178,-6539.560,3197.672,-2877.905,0.000,-0.192,-2.371,0.000,0.152,-1.885
1.364,-4.730,4.895,3.028,-0.081,0.081,0.068,-0.068,7271.507,-6544.356,3197.672,-2877.905,0.000,-0.192,-2.374,0.000,0.153,-1.888
1.365,-4.729,4.887,3.066,-0.081,0.081,0.068,-0.068,7276.837,-6549.153,3197.672,-2877.905,0.000,-0.192,-2.378,0.000,0.153,-1.891
1.366,-4.726,4.879,3.103,-0.080,0.080,0.068,-0.068,7282.166,-6553.949,3197.672,-2877.905,0.000,-0.192,-2.381,0.000,0.153,-1.895
1.367,-4.723,4.871,3.140,-0.080,0.080,0.068,-0.068,7287.496,-6558.746,3197.672,-2877.905,0.000,-0.192,-2.385,0.000,0.153,-1.898
1.368,-4.718,4.862,3.178,-0.080,0.080,0.068,-0.068,7292.825,-6563.543,3197.672,-2877.905,0.000,-0.192,-2.388,0.000,0.153,-1.901
1.369,-4.713,4.854,3.215,-0.080,0.080,0.068,-0.068,7298.154,-6568.339,3197.672,-2877.905,0.000,-0.192,-2.392,0.000,0.153,-1.904
1.370,-4.706,4.846,3.252,-0.080,0.080,0.068,-0.068,7303.484,-6573.136,3197.672,-2877.905,0.000,-0.193,-2.396,0.000,0.153,-1.908
1.371,-4.699,4.837,3.289,-0.080,0.080,0.068,-0.068,7308.813,-6577.932,3197.672,-2877.905,0.000,-0.193,-2.399,0.000,0.153,-1.911
1.372,-4.690,4.828,3.325,-0.080,0.080,0.068,-0.068,7314.143,-6582.729,3197.672,-2877.905,0.000,-0.193,-2.403,0.000,0.154,-1.914
1.373,-4.680,4.820,3.362,-0.080,0.080,0.068,-0.068,7319.472,-6587.525,3197.672,-2877.905,0.000,-0.193,-2.406,0.000,0.154,-1.917
1.374,-4.670,4.811,3.398,-0.080,0.080,0.068,-0.068,7324.802,-6592.322,3197.672,-2877.905,0.000,-0.193,-2.410,0.000,0.154,-1.920
1.375,-4.658,4.802,3.435,-0.080,0.080,0.068,-0.068,7330.131,-6597.118,3197.672,-2877.905,0.000,-0.193,-2.413,0.000,0.154,-1.924
1.376,-4.645,4.793,3.471,-0.080,0.080,0.068,-0.068,7335.461,-6601.915,3197.672,-2877.905,0.000,-0.193,-2.417,0.000,0.154,-1.927
1.377,-4.631,4.785,3.507,-0.080,0.080,0.068,-0.068,7340.790,-6606.711,3197.672,-2877.905,0.000,-0.193,-2.421,0.000,0.154,-1.930
1.378,-4.617,4.776,3.543,-0.080,0.080,0.068,-0.068,7346.120,-6611.508,3197.672,-2877.905,0.000,-0.193,-2.424,0.000,0.154,-1.933
1.379,-4.601,4.767,3.578,-0.080,0.080,0.068,-0.068,7351.449,-6616.304,3197.672,-2877.905,0.000,-0.194,-2.428,0.000,0.154,-1.937
1.380,-4.584,4.758,3.613,-0.080,0.080,0.068,-0.068,7356.778,-6621.101,3197.672,-2877.905,0.000,-0.194,-2.431,0.000,0.155,-1.940
1.381,-4.566,4.749,3.649,-0.079,0.079,0.068,-0.068,7362.108,-6625.897,3197.672,-2877.905,0.000,-0.194,-2.435,0.000,0.155,-1.943
1.382,-4.548,4.740,3.684,-0.079,0.079,0.068,-0.068,7367.437,-6630.694,3197.672,-2877.905,0.000,-0.194,-2.438,0.000,0.155,-1.946
1.383,-4.528,4.731,3.718,-0.079,0.079,0.068,-0.068,7372.767,-6635.490,3197.672,-2877.905,0.000,-0.194,-2.442,0.000,0.155,-1.949
1.384,-4.507,4.722,3.753,-0.079,0.079,0.068,-0.068,7378.096,-6640.287,3197.672,-2877.905,0.000,-0.194,-2.446,0.000,0.155,-1.953
1.385,-4.486,4.713,3.787,-0.079,0.079,0.068,-0.068,7383.426,-6645.083,3197.672,-2877.905,0.000,-0.194,-2.449,0.000,0.155,-1.956
1.386,-4.463,4.704,3.821,-0.079,0.079,0.068,-0.068,7388.755,-6649.880,3197.672,-2877.905,0.000,-0.194,-2.453,0.000,0.155,-1.959
1.387,-4.439,4.695,3.854,-0.079,0.079,0.068,-0.068,7394.085,-6654.676,3197.672,-2877.905,0.000,-0.194,-2.456,0.000,0.155,-1.962
1.388,-4.415,4.686,3.888,-0.079,0.079,0.068,-0.068,7399.414,-6659.473,3197.672,-2877.905,0.000,-0.195,-2.460,0.000,0.155,-1.965
1.389,-4.389,4.677,3.921,-0.079,0.079,0.068,-0.068,7404.744,-6664.269,3197.672,-2877.905,0.000,-0.195,-2.463,0.000,0.156,-1.969
1.390,-4.363,4.669,3.954,-0.079,0.079,0.068,-0.068,7410.073,-6669.066,3197.672,-2877.905,0.000,-0.195,-2.467,0.000,0.156,-1.972
1.391,-4.336,4.660,3.986,-0.079,0.079,0.068,-0.068,7415.402,-6673.862,3197.672,-2877.905,0.000,-0.195,-2.471,0.000,0.156,-1.975
1.392,-4.308,4.651,4.018,-0.079,0.079,0.068,-0.068,7420.732,-6678.659,3197.672,-2877.905,0.000,-0.195,-2.474,0.000,0.156,-1.978
1.393,-4.279,4.643,4.050,-0.079,0.079,0.068,-0.068,7426.061,-6683.455,3197.672,-2877.905,0.000,-0.195,-2.478,0.000,0.156,-1.982
1.394,-4.249,4.634,4.082,-0.079,0.079,0.068,-0.068,7431.391,-6688.252,3197.672,-2877.905,0.000,-0.195,-2.481,0.000,0.156,-1.985
1.395,-4.218,4.626,4.113,-0.078,0.078,0.068,-0.068,7436.720,-6693.048,3197.672,-2877.905,0.000,-0.195,-2.485,0.000,0.156,-1.988
1.396,-4.186,4.618,4.144,-0.078,0.078,0.068,-0.068,7442.050,-6697.845,3197.672,-2877.905,0.000,-0.195,-2.488,0.000,0.156,-1.991
1.397,-4.153,4.609,4.174,-0.078,0.078,0.068,-0.068,7447.379,-6702.641,3197.672,-2877.905,0.000,-0.196,-2.492,0.000,0.157,-1.994
1.398,-4.120,4.601,4.204,-0.078,0.078,0.068,-0.068,7452.709,-6707.438,3197.672,-2877.905,0.000,-0.196,-2.496,0.000,0.157,-1.998
1.399,-4.086,4.593,4.234,-0.078,0.078,0.068,-0.068,7458.038,-6712.234,3197.672,-2877.905,0.000,-0.196,-2.499,0.000,0.157,-2.001
1.400,-4.051,4.585,4.263,-0.078,0.078,0.068,-0.068,7463.368,-6717.031,3197.672,-2877.905,0.000,-0.196,-2.503,0.000,0.157,-2.004
1.401,-4.015,4.578,4.292,-0.078,0.078,0.068,-0.068,7468.697,-6721.827,3197.672,-2877.905,0.000,-0.196,-2.506,0.000,0.157,-2.007
1.402,-3.978,4.570,4.321,-0.078,0.078,0.068,-0.068,7474.026,-6726.624,3197.672,-2877.905,0.000,-0.196,-2.510,0.000,0.157,-2.010
1.403,-3.941,4.563,4.349,-0.078,0.078,0.068,-0.068,7479.356,-6731.420,3197.672,-2877.905,0.000,-0.196,-2.514,0.000,0.157,-2.014
1.404,-3.903,4.556,4.377,-0.078,0.078,0.068,-0.068,7484.685,-6736.217,3197.672,-2877.905,0.000,-0.196,-2.517,0.000,0.157,-2.017
1.405,-3.864,4.549,4.404,-0.078,0.078,0.068,-0.068,7490.015,-6741.013,3197.672,-2877.905,0.000,-0.196,-2.521,0.000,0.157,-2.020
1.406,-3.824,4.542,4.431,-0.078,0.078,0.068,-0.068,7495.344,-6745.810,3197.672,-2877.905,0.000,-0.196,-2.524,0.000,0.158,-2.023
1.407,-3.783,4.535,4.458,-0.078,0.078,0.068,-0.068,7500.674,-6750.606,3197.672,-2877.905,0.000,-0.197,-2.528,0.000,0.158,-2.027
1.408,-3.742,4.528,4.484,-0.078,0.078,0.068,-0.068,7506.003,-6755.403,3197.672,-2877.905,0.000,-0.197,-2.531,0.000,0.158,-2.030
1.409,-3.700,4.522,4.510,-0.077,0.077,0.068,-0.068,7511.333,-6760.199,3197.672,-2877.905,0.000,-0.197,-2.535,0.000,0.158,-2.033
1.410,-3.658,4.516,4.535,-0.077,0.077,0.068,-0.068,7516.662,-6764.996,3197.672,-2877.905,0.000,-0.197,-2.539,0.000,0.158,-2.036
1.411,-3.615,4.510,4.560,-0.077,0.077,0.068,-0.068,7521.992,-6769.792,3197.672,-2877.905,0.000,-0.197,-2.542,0.000,0.158,-2.039
1.412,-3.571,4.504,4.584,-0.077,0.077,0.068,-0.068,7527.321,-6774.589,3197.672,-2877.905,0.000,-0.197,-2.546,0.000,0.158,-2.043
1.413,-3.526,4.499,4.608,-0.077,0.077,0.068,-0.068,7532.650,-6779.385,3197.672,-2877.905,0.000,-0.197,-2.549,0.000,0.158,-2.046
1.414,-3.481,4.494,4.632,-0.077,0.077,0.068,-0.068,7537.980,-6784.182,3197.672,-2877.905,0.000,-0.197,-2.553,0.000,0.158,-2.049
1.415,-3.435,4.489,4.655,-0.077,0.077,0.068,-0.068,7543.309,-6788.978,3197.672,-2877.905,0.000,-0.197,-2.556,0.000,0.158,-2.052
1.416,-3.389,4.484,4.677,-0.077,0.077,0.068,-0.068,7548.639,-6793.775,3197.672,-2877.905,0.000,-0.197,-2.560,0.000,0.159,-2.056
1.417,-3.342,4.479,4.699,-0.077,0.077,0.068,-0.068,7553.968,-6798.571,3197.672,-2877.905,0.000,-0.198,-2.564,0.000,0.159,-2.059
1.418,-3.294,4.475,4.721,-0.077,0.077,0.068,-0.068,7559.298,-6803.368,3197.672,-2877.905,0.000,-0.198,-2.567,0.000,0.159,-2.062
1.419,-3.246,4.471,4.742,-0.077,0.077,0.068,-0.068,7564.627,-6808.164,3197.672,-2877.905,0.000,-0.198,-2.571,0.000,0.159,-2.065
1.420,-3.198,4.467,4.763,-0.077,0.077,0.068,-0.068,7569.957,-6812.961,3197.672,-2877.905,0.000,-0.198,-2.574,0.000,0.159,-2.068
1.421,-3.149,4.464,4.783,-0.077,0.077,0.068,-0.068,7575.286,-6817.757,3197.672,-2877.905,0.000,-0.198,-2.578,0.000,0.159,-2.072
1.422,-3.099,4.461,4.803,-0.077,0.077,0.068,-0.068,7580.616,-6822.554,3197.672,-2877.905,0.000,-0.198,-2.581,0.000,0.159,-2.075
1.423,-3.049,4.458,4.822,-0.077,0.077,0.068,-0.068,7585.945,-6827.350,3197.672,-2877.905,0.000,-0.198,-2.585,0.000,0.159,-2.078
1.424,-2.998,4.455,4.841,-0.076,0.076,0.068,-0.068,7591.274,-6832.147,3197.672,-2877.905,0.000,-0.198,-2.589,0.000,0.159,-2.081
1.425,-2.947,4.453,4.859,-0.076,0.076,0.068,-0.068,7596.604,-6836.943,3197.672,-2877.905,0.000,-0.198,-2.592,0.000,0.159,-2.084
1.426,-2.896,4.451,4.876,-0.076,0.076,0.068,-0.068,7601.933,-6841.740,3197.672,-2877.905,0.000,-0.198,-2.596,0.000,0.160,-2.088
1.427,-2.844,4.449,4.894,-0.076,0.076,0.068,-0.068,7607.263,-6846.537,3197.672,-2877.905,0.000,-0.199,-2.599,0.000,0.160,-2.091
1.428,-2.792,4.448,4.910,-0.076,0.076,0.068,-0.068,7612.592,-6851.333,3197.672,-2877.905,0.000,-0.199,-2.603,0.000,0.160,-2.094
1.429,-2.739,4.447,4.926,-0.076,0.076,0.068,-0.068,7617.922,-6856.130,3197.672,-2877.905,0.000,-0.199,-2.606,0.000,0.160,-2.097
1.430,-2.686,4.446,4.942,-0.076,0.076,0.068,-0.068,7623.251,-6860.926,3197.672,-2877.905,0.000,-0.199,-2.610,0.000,0.160,-2.101
1.431,-2.633,4.446,4.957,-0.076,0.076,0.068,-0.068,7628.581,-6865.723,3197.672,-2877.905,0.000,-0.199,-2.614,0.000,0.160,-2.104
1.432,-2.579,4.446,4.972,-0.076,0.076,0.068,-0.068,7633.910,-6870.519,3197.672,-2877.905,0.000,-0.199,-2.617,0.000,0.160,-2.107
1.433,-2.525,4.446,4.986,-0.076,0.076,0.068,-0.068,7639.240,-6875.316,3197.672,-2877.905,0.000,-0.199,-2.621,0.000,0.160,-2.110
1.434,-2.471,4.446,4.999,-0.076,0.076,0.068,-0.068,7644.569,-6880.112,3197.672,-2877.905,0.000,-0.199,-2.624,0.000,0.160,-2.113
1.435,-2.416,4.447,5.012,-0.076,0.076,0.068,-0.068,7649.898,-6884.909,3197.672,-2877.905,0.000,-0.199,-2.628,0.000,0.160,-2.117
1.436,-2.361,4.449,5.025,-0.076,0.076,0.068,-0.068,7655.228,-6889.705,3197.672,-2877.905,0.000,-0.199,-2.632,0.000,0.161,-2.120
1.437,-2.306,4.450,5.037,-0.076,0.076,0.068,-0.068,7660.557,-6894.502,3197.672,-2877.905,0.000,-0.199,-2.635,0.000,0.161,-2.123
1.438,-2.251,4.452,5.048,-0.075,0.075,0.068,-0.068,7665.887,-6899.298,3197.672,-2877.905,0.000,-0.199,-2.639,0.000,0.161,-2.126
1.439,-2.196,4.455,5.059,-0.075,0.075,0.068,-0.068,7671.216,-6904.095,3197.672,-2877.905,0.000,-0.200,-2.642,0.000,0.161,-2.129
1.440,-2.140,4.457,5.070,-0.075,0.075,0.068,-0.068,7676.546,-6908.891,3197.672,-2877.905,0.000,-0.200,-2.646,0.000,0.161,-2.133
1.441,-2.084,4.461,5.079,-0.075,0.075,0.068,-0.068,7681.875,-6913.688,3197.672,-2877.905,0.000,-0.200,-2.649,0.000,0.161,-2.136
1.442,-2.029,4.464,5.089,-0.075,0.075,0.068,-0.068,7687.205,-6918.484,3197.672,-2877.905,0.000,-0.200,-2.653,0.000,0.161,-2.139
1.443,-1.973,4.468,5.097,-0.075,0.075,0.068,-0.068,7692.534,-6923.281,3197.672,-2877.905,0.000,-0.200,-2.657,0.000,0.161,-2.142
1.444,-1.916,4.472,5.106,-0.075,0.075,0.068,-0.068,7697.864,-6928.077,3197.672,-2877.905,0.000,-0.200,-2.660,0.000,0.161,-2.146
1.445,-1.860,4.477,5.113,-0.075,0.075,0.068,-0.068,7703.193,-6932.874,3197.672,-2877.905,0.000,-0.200,-2.664,0.000,0.161,-2.149
1.446,-1.804,4.482,5.121,-0.075,0.075,0.068,-0.068,7708.522,-6937.670,3197.672,-2877.905,0.000,-0.200,-2.667,0.000,0.161,-2.152
1.447,-1.748,4.487,5.127,-0.075,0.075,0.068,-0.068,7713.852,-6942.467,3197.672,-2877.905,0.000,-0.200,-2.671,0.000,0.162,-2.155
1.448,-1.691,4.493,5.133,-0.075,0.075,0.068,-0.068,7719.181,-6947.263,3197.672,-2877.905,0.000,-0.200,-2.674,0.000,0.162,-2.158
1.449,-1.635,4.499,5.139,-0.075,0.075,0.068,-0.068,7724.511,-6952.060,3197.672,-2877.905,0.000,-0.200,-2.678,0.000,0.162,-2.162
1.450,-1.579,4.505,5.144,-0.075,0.075,0.068,-0.068,7729.840,-6956.856,3197.672,-2877.905,0.000,-0.200,-2.682,0.000,0.162,-2.165
1.451,-1.522,4.512,5.148,-0.075,0.075,0.068,-0.068,7735.170,-6961.653,3197.672,-2877.905,0.000,-0.201,-2.685,0.000,0.162,-2.168
1.452,-1.466,4.520,5.152,-0.074,0.074,0.068,-0.068,7740.499,-6966.449,3197.672,-2877.905,0.000,-0.201,-2.689,0.000,0.162,-2.171
1.453,-1.410,4.527,5.156,-0.074,0.074,0.068,-0.068,7745.829,-6971.246,3197.672,-2877.905,0.000,-0.201,-2.692,0.000,0.162,-2.175
1.454,-1.354,4.535,5.159,-0.074,0.074,0.068,-0.068,7751.158,-6976.042,3197.672,-2877.905,0.000,-0.201,-2.696,0.000,0.162,-2.178
1.455,-1.298,4.544,5.161,-0.074,0.074,0.068,-0.068,7756.488,-6980.839,3197.672,-2877.905,0.000,-0.201,-2.699,0.000,0.162,-2.181
1.456,-1.242,4.552,5.163,-0.074,0.074,0.068,-0.068,7761.817,-6985.635,3197.672,-2877.905,0.000,-0.201,-2.703,0.000,0.162,-2.184
1.457,-1.187,4.562,5.164,-0.074,0.074,0.068,-0.068,7767.146,-6990.432,3197.672,-2877.905,0.000,-0.201,-2.707,0.000,0.162,-2.187
1.458,-1.131,4.571,5.165,-0.074,0.074,0.068,-0.068,7772.476,-6995.228,3197.672,-2877.905,0.000,-0.201,-2.710,0.000,0.163,-2.191
1.459,-1.076,4.581,5.165,-0.074,0.074,0.068,-0.068,7777.805,-7000.025,3197.672,-2877.905,0.000,-0.201,-2.714,0.000,0.163,-2.194
1.460,-1.021,4.592,5.165,-0.074,0.074,0.068,-0.068,7783.135,-7004.821,3197.672,-2877.905,0.000,-0.201,-2.717,0.000,0.163,-2.197
1.461,-0.966,4.602,5.164,-0.074,0.074,0.068,-0.068,7788.464,-7009.618,3197.672,-2877.905,0.000,-0.201,-2.721,0.000,0.163,-2.200
1.462,-0.911,4.613,5.163,-0.074,0.074,0.068,-0.068,7793.794,-7014.414,3197.672,-2877.905,0.000,-0.201,-2.725,0.000,0.163,-2.203
1.463,-0.857,4.625,5.161,-0.074,0.074,0.068,-0.068,7799.123,-7019.211,3197.672,-2877.905,0.000,-0.201,-2.728,0.000,0.163,-2.207
1.464,-0.803,4.637,5.158,-0.074,0.074,0.068,-0.068,7804.453,-7024.007,3197.672,-2877.905,0.000,-0.202,-2.732,0.000,0.163,-2.210
1.465,-0.749,4.649,5.155,-0.074,0.074,0.068,-0.068,7809.782,-7028.804,3197.672,-2877.905,0.000,-0.202,-2.735,0.000,0.163,-2.213
1.466,-0.696,4.662,5.152,-0.073,0.073,0.068,-0.068,7815.112,-7033.600,3197.672,-2877.905,0.000,-0.202,-2.739,0.000,0.163,-2.216
1.467,-0.643,4.675,5.148,-0.073,0.073,0.068,-0.068,7820.441,-7038.397,3197.672,-2877.905,0.000,-0.202,-2.742,0.000,0.163,-2.220
1.468,-0.590,4.688,5.144,-0.073,0.073,0.068,-0.068,7825.770,-7043.193,3197.672,-2877.905,0.000,-0.202,-2.746,0.000,0.163,-2.223
1.469,-0.538,4.702,5.139,-0.073,0.073,0.068,-0.068,7831.100,-7047.990,3197.672,-2877.905,0.000,-0.202,-2.750,0.000,0.163,-2.226
1.470,-0.486,4.716,5.133,-0.073,0.073,0.068,-0.068,7836.429,-7052.786,3197.672,-2877.905,0.000,-0.202,-2.753,0.000,0.164,-2.229
1.471,-0.435,4.731,5.127,-0.073,0.073,0.068,-0.068,7841.759,-7057.583,3197.672,-2877.905,0.000,-0.202,-2.757,0.000,0.164,-2.232
1.472,-0.384,4.746,5.121,-0.073,0.073,0.068,-0.068,7847.088,-7062.379,3197.672,-2877.905,0.000,-0.202,-2.760,0.000,0.164,-2.236
1.473,-0.333,4.761,5.114,-0.073,0.073,0.068,-0.068,7852.418,-7067.176,3197.672,-2877.905,0.000,-0.202,-2.764,0.000,0.164,-2.239
1.474,-0.283,4.776,5.106,-0.073,0.073,0.068,-0.068,7857.747,-7071.972,3197.672,-2877.905,0.000,-0.202,-2.767,0.000,0.164,-2.242
1.475,-0.233,4.792,5.098,-0.073,0.073,0.068,-0.068,7863.077,-7076.769,3197.672,-2877.905,0.000,-0.202,-2.771,0.000,0.164,-2.245
1.476,-0.184,4.809,5.090,-0.073,0.073,0.068,-0.068,7868.406,-7081.565,3197.672,-2877.905,0.000,-0.202,-2.775,0.000,0.164,-2.249
1.477,-0.136,4.825,5.081,-0.073,0.073,0.068,-0.068,7873.736,-7086.362,3197.672,-2877.905,0.000,-0.202,-2.778,0.000,0.164,-2.252
1.478,-0.088,4.842,5.071,-0.073,0.073,0.068,-0.068,7879.065,-7091.158,3197.672,-2877.905,0.000,-0.202,-2.782,0.000,0.164,-2.255
1.479,-0.040,4.860,5.062,-0.073,0.073,0.068,-0.068,7884.394,-7095.955,3197.672,-2877.905,0.000,-0.203,-2.785,0.000,0.164,-2.258
1.480,0.007,4.877,5.051,-0.073,0.073,0.068,-0.068,7889.724,-7100.751,3197.672,-2877.905,0.000,-0.203,-2.789,0.000,0.164,-2.261
1.481,0.053,4.895,5.040,-0.072,0.072,0.068,-0.068,7895.053,-7105.548,3197.672,-2877.905,0.000,-0.203,-2.792,0.000,0.164,-2.265
1.482,0.099,4.913,5.029,-0.072,0.072,0.068,-0.068,7900.383,-7110.344,3197.672,-2877.905,0.000,-0.203,-2.796,0.000,0.164,-2.268
1.483,0.144,4.932,5.017,-0.072,0.072,0.068,-0.068,7905.712,-7115.141,3197.672,-2877.905,0.000,-0.203,-2.800,0.000,0.165,-2.271
1.484,0.188,4.951,5.005,-0.072,0.072,0.068,-0.068,7911.042,-7119.938,3197.672,-2877.905,0.000,-0.203,-2.803,0.000,0.165,-2.274
1.485,0.232,4.970,4.993,-0.072,0.072,0.068,-0.068,7916.371,-7124.734,3197.672,-2877.905,0.000,-0.203,-2.807,0.000,0.165,-2.278
1.486,0.275,4.990,4.980,-0.072,0.072,0.068,-0.068,7921.701,-7129.531,3197.672,-2877.905,0.000,-0.203,-2.810,0.000,0.165,-2.281
1.487,0.317,5.010,4.966,-0.072,0.072,0.068,-0.068,7927.030,-7134.327,3197.672,-2877.905,0.000,-0.203,-2.814,0.000,0.165,-2.284
1.488,0.359,5.030,4.952,-0.072,0.072,0.068,-0.068,7932.359,-7139.124,3197.672,-2877.905,0.000,-0.203,-2.818,0.000,0.165,-2.287
1.489,0.400,5.050,4.938,-0.072,0.072,0.068,-0.068,7937.689,-7143.920,3197.672,-2877.905,0.000,-0.203,-2.821,0.000,0.165,-2.290
1.490,0.440,5.071,4.923,-0.072,0.072,0.068,-0.068,7943.018,-7148.717,3197.672,-2877.905,0.000,-0.203,-2.825,0.000,0.165,-2.294
1.491,0.479,5.092,4.908,-0.072,0.072,0.068,-0.068,7948.348,-7153.513,3197.672,-2877.905,0.000,-0.203,-2.828,0.000,0.165,-2.297
1.492,0.518,5.113,4.892,-0.072,0.072,0.068,-0.068,7953.677,-7158.310,3197.672,-2877.905,0.000,-0.203,-2.832,0.000,0.165,-2.300
1.493,0.555,5.135,4.876,-0.072,0.072,0.068,-0.068,7959.007,-7163.106,3197.672,-2877.905,0.000,-0.203,-2.835,0.000,0.165,-2.303
1.494,0.592,5.156,4.860,-0.072,0.072,0.068,-0.068,7964.336,-7167.903,3197.672,-2877.905,0.000,-0.203,-2.839,0.000,0.165,-2.306
1.495,0.629,5.179,4.843,-0.071,0.071,0.068,-0.068,7969.666,-7172.699,3197.672,-2877.905,0.000,-0.204,-2.843,0.000,0.165,-2.310
1.496,0.664,5.201,4.826,-0.071,0.071,0.068,-0.068,7974.995,-7177.496,3197.672,-2877.905,0.000,-0.204,-2.846,0.000,0.165,-2.313
1.497,0.698,5.223,4.809,-0.071,0.071,0.068,-0.068,7980.325,-7182.292,3197.672,-2877.905,0.000,-0.204,-2.850,0.000,0.166,-2.316
1.498,0.732,5.246,4.791,-0.071,0.071,0.068,-0.068,7985.654,-7187.089,3197.672,-2877.905,0.000,-0.204,-2.853,0.000,0.166,-2.319
1.499,0.765,5.269,4.772,-0.071,0.071,0.068,-0.068,7990.983,-7191.885,3197.672,-2877.905,0.000,-0.204,-2.857,0.000,0.166,-2.323
1.500,0.796,5.292,4.754,-0.071,0.071,0.068,-0.068,7996.313,-7196.682,3197.672,-2877.905,0.000,-0.204,-2.860,0.000,0.166,-2.326
1.501,0.827,5.316,4.735,-0.071,0.071,0.068,-0.068,8001.642,-7201.478,3197.672,-2877.905,0.000,-0.204,-2.864,0.000,0.166,-2.329
1.502,0.857,5.339,4.716,-0.071,0.071,0.068,-0.068,8006.972,-7206.275,3197.672,-2877.905,0.000,-0.204,-2.868,0.000,0.166,-2.332
1.503,0.886,5.363,4.696,-0.071,0.071,0.068,-0.068,8012.301,-7211.071,3197.672,-2877.905,0.000,-0.204,-2.871,0.000,0.166,-2.335
1.504,0.914,5.387,4.676,-0.071,0.071,0.068,-0.068,8017.631,-7215.868,3197.672,-2877.905,0.000,-0.204,-2.875,0.000,0.166,-2.339
1.505,0.941,5.411,4.656,-0.071,0.071,0.068,-0.068,8022.960,-7220.664,3197.672,-2877.905,0.000,-0.204,-2.878,0.000,0.166,-2.342
1.506,0.967,5.436,4.636,-0.071,0.071,0.068,-0.068,8028.290,-7225.461,3197.672,-2877.905,0.000,-0.204,-2.882,0.000,0.166,-2.345
1.507,0.993,5.460,4.615,-0.071,0.071,0.068,-0.068,8033.619,-7230.257,3197.672,-2877.905,0.000,-0.204,-2.885,0.000,0.166,-2.348
1.508,1.017,5.485,4.594,-0.071,0.071,0.068,-0.068,8038.949,-7235.054,3197.672,-2877.905,0.000,-0.204,-2.889,0.000,0.166,-2.352
1.509,1.040,5.510,4.572,-0.070,0.070,0.068,-0.068,8044.278,-7239.850,3197.672,-2877.905,0.000,-0.204,-2.893,0.000,0.166,-2.355
1.510,1.062,5.535,4.551,-0.070,0.070,0.068,-0.068,8049.607,-7244.647,3197.672,-2877.905,0.000,-0.204,-2.896,0.000,0.166,-2.358
1.511,1.083,5.560,4.529,-0.070,0.070,0.068,-0.068,8054.937,-7249.443,3197.672,-2877.905,0.000,-0.204,-2.900,0.000,0.166,-2.361
1.512,1.103,5.585,4.507,-0.070,0.070,0.068,-0.068,8060.266,-7254.240,3197.672,-2877.905,0.000,-0.204,-2.903,0.000,0.166,-2.364
1.513,1.122,5.611,4.485,-0.070,0.070,0.068,-0.068,8065.596,-7259.036,3197.672,-2877.905,0.000,-0.204,-2.907,0.000,0.167,-2.368
1.514,1.140,5.636,4.462,-0.070,0.070,0.068,-0.068,8070.925,-7263.833,3197.672,-2877.905,0.000,-0.205,-2.911,0.000,0.167,-2.371
1.515,1.157,5.662,4.439,-0.070,0.070,0.068,-0.068,8076.255,-7268.629,3197.672,-2877.905,0.000,-0.205,-2.914,0.000,0.167,-2.374
1.516,1.173,5.687,4.416,-0.070,0.070,0.068,-0.068,8081.584,-7273.426,3197.672,-2877.905,0.000,-0.205,-2.918,0.000,0.167,-2.377
1.517,1.188,5.713,4.393,-0.070,0.070,0.068,-0.068,8086.914,-7278.222,3197.672,-2877.905,0.000,-0.205,-2.921,0.000,0.167,-2.381
1.518,1.202,5.739,4.370,-0.070,0.070,0.068,-0.068,8092.243,-7283.019,3197.672,-2877.905,0.000,-0.205,-2.925,0.000,0.167,-2.384
1.519,1.214,5.765,4.346,-0.070,0.070,0.068,-0.068,8097.573,-7287.815,3197.672,-2877.905,0.000,-0.205,-2.928,0.000,0.167,-2.387
1.520,1.226,5.791,4.323,-0.070,0.070,0.068,-0.068,8102.902,-7292.612,3197.672,-2877.905,0.000,-0.205,-2.932,0.000,0.167,-2.390
1.521,1.236,5.817,4.299,-0.070,0.070,0.068,-0.068,8108.231,-7297.408,3197.672,-2877.905,0.000,-0.205,-2.936,0.000,0.167,-2.393
1.522,1.246,5.843,4.275,-0.070,0.070,0.068,-0.068,8113.561,-7302.205,3197.672,-2877.905,0.000,-0.205,-2.939,0.000,0.167,-2.397
1.523,1.254,5.870,4.251,-0.070,0.070,0.068,-0.068,8118.890,-7307.001,3197.672,-2877.905,0.000,-0.205,-2.943,0.000,0.167,-2.400
1.524,1.261,5.896,4.227,-0.069,0.069,0.068,-0.068,8124.220,-7311.798,3197.672,-2877.905,0.000,-0.205,-2.946,0.000,0.167,-2.403
1.525,1.267,5.922,4.202,-0.069,0.069,0.068,-0.068,8129.549,-7316.594,3197.672,-2877.905,0.000,-0.205,-2.950,0.000,0.167,-2.406
1.526,1.272,5.949,4.178,-0.069,0.069,0.068,-0.068,8134.879,-7321.391,3197.672,-2877.905,0.000,-0.205,-2.953,0.000,0.167,-2.409
1.527,1.275,5.975,4.153,-0.069,0.069,0.068,-0.068,8140.208,-7326.187,3197.672,-2877.905,0.000,-0.205,-2.957,0.000,0.167,-2.413
1.528,1.278,6.001,4.129,-0.069,0.069,0.068,-0.068,8145.538,-7330.984,3197.672,-2877.905,0.000,-0.205,-2.961,0.000,0.167,-2.416
1.529,1.279,6.028,4.104,-0.069,0.069,0.068,-0.068,8150.867,-7335.780,3197.672,-2877.905,0.000,-0.205,-2.964,0.000,0.167,-2.419
1.530,1.280,6.054,4.080,-0.069,0.069,0.068,-0.068,8156.197,-7340.577,3197.672,-2877.905,0.000,-0.205,-2.968,0.000,0.167,-2.422
1.531,1.279,6.081,4.055,-0.069,0.069,0.068,-0.068,8161.526,-7345.373,3197.672,-2877.905,0.000,-0.205,-2.971,0.000,0.168,-2.426
1.532,1.277,6.107,4.030,-0.069,0.069,0.068,-0.068,8166.855,-7350.170,3197.672,-2877.905,0.000,-0.205,-2.975,0.000,0.168,-2.429
1.533,1.273,6.133,4.006,-0.069,0.069,0.068,-0.068,8172.185,-7354.966,3197.672,-2877.905,0.000,-0.205,-2.979,0.000,0.168,-2.432
1.534,1.269,6.160,3.981,-0.069,0.069,0.068,-0.068,8177.514,-7359.763,3197.672,-2877.905,0.000,-0.205,-2.982,0.000,0.168,-2.435
1.535,1.264,6.186,3.956,-0.069,0.069,0.068,-0.068,8182.844,-7364.559,3197.672,-2877.905,0.000,-0.205,-2.986,0.000,0.168,-2.438
1.536,1.257,6.212,3.932,-0.069,0.069,0.068,-0.068,8188.173,-7369.356,3197.672,-2877.905,0.000,-0.205,-2.989,0.000,0.168,-2.442
1.537,1.249,6.238,3.907,-0.069,0.069,0.068,-0.068,8193.503,-7374.152,3197.672,-2877.905,0.000,-0.205,-2.993,0.000,0.168,-2.445
1.538,1.240,6.264,3.883,-0.068,0.068,0.068,-0.068,8198.832,-7378.949,3197.672,-2877.905,0.000,-0.205,-2.996,0.000,0.168,-2.448
1.539,1.230,6.290,3.858,-0.068,0.068,0.068,-0.068,8204.162,-7383.745,3197.672,-2877.905,0.000,-0.206,-3.000,0.000,0.168,-2.451
1.540,1.219,6.316,3.834,-0.068,0.068,0.068,-0.068,8209.491,-7388.542,3197.672,-2877.905,0.000,-0.206,-3.004,0.000,0.168,-2.455
1.541,1.207,6.342,3.810,-0.068,0.068,0.068,-0.068,8214.821,-7393.339,3197.672,-2877.905,0.000,-0.206,-3.007,0.000,0.168,-2.458
1.542,1.193,6.368,3.786,-0.068,0.068,0.068,-0.068,8220.150,-7398.135,3197.672,-2877.905,0.000,-0.206,-3.011,0.000,0.168,-2.461
1.543,1.179,6.394,3.762,-0.068,0.068,0.068,-0.068,8225.479,-7402.932,3197.672,-2877.905,0.000,-0.206,-3.014,0.000,0.168,-2.464
1.544,1.163,6.419,3.738,-0.068,0.068,0.068,-0.068,8230.809,-7407.728,3197.672,-2877.905,0.000,-0.206,-3.018,0.000,0.168,-2.467
1.545,1.146,6.445,3.714,-0.068,0.068,0.068,-0.068,8236.138,-7412.525,3197.672,-2877.905,0.000,-0.206,-3.021,0.000,0.168,-2.471
1.546,1.128,6.470,3.691,-0.068,0.068,0.068,-0.068,8241.468,-7417.321,3197.672,-2877.905,0.000,-0.206,-3.025,0.000,0.168,-2.474
1.547,1.109,6.496,3.667,-0.068,0.068,0.068,-0.068,8246.797,-7422.118,3197.672,-2877.905,0.000,-0.206,-3.029,0.000,0.168,-2.477
1.548,1.088,6.521,3.644,-0.068,0.068,0.068,-0.068,8252.127,-7426.914,3197.672,-2877.905,0.000,-0.206,-3.032,0.000,0.168,-2.480
1.549,1.067,6.546,3.621,-0.068,0.068,0.068,-0.068,8257.456,-7431.711,3197.672,-2877.905,0.000,-0.206,-3.036,0.000,0.168,-2.484
1.550,1.045,6.571,3.598,-0.068,0.068,0.068,-0.068,8262.786,-7436.507,3197.672,-2877.905,0.000,-0.206,-3.039,0.000,0.168,-2.487
1.551,1.021,6.595,3.576,-0.068,0.068,0.068,-0.068,8268.115,-7441.304,3197.672,-2877.905,0.000,-0.206,-3.043,0.000,0.168,-2.490
1.552,0.997,6.620,3.554,-0.067,0.067,0.068,-0.068,8273.445,-7446.100,3197.672,-2877.905,0.000,-0.206,-3.046,0.000,0.169,-2.493
1.553,0.971,6.644,3.532,-0.067,0.067,0.068,-0.068,8278.774,-7450.897,3197.672,-2877.905,0.000,-0.206,-3.050,0.000,0.169,-2.496
1.554,0.944,6.669,3.510,-0.067,0.067,0.068,-0.068,8284.103,-7455.693,3197.672,-2877.905,0.000,-0.206,-3.054,0.000,0.169,-2.500
1.555,0.916,6.693,3.489,-0.067,0.067,0.068,-0.068,8289.433,-7460.490,3197.672,-2877.905,0.000,-0.206,-3.057,0.000,0.169,-2.503
1.556,0.887,6.717,3.467,-0.067,0.067,0.068,-0.068,8294.762,-7465.286,3197.672,-2877.905,0.000,-0.206,-3.061,0.000,0.169,-2.506
1.557,0.857,6.741,3.447,-0.067,0.067,0.068,-0.068,8300.092,-7470.083,3197.672,-2877.905,0.000,-0.206,-3.064,0.000,0.169,-2.509
1.558,0.826,6.764,3.426,-0.067,0.067,0.068,-0.068,8305.421,-7474.879,3197.672,-2877.905,0.000,-0.206,-3.068,0.000,0.169,-2.512
1.559,0.794,6.788,3.406,-0.067,0.067,0.068,-0.068,8310.751,-7479.676,3197.672,-2877.905,0.000,-0.206,-3.072,0.000,0.169,-2.516
1.560,0.761,6.811,3.386,-0.067,0.067,0.068,-0.068,8316.080,-7484.472,3197.672,-2877.905,0.000,-0.206,-3.075,0.000,0.169,-2.519
1.561,0.727,6.834,3.367,-0.067,0.067,0.068,-0.068,8321.410,-7489.269,3197.672,-2877.905,0.000,-0.206,-3.079,0.000,0.169,-2.522
1.562,0.693,6.857,3.348,-0.067,0.067,0.068,-0.068,8326.739,-7494.065,3197.672,-2877.905,0.000,-0.206,-3.082,0.000,0.169,-2.525
1.563,0.657,6.879,3.329,-0.067,0.067,0.068,-0.068,8332.069,-7498.862,3197.672,-2877.905,0.000,-0.206,-3.086,0.000,0.169,-2.529
1.564,0.620,6.902,3.311,-0.067,0.067,0.068,-0.068,8337.398,-7503.658,3197.672,-2877.905,0.000,-0.206,-3.089,0.000,0.169,-2.532
1.565,0.582,6.924,3.293,-0.067,0.067,0.068,-0.068,8342.727,-7508.455,3197.672,-2877.905,0.000,-0.206,-3.093,0.000,0.169,-2.535
1.566,0.543,6.946,3.276,-0.067,0.067,0.068,-0.068,8348.057,-7513.251,3197.672,-2877.905,0.000,-0.206,-3.097,0.000,0.169,-2.538
1.567,0.503,6.968,3.259,-0.066,0.066,0.068,-0.068,8353.386,-7518.048,3197.672,-2877.905,0.000,-0.206,-3.100,0.000,0.169,-2.541
1.568,0.463,6.989,3.242,-0.066,0.066,0.068,-0.068,8358.716,-7522.844,3197.672,-2877.905,0.000,-0.206,-3.104,0.000,0.169,-2.545
1.569,0.421,7.011,3.226,-0.066,0.066,0.068,-0.068,8364.045,-7527.641,3197.672,-2877.905,0.000,-0.206,-3.107,0.000,0.169,-2.548
1.570,0.379,7.032,3.211,-0.066,0.066,0.068,-0.068,8369.375,-7532.437,3197.672,-2877.905,0.000,-0.206,-3.111,0.000,0.169,-2.551
1.571,0.336,7.052,3.196,-0.066,0.066,0.068,-0.068,8374.704,-7537.234,3197.672,-2877.905,0.000,-0.206,-3.114,0.000,0.169,-2.554
1.572,0.292,7.073,3.181,-0.066,0.066,0.068,-0.068,8380.034,-7542.030,3197.672,-2877.905,0.000,-0.206,-3.118,0.000,0.169,-2.558
1.573,0.247,7.093,3.167,-0.066,0.066,0.068,-0.068,8385.363,-7546.827,3197.672,-2877.905,0.000,-0.206,-3.122,0.000,0.169,-2.561
1.574,0.201,7.113,3.153,-0.066,0.066,0.068,-0.068,8390.693,-7551.623,3197.672,-2877.905,0.000,-0.206,-3.125,0.000,0.169,-2.564
1.575,0.155,7.133,3.140,-0.066,0.066,0.068,-0.068,8396.022,-7556.420,3197.672,-2877.905,0.000,-0.206,-3.129,0.000,0.169,-2.567
1.576,0.107,7.153,3.128,-0.066,0.066,0.068,-0.068,8401.351,-7561.216,3197.672,-2877.905,0.000,-0.206,-3.132,0.000,0.169,-2.570
1.577,0.059,7.172,3.116,-0.066,0.066,0.068,-0.068,8406.681,-7566.013,3197.672,-2877.905,0.000,-0.206,-3.136,0.000,0.169,-2.574
1.578,0.010,7.191,3.105,-0.066,0.066,0.068,-0.068,8412.010,-7570.809,3197.672,-2877.905,0.000,-0.207,-3.140,0.000,0.169,-2.577
1.579,-0.039,7.210,3.094,-0.066,0.066,0.068,-0.068,8417.340,-7575.606,3197.672,-2877.905,0.000,-0.207,-3.143,0.000,0.170,-2.580
1.580,-0.089,7.228,3.084,-0.066,0.066,0.068,-0.068,8422.669,-7580.402,3197.672,-2877.905,0.000,-0.207,-3.147,0.000,0.170,-2.583
1.581,-0.140,7.246,3.074,-0.065,0.065,0.068,-0.068,8427.999,-7585.199,3197.672,-2877.905,0.000,-0.207,-3.150,0.000,0.170,-2.587
1.582,-0.191,7.264,3.065,-0.065,0.065,0.068,-0.068,8433.328,-7589.995,3197.672,-2877.905,0.000,-0.207,-3.154,0.000,0.170,-2.590
1.583,-0.244,7.282,3.057,-0.065,0.065,0.068,-0.068,8438.658,-7594.792,3197.672,-2877.905,0.000,-0.207,-3.157,0.000,0.170,-2.593
1.584,-0.296,7.299,3.049,-0.065,0.065,0.068,-0.068,8443.987,-7599.588,3197.672,-2877.905,0.000,-0.207,-3.161,0.000,0.170,-2.596
1.585,-0.350,7.316,3.042,-0.065,0.065,0.068,-0.068,8449.317,-7604.385,3197.672,-2877.905,0.000,-0.207,-3.165,0.000,0.170,-2.599
1.586,-0.404,7.333,3.036,-0.065,0.065,0.068,-0.068,8454.646,-7609.181,3197.672,-2877.905,0.000,-0.207,-3.168,0.000,0.170,-2.603
1.587,-0.458,7.350,3.030,-0.065,0.065,0.068,-0.068,8459.975,-7613.978,3197.672,-2877.905,0.000,-0.207,-3.172,0.000,0.170,-2.606
1.588,-0.513,7.366,3.025,-0.065,0.065,0.068,-0.068,8465.305,-7618.774,3197.672,-2877.905,0.000,-0.207,-3.175,0.000,0.170,-2.609
1.589,-0.569,7.381,3.020,-0.065,0.065,0.068,-0.068,8470.634,-7623.571,3197.672,-2877.905,0.000,-0.207,-3.179,0.000,0.170,-2.612
1.590,-0.625,7.397,3.017,-0.065,0.065,0.068,-0.068,8475.964,-7628.367,3197.672,-2877.905,0.000,-0.207,-3.182,0.000,0.170,-2.616
1.591,-0.681,7.412,3.014,-0.065,0.065,0.068,-0.068,8481.293,-7633.164,3197.672,-2877.905,0.000,-0.207,-3.186,0.000,0.170,-2.619
1.592,-0.738,7.427,3.011,-0.065,0.065,0.068,-0.068,8486.623,-7637.960,3197.672,-2877.905,0.000,-0.207,-3.190,0.000,0.170,-2.622
1.593,-0.795,7.442,3.009,-0.065,0.065,0.068,-0.068,8491.952,-7642.757,3197.672,-2877.905,0.000,-0.207,-3.193,0.000,0.170,-2.625
1.594,-0.853,7.456,3.008,-0.065,0.065,0.068,-0.068,8497.282,-7647.553,3197.672,-2877.905,0.000,-0.207,-3.197,0.000,0.170,-2.628
1.595,-0.911,7.470,3.008,-0.064,0.064,0.068,-0.068,8502.611,-7652.350,3197.672,-2877.905,0.000,-0.207,-3.200,0.000,0.170,-2.632
1.596,-0.970,7.483,3.008,-0.064,0.064,0.068,-0.068,8507.941,-7657.146,3197.672,-2877.905,0.000,-0.207,-3.204,0.000,0.170,-2.635
1.597,-1.028,7.497,3.009,-0.064,0.064,0.068,-0.068,8513.270,-7661.943,3197.672,-2877.905,0.000,-0.207,-3.208,0.000,0.170,-2.638
1.598,-1.087,7.510,3.011,-0.064,0.064,0.068,-0.068,8518.599,-7666.740,3197.672,-2877.905,0.000,-0.207,-3.211,0.000,0.170,-2.641
1.599,-1.147,7.522,3.014,-0.064,0.064,0.068,-0.068,8523.929,-7671.536,3197.672,-2877.905,0.000,-0.207,-3.215,0.000,0.170,-2.645
1.600,-1.206,7.534,3.017,-0.064,0.064,0.068,-0.068,8529.258,-7676.333,3197.672,-2877.905,0.000,-0.207,-3.218,0.000,0.170,-2.648
1.601,-1.266,7.546,3.021,-0.064,0.064,0.068,-0.068,8534.588,-7681.129,3197.672,-2877.905,0.000,-0.207,-3.222,0.000,0.170,-2.651
1.602,-1.326,7.558,3.026,-0.064,0.064,0.068,-0.068,8539.917,-7685.926,3197.672,-2877.905,0.000,-0.207,-3.225,0.000,0.170,-2.654
1.603,-1.386,7.569,3.031,-0.064,0.064,0.068,-0.068,8545.247,-7690.722,3197.672,-2877.905,0.000,-0.207,-3.229,0.000,0.170,-2.657
1.604,-1.447,7.580,3.037,-0.064,0.064,0.068,-0.068,8550.576,-7695.519,3197.672,-2877.905,0.000,-0.207,-3.233,0.000,0.170,-2.661
1.605,-1.507,7.591,3.044,-0.064,0.064,0.068,-0.068,8555.906,-7700.315,3197.672,-2877.905,0.000,-0.207,-3.236,0.000,0.170,-2.664
1.606,-1.568,7.601,3.052,-0.064,0.064,0.068,-0.068,8561.235,-7705.112,3197.672,-2877.905,0.000,-0.207,-3.240,0.000,0.170,-2.667
1.607,-1.629,7.611,3.060,-0.064,0.064,0.068,-0.068,8566.565,-7709.908,3197.672,-2877.905,0.000,-0.207,-3.243,0.000,0.170,-2.670
1.608,-1.689,7.620,3.070,-0.064,0.064,0.068,-0.068,8571.894,-7714.705,3197.672,-2877.905,0.000,-0.207,-3.247,0.000,0.170,-2.674
1.609,-1.750,7.629,3.079,-0.064,0.064,0.068,-0.068,8577.223,-7719.501,3197.672,-2877.905,0.000,-0.207,-3.251,0.000,0.170,-2.677
1.610,-1.811,7.638,3.090,-0.063,0.063,0.068,-0.068,8582.553,-7724.298,3197.672,-2877.905,0.000,-0.207,-3.254,0.000,0.170,-2.680
1.611,-1.871,7.646,3.102,-0.063,0.063,0.068,-0.068,8587.882,-7729.094,3197.672,-2877.905,0.000,-0.207,-3.258,0.000,0.170,-2.683
1.612,-1.932,7.654,3.114,-0.063,0.063,0.068,-0.068,8593.212,-7733.891,3197.672,-2877.905,0.000,-0.207,-3.261,0.000,0.170,-2.686
1.613,-1.993,7.662,3.127,-0.063,0.063,0.068,-0.068,8598.541,-7738.687,3197.672,-2877.905,0.000,-0.207,-3.265,0.000,0.170,-2.690
1.614,-2.053,7.669,3.140,-0.063,0.063,0.068,-0.068,8603.871,-7743.484,3197.672,-2877.905,0.000,-0.207,-3.268,0.000,0.170,-2.693
1.615,-2.114,7.676,3.155,-0.063,0.063,0.068,-0.068,8609.200,-7748.280,3197.672,-2877.905,0.000,-0.207,-3.272,0.000,0.170,-2.696
1.616,-2.174,7.683,3.170,-0.063,0.063,0.068,-0.068,8614.530,-7753.077,3197.672,-2877.905,0.000,-0.207,-3.276,0.000,0.170,-2.699
1.617,-2.234,7.689,3.186,-0.063,0.063,0.068,-0.068,8619.859,-7757.873,3197.672,-2877.905,0.000,-0.207,-3.279,0.000,0.170,-2.702
1.618,-2.294,7.695,3.202,-0.063,0.063,0.068,-0.068,8625.189,-7762.670,3197.672,-2877.905,0.000,-0.207,-3.283,0.000,0.170,-2.706
1.619,-2.353,7.700,3.220,-0.063,0.063,0.068,-0.068,8630.518,-7767.466,3197.672,-2877.905,0.000,-0.207,-3.286,0.000,0.170,-2.709
1.620,-2.413,7.705,3.238,-0.063,0.063,0.068,-0.068,8635.847,-7772.263,3197.672,-2877.905,0.000,-0.207,-3.290,0.000,0.170,-2.712
1.621,-2.472,7.710,3.256,-0.063,0.063,0.068,-0.068,8641.177,-7777.059,3197.672,-2877.905,0.000,-0.207,-3.293,0.000,0.170,-2.715
1.622,-2.531,7.714,3.276,-0.063,0.063,0.068,-0.068,8646.506,-7781.856,3197.672,-2877.905,0.000,-0.207,-3.297,0.000,0.170,-2.719
1.623,-2.589,7.718,3.296,-0.063,0.063,0.068,-0.068,8651.836,-7786.652,3197.672,-2877.905,0.000,-0.207,-3.301,0.000,0.170,-2.722
1.624,-2.647,7.721,3.317,-0.062,0.062,0.068,-0.068,8657.165,-7791.449,3197.672,-2877.905,0.000,-0.207,-3.304,0.000,0.170,-2.725
1.625,-2.705,7.724,3.339,-0.062,0.062,0.068,-0.068,8662.495,-7796.245,3197.672,-2877.905,0.000,-0.207,-3.308,0.000,0.170,-2.728
1.626,-2.762,7.727,3.361,-0.062,0.062,0.068,-0.068,8667.824,-7801.042,3197.672,-2877.905,0.000,-0.207,-3.311,0.000,0.170,-2.731
1.627,-2.819,7.729,3.384,-0.062,0.062,0.068,-0.068,8673.154,-7805.838,3197.672,-2877.905,0.000,-0.207,-3.315,0.000,0.170,-2.735
1.628,-2.876,7.731,3.408,-0.062,0.062,0.068,-0.068,8678.483,-7810.635,3197.672,-2877.905,0.000,-0.207,-3.319,0.000,0.170,-2.738
1.629,-2.932,7.733,3.432,-0.062,0.062,0.068,-0.068,8683.813,-7815.431,3197.672,-2877.905,0.000,-0.207,-3.322,0.000,0.171,-2.741
1.630,-2.987,7.734,3.457,-0.062,0.062,0.068,-0.068,8689.142,-7820.228,3197.672,-2877.905,0.000,-0.207,-3.326,0.000,0.171,-2.744
1.631,-3.042,7.735,3.483,-0.062,0.062,0.068,-0.068,8694.471,-7825.024,3197.672,-2877.905,0.000,-0.207,-3.329,0.000,0.171,-2.748
1.632,-3.097,7.735,3.510,-0.062,0.062,0.068,-0.068,8699.801,-7829.821,3197.672,-2877.905,0.000,-0.207,-3.333,0.000,0.171,-2.751
1.633,-3.150,7.735,3.537,-0.062,0.062,0.068,-0.068,8705.130,-7834.617,3197.672,-2877.905,0.000,-0.207,-3.336,0.000,0.171,-2.754
1.634,-3.204,7.735,3.565,-0.062,0.062,0.068,-0.068,8710.460,-7839.414,3197.672,-2877.905,0.000,-0.207,-3.340,0.000,0.171,-2.757
1.635,-3.256,7.734,3.593,-0.062,0.062,0.068,-0.068,8715.789,-7844.210,3197.672,-2877.905,0.000,-0.207,-3.344,0.000,0.171,-2.760
1.636,-3.308,7.733,3.622,-0.062,0.062,0.068,-0.068,8721.119,-7849.007,3197.672,-2877.905,0.000,-0.207,-3.347,0.000,0.171,-2.764
1.637,-3.360,7.732,3.652,-0.062,0.062,0.068,-0.068,8726.448,-7853.803,3197.672,-2877.905,0.000,-0.207,-3.351,0.000,0.171,-2.767
1.638,-3.410,7.730,3.682,-0.061,0.061,0.068,-0.068,8731.778,-7858.600,3197.672,-2877.905,0.000,-0.207,-3.354,0.000,0.171,-2.770
1.639,-3.460,7.727,3.713,-0.061,0.061,0.068,-0.068,8737.107,-7863.396,3197.672,-2877.905,0.000,-0.207,-3.358,0.000,0.171,-2.773
1.640,-3.510,7.725,3.744,-0.061,0.061,0.068,-0.068,8742.437,-7868.193,3197.672,-2877.905,0.000,-0.206,-3.361,0.000,0.171,-2.777
1.641,-3.558,7.721,3.776,-0.061,0.061,0.068,-0.068,8747.766,-7872.989,3197.672,-2877.905,0.000,-0.206,-3.365,0.000,0.171,-2.780
1.642,-3.606,7.718,3.809,-0.061,0.061,0.068,-0.068,8753.095,-7877.786,3197.672,-2877.905,0.000,-0.206,-3.369,0.000,0.171,-2.783
1.643,-3.653,7.714,3.842,-0.061,0.061,0.068,-0.068,8758.425,-7882.582,3197.672,-2877.905,0.000,-0.206,-3.372,0.000,0.171,-2.786
1.644,-3.699,7.710,3.875,-0.061,0.061,0.068,-0.068,8763.754,-7887.379,3197.672,-2877.905,0.000,-0.206,-3.376,0.000,0.171,-2.789
1.645,-3.744,7.705,3.910,-0.061,0.061,0.068,-0.068,8769.084,-7892.175,3197.672,-2877.905,0.000,-0.206,-3.379,0.000,0.171,-2.793
1.646,-3.789,7.700,3.944,-0.061,0.061,0.068,-0.068,8774.413,-7896.972,3197.672,-2877.905,0.000,-0.206,-3.383,0.000,0.171,-2.796
1.647,-3.832,7.695,3.980,-0.061,0.061,0.068,-0.068,8779.743,-7901.768,3197.672,-2877.905,0.000,-0.206,-3.387,0.000,0.171,-2.799
1.648,-3.875,7.689,4.015,-0.061,0.061,0.068,-0.068,8785.072,-7906.565,3197.672,-2877.905,0.000,-0.206,-3.390,0.000,0.171,-2.802
1.649,-3.917,7.683,4.051,-0.061,0.061,0.068,-0.068,8790.402,-7911.361,3197.672,-2877.905,0.000,-0.206,-3.394,0.000,0.171,-2.806
1.650,-3.958,7.677,4.088,-0.061,0.061,0.068,-0.068,8795.731,-7916.158,3197.672,-2877.905,0.000,-0.206,-3.397,0.000,0.171,-2.809
1.651,-3.998,7.670,4.125,-0.061,0.061,0.068,-0.068,8801.061,-7920.954,3197.672,-2877.905,0.000,-0.206,-3.401,0.000,0.171,-2.812
1.652,-4.037,7.662,4.163,-0.061,0.061,0.068,-0.068,8806.390,-7925.751,3197.672,-2877.905,0.000,-0.206,-3.404,0.000,0.171,-2.815
1.653,-4.075,7.655,4.201,-0.060,0.060,0.068,-0.068,8811.719,-7930.547,3197.672,-2877.905,0.000,-0.206,-3.408,0.000,0.171,-2.818
1.654,-4.112,7.647,4.239,-0.060,0.060,0.068,-0.068,8817.049,-7935.344,3197.672,-2877.905,0.000,-0.206,-3.412,0.000,0.171,-2.822
1.655,-4.148,7.639,4.278,-0.060,0.060,0.068,-0.068,8822.378,-7940.140,3197.672,-2877.905,0.000,-0.206,-3.415,0.000,0.171,-2.825
1.656,-4.183,7.630,4.317,-0.060,0.060,0.068,-0.068,8827.708,-7944.937,3197.672,-2877.905,0.000,-0.206,-3.419,0.000,0.171,-2.828
1.657,-4.217,7.621,4.357,-0.060,0.060,0.068,-0.068,8833.037,-7949.734,3197.672,-2877.905,0.000,-0.206,-3.422,0.000,0.171,-2.831
1.658,-4.250,7.612,4.397,-0.060,0.060,0.068,-0.068,8838.367,-7954.530,3197.672,-2877.905,0.000,-0.206,-3.426,0.000,0.171,-2.835
1.659,-4.282,7.602,4.437,-0.060,0.060,0.068,-0.068,8843.696,-7959.327,3197.672,-2877.905,0.000,-0.206,-3.430,0.000,0.171,-2.838
1.660,-4.313,7.592,4.478,-0.060,0.060,0.068,-0.068,8849.026,-7964.123,3197.672,-2877.905,0.000,-0.206,-3.433,0.000,0.171,-2.841
1.661,-4.343,7.582,4.519,-0.060,0.060,0.068,-0.068,8854.355,-7968.920,3197.672,-2877.905,0.000,-0.206,-3.437,0.000,0.171,-2.844
1.662,-4.372,7.571,4.560,-0.060,0.060,0.068,-0.068,8859.685,-7973.716,3197.672,-2877.905,0.000,-0.206,-3.440,0.000,0.171,-2.847
1.663,-4.399,7.560,4.602,-0.060,0.060,0.068,-0.068,8865.014,-7978.513,3197.672,-2877.905,0.000,-0.206,-3.444,0.000,0.171,-2.851
1.664,-4.426,7.549,4.644,-0.060,0.060,0.068,-0.068,8870.343,-7983.309,3197.672,-2877.905,0.000,-0.206,-3.447,0.000,0.171,-2.854
1.665,-4.451,7.537,4.686,-0.060,0.060,0.068,-0.068,8875.673,-7988.106,3197.672,-2877.905,0.000,-0.206,-3.451,0.000,0.171,-2.857
1.666,-4.475,7.525,4.728,-0.060,0.060,0.068,-0.068,8881.002,-7992.902,3197.672,-2877.905,0.000,-0.206,-3.455,0.000,0.171,-2.860
1.667,-4.498,7.513,4.770,-0.059,0.059,0.068,-0.068,8886.332,-7997.699,3197.672,-2877.905,0.000,-0.206,-3.458,0.000,0.170,-2.864
1.668,-4.520,7.500,4.813,-0.059,0.059,0.068,-0.068,8891.661,-8002.495,3197.672,-2877.905,0.000,-0.206,-3.462,0.000,0.170,-2.867
1.669,-4.541,7.488,4.856,-0.059,0.059,0.068,-0.068,8896.991,-8007.292,3197.672,-2877.905,0.000,-0.206,-3.465,0.000,0.170,-2.870
1.670,-4.561,7.475,4.899,-0.059,0.059,0.068,-0.068,8902.320,-8012.088,3197.672,-2877.905,0.000,-0.206,-3.469,0.000,0.170,-2.873
1.671,-4.579,7.461,4.943,-0.059,0.059,0.068,-0.068,8907.650,-8016.885,3197.672,-2877.905,0.000,-0.206,-3.472,0.000,0.170,-2.876
1.672,-4.596,7.448,4.986,-0.059,0.059,0.068,-0.068,8912.979,-8021.681,3197.672,-2877.905,0.000,-0.206,-3.476,0.000,0.170,-2.880
1.673,-4.612,7.434,5.030,-0.059,0.059,0.068,-0.068,8918.309,-8026.478,3197.672,-2877.905,0.000,-0.206,-3.480,0.000,0.170,-2.883
1.674,-4.627,7.420,5.073,-0.059,0.059,0.068,-0.068,8923.638,-8031.274,3197.672,-2877.905,0.000,-0.206,-3.483,0.000,0.170,-2.886
1.675,-4.641,7.405,5.117,-0.059,0.059,0.068,-0.068,8928.967,-8036.071,3197.672,-2877.905,0.000,-0.206,-3.487,0.000,0.170,-2.889
1.676,-4.653,7.391,5.161,-0.059,0.059,0.068,-0.068,8934.297,-8040.867,3197.672,-2877.905,0.000,-0.206,-3.490,0.000,0.170,-2.893
1.677,-4.664,7.376,5.205,-0.059,0.059,0.068,-0.068,8939.626,-8045.664,3197.672,-2877.905,0.000,-0.206,-3.494,0.000,0.170,-2.896
1.678,-4.674,7.361,5.249,-0.059,0.059,0.068,-0.068,8944.956,-8050.460,3197.672,-2877.905,0.000,-0.206,-3.498,0.000,0.170,-2.899
1.679,-4.683,7.346,5.293,-0.059,0.059,0.068,-0.068,8950.285,-8055.257,3197.672,-2877.905,0.000,-0.206,-3.501,0.000,0.170,-2.902
1.680,-4.691,7.330,5.337,-0.059,0.059,0.068,-0.068,8955.615,-8060.053,3197.672,-2877.905,0.000,-0.205,-3.505,0.000,0.170,-2.905
1.681,-4.697,7.314,5.381,-0.058,0.058,0.068,-0.068,8960.944,-8064.850,3197.672,-2877.905,0.000,-0.205,-3.508,0.000,0.170,-2.909
1.682,-4.702,7.299,5.425,-0.058,0.058,0.068,-0.068,8966.274,-8069.646,3197.672,-2877.905,0.000,-0.205,-3.512,0.000,0.170,-2.912
1.683,-4.706,7.283,5.469,-0.058,0.058,0.068,-0.068,8971.603,-8074.443,3197.672,-2877.905,0.000,-0.205,-3.515,0.000,0.170,-2.915
1.684,-4.708,7.266,5.513,-0.058,0.058,0.068,-0.068,8976.933,-8079.239,3197.672,-2877.905,0.000,-0.205,-3.519,0.000,0.170,-2.918
1.685,-4.710,7.250,5.557,-0.058,0.058,0.068,-0.068,8982.262,-8084.036,3197.672,-2877.905,0.000,-0.205,-3.523,0.000,0.170,-2.922
1.686,-4.710,7.234,5.601,-0.058,0.058,0.068,-0.068,8987.591,-8088.832,3197.672,-2877.905,0.000,-0.205,-3.526,0.000,0.170,-2.925
1.687,-4.709,7.217,5.645,-0.058,0.058,0.068,-0.068,8992.921,-8093.629,3197.672,-2877.905,0.000,-0.205,-3.530,0.000,0.170,-2.928
1.688,-4.707,7.200,5.689,-0.058,0.058,0.068,-0.068,8998.250,-8098.425,3197.672,-2877.905,0.000,-0.205,-3.533,0.000,0.170,-2.931
1.689,-4.703,7.183,5.732,-0.058,0.058,0.068,-0.068,9003.580,-8103.222,3197.672,-2877.905,0.000,-0.205,-3.537,0.000,0.170,-2.934
1.690,-4.698,7.166,5.776,-0.058,0.058,0.068,-0.068,9008.909,-8108.018,3197.672,-2877.905,0.000,-0.205,-3.541,0.000,0.170,-2.938
1.691,-4.693,7.149,5.819,-0.058,0.058,0.068,-0.068,9014.239,-8112.815,3197.672,-2877.905,0.000,-0.205,-3.544,0.000,0.170,-2.941
1.692,-4.685,7.132,5.862,-0.058,0.058,0.068,-0.068,9019.568,-8117.611,3197.672,-2877.905,0.000,-0.205,-3.548,0.000,0.170,-2.944
1.693,-4.677,7.115,5.905,-0.058,0.058,0.068,-0.068,9024.898,-8122.408,3197.672,-2877.905,0.000,-0.205,-3.551,0.000,0.170,-2.947
1.694,-4.667,7.097,5.948,-0.058,0.058,0.068,-0.068,9030.227,-8127.204,3197.672,-2877.905,0.000,-0.205,-3.555,0.000,0.170,-2.951
1.695,-4.657,7.080,5.991,-0.058,0.058,0.068,-0.068,9035.556,-8132.001,3197.672,-2877.905,0.000,-0.205,-3.558,0.000,0.170,-2.954
1.696,-4.645,7.063,6.033,-0.057,0.057,0.068,-0.068,9040.886,-8136.797,3197.672,-2877.905,0.000,-0.205,-3.562,0.000,0.170,-2.957
1.697,-4.632,7.045,6.075,-0.057,0.057,0.068,-0.068,9046.215,-8141.594,3197.672,-2877.905,0.000,-0.205,-3.566,0.000,0.170,-2.960
1.698,-4.617,7.028,6.117,-0.057,0.057,0.068,-0.068,9051.545,-8146.390,3197.672,-2877.905,0.000,-0.205,-3.569,0.000,0.170,-2.963
1.699,-4.602,7.010,6.159,-0.057,0.057,0.068,-0.068,9056.874,-8151.187,3197.672,-2877.905,0.000,-0.205,-3.573,0.000,0.170,-2.967
1.700,-4.585,6.993,6.200,-0.057,0.057,0.068,-0.068,9062.204,-8155.983,3197.672,-2877.905,0.000,-0.205,-3.576,0.000,0.170,-2.970
1.701,-4.567,6.975,6.242,-0.057,0.057,0.068,-0.068,9067.533,-8160.780,3197.672,-2877.905,0.000,-0.205,-3.580,0.000,0.170,-2.973
1.702,-4.548,6.958,6.283,-0.057,0.057,0.068,-0.068,9072.863,-8165.576,3197.672,-2877.905,0.000,-0.205,-3.583,0.000,0.170,-2.976
1.703,-4.528,6.940,6.323,-0.057,0.057,0.068,-0.068,9078.192,-8170.373,3197.672,-2877.905,0.000,-0.205,-3.587,0.000,0.170,-2.980
1.704,-4.507,6.923,6.363,-0.057,0.057,0.068,-0.068,9083.522,-8175.169,3197.672,-2877.905,0.000,-0.204,-3.591,0.000,0.170,-2.983
1.705,-4.485,6.905,6.403,-0.057,0.057,0.068,-0.068,9088.851,-8179.966,3197.672,-2877.905,0.000,-0.204,-3.594,0.000,0.170,-2.986
1.706,-4.461,6.888,6.443,-0.057,0.057,0.068,-0.068,9094.180,-8184.762,3197.672,-2877.905,0.000,-0.204,-3.598,0.000,0.170,-2.989
1.707,-4.437,6.871,6.482,-0.057,0.057,0.068,-0.068,9099.510,-8189.559,3197.672,-2877.905,0.000,-0.204,-3.601,0.000,0.170,-2.992
1.708,-4.411,6.854,6.521,-0.057,0.057,0.068,-0.068,9104.839,-8194.355,3197.672,-2877.905,0.000,-0.204,-3.605,0.000,0.170,-2.996
1.709,-4.384,6.837,6.560,-0.057,0.057,0.068,-0.068,9110.169,-8199.152,3197.672,-2877.905,0.000,-0.204,-3.609,0.000,0.170,-2.999
1.710,-4.356,6.820,6.598,-0.056,0.056,0.068,-0.068,9115.498,-8203.948,3197.672,-2877.905,0.000,-0.204,-3.612,0.000,0.170,-3.002
1.711,-4.328,6.803,6.636,-0.056,0.056,0.068,-0.068,9120.828,-8208.745,3197.672,-2877.905,0.000,-0.204,-3.616,0.000,0.170,-3.005
1.712,-4.298,6.787,6.673,-0.056,0.056,0.068,-0.068,9126.157,-8213.541,3197.672,-2877.905,0.000,-0.204,-3.619,0.000,0.170,-3.009
1.713,-4.267,6.770,6.710,-0.056,0.056,0.068,-0.068,9131.487,-8218.338,3197.672,-2877.905,0.000,-0.204,-3.623,0.000,0.170,-3.012
1.714,-4.235,6.754,6.747,-0.056,0.056,0.068,-0.068,9136.816,-8223.135,3197.672,-2877.905,0.000,-0.204,-3.626,0.000,0.170,-3.015
1.715,-4.202,6.738,6.783,-0.056,0.056,0.068,-0.068,9142.146,-8227.931,3197.672,-2877.905,0.000,-0.204,-3.630,0.000,0.170,-3.018
1.716,-4.168,6.722,6.819,-0.056,0.056,0.068,-0.068,9147.475,-8232.728,3197.672,-2877.905,0.000,-0.204,-3.634,0.000,0.170,-3.021
1.717,-4.133,6.706,6.854,-0.056,0.056,0.068,-0.068,9152.804,-8237.524,3197.672,-2877.905,0.000,-0.204,-3.637,0.000,0.169,-3.025
1.718,-4.098,6.690,6.889,-0.056,0.056,0.068,-0.068,9158.134,-8242.321,3197.672,-2877.905,0.000,-0.204,-3.641,0.000,0.169,-3.028
1.719,-4.061,6.675,6.924,-0.056,0.056,0.068,-0.068,9163.463,-8247.117,3197.672,-2877.905,0.000,-0.204,-3.644,0.000,0.169,-3.031
1.720,-4.023,6.660,6.957,-0.056,0.056,0.068,-0.068,9168.793,-8251.914,3197.672,-2877.905,0.000,-0.204,-3.648,0.000,0.169,-3.034
1.721,-3.985,6.645,6.991,-0.056,0.056,0.068,-0.068,9174.122,-8256.710,3197.672,-2877.905,0.000,-0.204,-3.652,0.000,0.169,-3.038
1.722,-3.945,6.630,7.024,-0.056,0.056,0.068,-0.068,9179.452,-8261.507,3197.672,-2877.905,0.000,-0.204,-3.655,0.000,0.169,-3.041
1.723,-3.905,6.616,7.056,-0.056,0.056,0.068,-0.068,9184.781,-8266.303,3197.672,-2877.905,0.000,-0.203,-3.659,0.000,0.169,-3.044
1.724,-3.864,6.602,7.088,-0.055,0.055,0.068,-0.068,9190.111,-8271.100,3197.672,-2877.905,0.000,-0.203,-3.662,0.000,0.169,-3.047
1.725,-3.822,6.588,7.120,-0.055,0.055,0.068,-0.068,9195.440,-8275.896,3197.672,-2877.905,0.000,-0.203,-3.666,0.000,0.169,-3.050
1.726,-3.779,6.574,7.151,-0.055,0.055,0.068,-0.068,9200.770,-8280.693,3197.672,-2877.905,0.000,-0.203,-3.669,0.000,0.169,-3.054
1.727,-3.736,6.561,7.181,-0.055,0.055,0.068,-0.068,9206.099,-8285.489,3197.672,-2877.905,0.000,-0.203,-3.673,0.000,0.169,-3.057
1.728,-3.691,6.548,7.211,-0.055,0.055,0.068,-0.068,9211.428,-8290.286,3197.672,-2877.905,0.000,-0.203,-3.677,0.000,0.169,-3.060
1.729,-3.646,6.535,7.241,-0.055,0.055,0.068,-0.068,9216.758,-8295.082,3197.672,-2877.905,0.000,-0.203,-3.680,0.000,0.169,-3.063
1.730,-3.601,6.523,7.270,-0.055,0.055,0.068,-0.068,9222.087,-8299.879,3197.672,-2877.905,0.000,-0.203,-3.684,0.000,0.169,-3.067
1.731,-3.554,6.511,7.298,-0.055,0.055,0.068,-0.068,9227.417,-8304.675,3197.672,-2877.905,0.000,-0.203,-3.687,0.000,0.169,-3.070
1.732,-3.507,6.499,7.326,-0.055,0.055,0.068,-0.068,9232.746,-8309.472,3197.672,-2877.905,0.000,-0.203,-3.691,0.000,0.169,-3.073
1.733,-3.459,6.488,7.353,-0.055,0.055,0.068,-0.068,9238.076,-8314.268,3197.672,-2877.905,0.000,-0.203,-3.694,0.000,0.169,-3.076
1.734,-3.410,6.477,7.380,-0.055,0.055,0.068,-0.068,9243.405,-8319.065,3197.672,-2877.905,0.000,-0.203,-3.698,0.000,0.169,-3.079
1.735,-3.361,6.467,7.406,-0.055,0.055,0.068,-0.068,9248.735,-8323.861,3197.672,-2877.905,0.000,-0.203,-3.702,0.000,0.169,-3.083
1.736,-3.311,6.457,7.431,-0.055,0.055,0.068,-0.068,9254.064,-8328.658,3197.672,-2877.905,0.000,-0.203,-3.705,0.000,0.169,-3.086
1.737,-3.261,6.447,7.456,-0.055,0.055,0.068,-0.068,9259.394,-8333.454,3197.672,-2877.905,0.000,-0.203,-3.709,0.000,0.169,-3.089
1.738,-3.210,6.438,7.481,-0.055,0.055,0.068,-0.068,9264.723,-8338.251,3197.672,-2877.905,0.000,-0.203,-3.712,0.000,0.169,-3.092
1.739,-3.158,6.429,7.505,-0.054,0.054,0.068,-0.068,9270.052,-8343.047,3197.672,-2877.905,0.000,-0.203,-3.716,0.000,0.169,-3.096
1.740,-3.106,6.420,7.528,-0.054,0.054,0.068,-0.068,9275.382,-8347.844,3197.672,-2877.905,0.000,-0.202,-3.720,0.000,0.169,-3.099
1.741,-3.053,6.412,7.551,-0.054,0.054,0.068,-0.068,9280.711,-8352.640,3197.672,-2877.905,0.000,-0.202,-3.723,0.000,0.169,-3.102
1.742,-3.000,6.405,7.573,-0.054,0.054,0.068,-0.068,9286.041,-8357.437,3197.672,-2877.905,0.000,-0.202,-3.727,0.000,0.169,-3.105
1.743,-2.947,6.398,7.594,-0.054,0.054,0.068,-0.068,9291.370,-8362.233,3197.672,-2877.905,0.000,-0.202,-3.730,0.000,0.169,-3.108
1.744,-2.893,6.391,7.615,-0.054,0.054,0.068,-0.068,9296.700,-8367.030,3197.672,-2877.905,0.000,-0.202,-3.734,0.000,0.168,-3.112
1.745,-2.838,6.385,7.636,-0.054,0.054,0.068,-0.068,9302.029,-8371.826,3197.672,-2877.905,0.000,-0.202,-3.737,0.000,0.168,-3.115
1.746,-2.783,6.379,7.655,-0.054,0.054,0.068,-0.068,9307.359,-8376.623,3197.672,-2877.905,0.000,-0.202,-3.741,0.000,0.168,-3.118
1.747,-2.728,6.374,7.675,-0.054,0.054,0.068,-0.068,9312.688,-8381.419,3197.672,-2877.905,0.000,-0.202,-3.745,0.000,0.168,-3.121
1.748,-2.672,6.369,7.693,-0.054,0.054,0.068,-0.068,9318.018,-8386.216,3197.672,-2877.905,0.000,-0.202,-3.748,0.000,0.168,-3.125
1.749,-2.616,6.365,7.711,-0.054,0.054,0.068,-0.068,9323.347,-8391.012,3197.672,-2877.905,0.000,-0.202,-3.752,0.000,0.168,-3.128
1.750,-2.560,6.361,7.728,-0.054,0.054,0.068,-0.068,9328.676,-8395.809,3197.672,-2877.905,0.000,-0.202,-3.755,0.000,0.168,-3.131
1.751,-2.504,6.357,7.745,-0.054,0.054,0.068,-0.068,9334.006,-8400.605,3197.672,-2877.905,0.000,-0.202,-3.759,0.000,0.168,-3.134
1.752,-2.447,6.355,7.761,-0.054,0.054,0.068,-0.068,9339.335,-8405.402,3197.672,-2877.905,0.000,-0.202,-3.763,0.000,0.168,-3.137
1.753,-2.390,6.352,7.777,-0.053,0.053,0.068,-0.068,9344.665,-8410.198,3197.672,-2877.905,0.000,-0.202,-3.766,0.000,0.168,-3.141
1.754,-2.332,6.350,7.792,-0.053,0.053,0.068,-0.068,9349.994,-8414.995,3197.672,-2877.905,0.000,-0.201,-3.770,0.000,0.168,-3.144
1.755,-2.275,6.349,7.806,-0.053,0.053,0.068,-0.068,9355.324,-8419.791,3197.672,-2877.905,0.000,-0.201,-3.773,0.000,0.168,-3.147
1.756,-2.217,6.348,7.820,-0.053,0.053,0.068,-0.068,9360.653,-8424.588,3197.672,-2877.905,0.000,-0.201,-3.777,0.000,0.168,-3.150
1.757,-2.159,6.348,7.833,-0.053,0.053,0.068,-0.068,9365.983,-8429.384,3197.672,-2877.905,0.000,-0.201,-3.780,0.000,0.168,-3.154
1.758,-2.101,6.348,7.845,-0.053,0.053,0.068,-0.068,9371.312,-8434.181,3197.672,-2877.905,0.000,-0.201,-3.784,0.000,0.168,-3.157
1.759,-2.043,6.349,7.857,-0.053,0.053,0.068,-0.068,9376.642,-8438.977,3197.672,-2877.905,0.000,-0.201,-3.788,0.000,0.168,-3.160
1.760,-1.985,6.350,7.869,-0.053,0.053,0.068,-0.068,9381.971,-8443.774,3197.672,-2877.905,0.000,-0.201,-3.791,0.000,0.168,-3.163
1.761,-1.927,6.352,7.879,-0.053,0.053,0.068,-0.068,9387.300,-8448.570,3197.672,-2877.905,0.000,-0.201,-3.795,0.000,0.168,-3.166
1.762,-1.869,6.355,7.889,-0.053,0.053,0.068,-0.068,9392.630,-8453.367,3197.672,-2877.905,0.000,-0.201,-3.798,0.000,0.168,-3.170
1.763,-1.811,6.358,7.899,-0.053,0.053,0.068,-0.068,9397.959,-8458.163,3197.672,-2877.905,0.000,-0.201,-3.802,0.000,0.168,-3.173
1.764,-1.752,6.361,7.908,-0.053,0.053,0.068,-0.068,9403.289,-8462.960,3197.672,-2877.905,0.000,-0.201,-3.806,0.000,0.168,-3.176
1.765,-1.694,6.365,7.916,-0.053,0.053,0.068,-0.068,9408.618,-8467.756,3197.672,-2877.905,0.000,-0.201,-3.809,0.000,0.167,-3.179
1.766,-1.636,6.370,7.924,-0.053,0.053,0.068,-0.068,9413.948,-8472.553,3197.672,-2877.905,0.000,-0.201,-3.813,0.000,0.167,-3.183
1.767,-1.578,6.375,7.931,-0.052,0.052,0.068,-0.068,9419.277,-8477.349,3197.672,-2877.905,0.000,-0.200,-3.816,0.000,0.167,-3.186
1.768,-1.520,6.381,7.937,-0.052,0.052,0.068,-0.068,9424.607,-8482.146,3197.672,-2877.905,0.000,-0.200,-3.820,0.000,0.167,-3.189
1.769,-1.462,6.387,7.943,-0.052,0.052,0.068,-0.068,9429.936,-8486.942,3197.672,-2877.905,0.000,-0.200,-3.823,0.000,0.167,-3.192
1.770,-1.404,6.394,7.948,-0.052,0.052,0.068,-0.068,9435.266,-8491.739,3197.672,-2877.905,0.000,-0.200,-3.827,0.000,0.167,-3.195
1.771,-1.347,6.401,7.953,-0.052,0.052,0.068,-0.068,9440.595,-8496.536,3197.672,-2877.905,0.000,-0.200,-3.831,0.000,0.167,-3.199
1.772,-1.289,6.409,7.957,-0.052,0.052,0.068,-0.068,9445.924,-8501.332,3197.672,-2877.905,0.000,-0.200,-3.834,0.000,0.167,-3.202
1.773,-1.232,6.417,7.961,-0.052,0.052,0.068,-0.068,9451.254,-8506.129,3197.672,-2877.905,0.000,-0.200,-3.838,0.000,0.167,-3.205
1.774,-1.175,6.426,7.964,-0.052,0.052,0.068,-0.068,9456.583,-8510.925,3197.672,-2877.905,0.000,-0.200,-3.841,0.000,0.167,-3.208
1.775,-1.119,6.436,7.966,-0.052,0.052,0.068,-0.068,9461.913,-8515.722,3197.672,-2877.905,0.000,-0.200,-3.845,0.000,0.167,-3.212
1.776,-1.062,6.446,7.968,-0.052,0.052,0.068,-0.068,9467.242,-8520.518,3197.672,-2877.905,0.000,-0.200,-3.848,0.000,0.167,-3.215
1.777,-1.006,6.456,7.969,-0.052,0.052,0.068,-0.068,9472.572,-8525.315,3197.672,-2877.905,0.000,-0.200,-3.852,0.000,0.167,-3.218
1.778,-0.950,6.467,7.970,-0.052,0.052,0.068,-0.068,9477.901,-8530.111,3197.672,-2877.905,0.000,-0.200,-3.856,0.000,0.167,-3.221
1.779,-0.895,6.479,7.970,-0.052,0.052,0.068,-0.068,9483.231,-8534.908,3197.672,-2877.905,0.000,-0.200,-3.859,0.000,0.167,-3.224
1.780,-0.840,6.491,7.969,-0.052,0.052,0.068,-0.068,9488.560,-8539.704,3197.672,-2877.905,0.000,-0.199,-3.863,0.000,0.167,-3.228
1.781,-0.786,6.504,7.968,-0.052,0.052,0.068,-0.068,9493.890,-8544.501,3197.672,-2877.905,0.000,-0.199,-3.866,0.000,0.167,-3.231
1.782,-0.731,6.517,7.966,-0.051,0.051,0.068,-0.068,9499.219,-8549.297,3197.672,-2877.905,0.000,-0.199,-3.870,0.000,0.167,-3.234
1.783,-0.678,6.531,7.964,-0.051,0.051,0.068,-0.068,9504.548,-8554.094,3197.672,-2877.905,0.000,-0.199,-3.874,0.000,0.166,-3.237
1.784,-0.624,6.545,7.961,-0.051,0.051,0.068,-0.068,9509.878,-8558.890,3197.672,-2877.905,0.000,-0.199,-3.877,0.000,0.166,-3.241
1.785,-0.572,6.560,7.958,-0.051,0.051,0.068,-0.068,9515.207,-8563.687,3197.672,-2877.905,0.000,-0.199,-3.881,0.000,0.166,-3.244
1.786,-0.519,6.575,7.954,-0.051,0.051,0.068,-0.068,9520.537,-8568.483,3197.672,-2877.905,0.000,-0.199,-3.884,0.000,0.166,-3.247
1.787,-0.468,6.591,7.950,-0.051,0.051,0.068,-0.068,9525.866,-8573.280,3197.672,-2877.905,0.000,-0.199,-3.888,0.000,0.166,-3.250
1.788,-0.416,6.607,7.945,-0.051,0.051,0.068,-0.068,9531.196,-8578.076,3197.672,-2877.905,0.000,-0.199,-3.891,0.000,0.166,-3.253
1.789,-0.366,6.624,7.940,-0.051,0.051,0.068,-0.068,9536.525,-8582.873,3197.672,-2877.905,0.000,-0.199,-3.895,0.000,0.166,-3.257
1.790,-0.316,6.641,7.934,-0.051,0.051,0.068,-0.068,9541.855,-8587.669,3197.672,-2877.905,0.000,-0.199,-3.899,0.000,0.166,-3.260
1.791,-0.266,6.659,7.927,-0.051,0.051,0.068,-0.068,9547.184,-8592.466,3197.672,-2877.905,0.000,-0.198,-3.902,0.000,0.166,-3.263
1.792,-0.217,6.677,7.920,-0.051,0.051,0.068,-0.068,9552.514,-8597.262,3197.672,-2877.905,0.000,-0.198,-3.906,0.000,0.166,-3.266
1.793,-0.169,6.696,7.913,-0.051,0.051,0.068,-0.068,9557.843,-8602.059,3197.672,-2877.905,0.000,-0.198,-3.909,0.000,0.166,-3.270
1.794,-0.122,6.715,7.905,-0.051,0.051,0.068,-0.068,9563.172,-8606.855,3197.672,-2877.905,0.000,-0.198,-3.913,0.000,0.166,-3.273
1.795,-0.075,6.735,7.896,-0.051,0.051,0.068,-0.068,9568.502,-8611.652,3197.672,-2877.905,0.000,-0.198,-3.917,0.000,0.166,-3.276
1.796,-0.029,6.755,7.887,-0.050,0.050,0.068,-0.068,9573.831,-8616.448,3197.672,-2877.905,0.000,-0.198,-3.920,0.000,0.166,-3.279
1.797,0.016,6.776,7.878,-0.050,0.050,0.068,-0.068,9579.161,-8621.245,3197.672,-2877.905,0.000,-0.198,-3.924,0.000,0.166,-3.282
1.798,0.061,6.797,7.868,-0.050,0.050,0.068,-0.068,9584.490,-8626.041,3197.672,-2877.905,0.000,-0.198,-3.927,0.000,0.165,-3.286
1.799,0.105,6.818,7.857,-0.050,0.050,0.068,-0.068,9589.820,-8630.838,3197.672,-2877.905,0.000,-0.198,-3.931,0.000,0.165,-3.289
1.800,0.148,6.840,7.846,-0.050,0.050,0.068,-0.068,9595.149,-8635.634,3197.672,-2877.905,0.000,-0.198,-3.934,0.000,0.165,-3.292
1.801,0.190,6.862,7.835,-0.050,0.050,0.068,-0.068,9600.479,-8640.431,3197.672,-2877.905,0.000,-0.198,-3.938,0.000,0.165,-3.295
1.802,0.232,6.885,7.823,-0.050,0.050,0.068,-0.068,9605.808,-8645.227,3197.672,-2877.905,0.000,-0.197,-3.942,0.000,0.165,-3.299
1.803,0.272,6.908,7.811,-0.050,0.050,0.068,-0.068,9611.138,-8650.024,3197.672,-2877.905,0.000,-0.197,-3.945,0.000,0.165,-3.302
1.804,0.312,6.931,7.798,-0.050,0.050,0.068,-0.068,9616.467,-8654.820,3197.672,-2877.905,0.000,-0.197,-3.949,0.000,0.165,-3.305
1.805,0.351,6.955,7.785,-0.050,0.050,0.068,-0.068,9621.796,-8659.617,3197.672,-2877.905,0.000,-0.197,-3.952,0.000,0.165,-3.308
1.806,0.389,6.979,7.772,-0.050,0.050,0.068,-0.068,9627.126,-8664.413,3197.672,-2877.905,0.000,-0.197,-3.956,0.000,0.165,-3.311
1.807,0.426,7.004,7.758,-0.050,0.050,0.068,-0.068,9632.455,-8669.210,3197.672,-2877.905,0.000,-0.197,-3.960,0.000,0.165,-3.315
1.808,0.462,7.029,7.744,-0.050,0.050,0.068,-0.068,9637.785,-8674.006,3197.672,-2877.905,0.000,-0.197,-3.963,0.000,0.165,-3.318
1.809,0.497,7.054,7.729,-0.050,0.050,0.068,-0.068,9643.114,-8678.803,3197.672,-2877.905,0.000,-0.197,-3.967,0.000,0.165,-3.321
1.810,0.532,7.079,7.714,-0.049,0.049,0.068,-0.068,9648.444,-8683.599,3197.672,-2877.905,0.000,-0.197,-3.970,0.000,0.165,-3.324
1.811,0.565,7.105,7.699,-0.049,0.049,0.068,-0.068,9653.773,-8688.396,3197.672,-2877.905,0.000,-0.197,-3.974,0.000,0.165,-3.328
1.812,0.597,7.132,7.683,-0.049,0.049,0.068,-0.068,9659.103,-8693.192,3197.672,-2877.905,0.000,-0.196,-3.977,0.000,0.165,-3.331
1.813,0.628,7.158,7.667,-0.049,0.049,0.068,-0.068,9664.432,-8697.989,3197.672,-2877.905,0.000,-0.196,-3.981,0.000,0.164,-3.334
1.814,0.659,7.185,7.650,-0.049,0.049,0.068,-0.068,9669.762,-8702.785,3197.672,-2877.905,0.000,-0.196,-3.985,0.000,0.164,-3.337
1.815,0.688,7.212,7.633,-0.049,0.049,0.068,-0.068,9675.091,-8707.582,3197.672,-2877.905,0.000,-0.196,-3.988,0.000,0.164,-3.340
1.816,0.716,7.239,7.616,-0.049,0.049,0.068,-0.068,9680.420,-8712.378,3197.672,-2877.905,0.000,-0.196,-3.992,0.000,0.164,-3.344
1.817,0.743,7.267,7.599,-0.049,0.049,0.068,-0.068,9685.750,-8717.175,3197.672,-2877.905,0.000,-0.196,-3.995,0.000,0.164,-3.347
1.818,0.769,7.295,7.581,-0.049,0.049,0.068,-0.068,9691.079,-8721.971,3197.672,-2877.905,0.000,-0.196,-3.999,0.000,0.164,-3.350
1.819,0.794,7.323,7.563,-0.049,0.049,0.068,-0.068,9696.409,-8726.768,3197.672,-2877.905,0.000,-0.196,-4.002,0.000,0.164,-3.353
1.820,0.818,7.351,7.544,-0.049,0.049,0.068,-0.068,9701.738,-8731.564,3197.672,-2877.905,0.000,-0.196,-4.006,0.000,0.164,-3.357
1.821,0.841,7.380,7.526,-0.049,0.049,0.068,-0.068,9707.068,-8736.361,3197.672,-2877.905,0.000,-0.196,-4.010,0.000,0.164,-3.360
1.822,0.863,7.409,7.507,-0.049,0.049,0.068,-0.068,9712.397,-8741.157,3197.672,-2877.905,0.000,-0.195,-4.013,0.000,0.164,-3.363
1.823,0.884,7.438,7.488,-0.049,0.049,0.068,-0.068,9717.727,-8745.954,3197.672,-2877.905,0.000,-0.195,-4.017,0.000,0.164,-3.366
1.824,0.903,7.467,7.469,-0.049,0.049,0.068,-0.068,9723.056,-8750.750,3197.672,-2877.905,0.000,-0.195,-4.020,0.000,0.164,-3.369
1.825,0.921,7.496,7.449,-0.048,0.048,0.068,-0.068,9728.386,-8755.547,3197.672,-2877.905,0.000,-0.195,-4.024,0.000,0.164,-3.373
1.826,0.939,7.526,7.429,-0.048,0.048,0.068,-0.068,9733.715,-8760.343,3197.672,-2877.905,0.000,-0.195,-4.028,0.000,0.163,-3.376
1.827,0.955,7.556,7.409,-0.048,0.048,0.068,-0.068,9739.044,-8765.140,3197.672,-2877.905,0.000,-0.195,-4.031,0.000,0.163,-3.379
1.828,0.970,7.585,7.389,-0.048,0.048,0.068,-0.068,9744.374,-8769.937,3197.672,-2877.905,0.000,-0.195,-4.035,0.000,0.163,-3.382
1.829,0.983,7.615,7.369,-0.048,0.048,0.068,-0.068,9749.703,-8774.733,3197.672,-2877.905,0.000,-0.195,-4.038,0.000,0.163,-3.386
1.830,0.996,7.645,7.348,-0.048,0.048,0.068,-0.068,9755.033,-8779.530,3197.672,-2877.905,0.000,-0.195,-4.042,0.000,0.163,-3.389
1.831,1.007,7.676,7.327,-0.048,0.048,0.068,-0.068,9760.362,-8784.326,3197.672,-2877.905,0.000,-0.194,-4.045,0.000,0.163,-3.392
1.832,1.017,7.706,7.307,-0.048,0.048,0.068,-0.068,9765.692,-8789.123,3197.672,-2877.905,0.000,-0.194,-4.050,0.000,0.163,-3.395
1.833,1.026,7.736,7.286,-0.048,0.048,0.068,-0.068,9771.021,-8793.919,3197.672,-2877.905,0.000,-0.194,-4.055,0.000,0.163,-3.398
1.834,1.034,7.767,7.265,-0.048,0.048,0.068,-0.068,9776.351,-8798.716,3197.672,-2877.905,0.000,-0.194,-4.060,0.000,0.163,-3.402
1.835,1.040,7.798,7.243,-0.048,0.048,0.068,-0.068,9781.680,-8803.512,3197.672,-2877.905,0.000,-0.194,-4.065,0.000,0.163,-3.405
1.836,1.046,7.829,7.222,-0.048,0.048,0.068,-0.068,9787.010,-8808.309,3197.672,-2877.905,0.000,-0.194,-4.070,0.000,0.163,-3.408
1.837,1.050,7.859,7.201,-0.048,0.048,0.068,-0.068,9792.339,-8813.105,3197.672,-2877.905,0.000,-0.194,-4.075,0.000,0.163,-3.411
1.838,1.052,7.890,7.179,-0.048,0.048,0.068,-0.068,9797.668,-8817.902,3197.672,-2877.905,0.000,-0.194,-4.080,0.000,0.162,-3.415
1.839,1.054,7.922,7.158,-0.047,0.047,0.068,-0.068,9802.998,-8822.698,3197.672,-2877.905,0.000,-0.194,-4.085,0.000,0.162,-3.418
1.840,1.054,7.953,7.137,-0.047,0.047,0.068,-0.068,9808.327,-8827.495,3197.672,-2877.905,0.000,-0.194,-4.089,0.000,0.162,-3.421
1.841,1.053,7.984,7.115,-0.047,0.047,0.068,-0.068,9813.657,-8832.291,3197.672,-2877.905,0.000,-0.194,-4.094,0.000,0.162,-3.424
1.842,1.051,8.015,7.094,-0.047,0.047,0.068,-0.068,9818.986,-8837.088,3197.672,-2877.905,0.000,-0.194,-4.099,0.000,0.162,-3.427
1.843,1.048,8.046,7.072,-0.047,0.047,0.068,-0.068,9824.316,-8841.884,3197.672,-2877.905,0.000,-0.194,-4.104,0.000,0.162,-3.431
1.844,1.043,8.077,7.051,-0.047,0.047,0.068,-0.068,9829.645,-8846.681,3197.672,-2877.905,0.000,-0.194,-4.109,0.000,0.162,-3.434
1.845,1.037,8.109,7.029,-0.047,0.047,0.068,-0.068,9834.975,-8851.477,3197.672,-2877.905,0.000,-0.194,-4.114,0.000,0.162,-3.437
1.846,1.030,8.140,7.008,-0.047,0.047,0.068,-0.068,9840.304,-8856.274,3197.672,-2877.905,0.000,-0.194,-4.119,0.000,0.162,-3.440
1.847,1.022,8.171,6.987,-0.047,0.047,0.068,-0.068,9845.634,-8861.070,3197.672,-2877.905,0.000,-0.194,-4.124,0.000,0.162,-3.444
1.848,1.012,8.202,6.966,-0.047,0.047,0.068,-0.068,9850.963,-8865.867,3197.672,-2877.905,0.000,-0.194,-4.129,0.000,0.162,-3.447
1.849,1.001,8.234,6.945,-0.047,0.047,0.068,-0.068,9856.292,-8870.663,3197.672,-2877.905,0.000,-0.193,-4.134,0.000,0.161,-3.450
1.850,0.989,8.265,6.924,-0.047,0.047,0.068,-0.068,9861.622,-8875.460,3197.672,-2877.905,0.000,-0.193,-4.139,0.000,0.161,-3.453
1.851,0.976,8.296,6.903,-0.047,0.047,0.068,-0.068,9866.951,-8880.256,3197.672,-2877.905,0.000,-0.193,-4.144,0.000,0.161,-3.456
1.852,0.961,8.327,6.882,-0.047,0.047,0.068,-0.068,9872.281,-8885.053,3197.672,-2877.905,0.000,-0.193,-4.148,0.000,0.161,-3.460
1.853,0.945,8.358,6.862,-0.046,0.046,0.068,-0.068,9877.610,-8889.849,3197.672,-2877.905,0.000,-0.193,-4.153,0.000,0.161,-3.463
1.854,0.928,8.388,6.841,-0.046,0.046,0.068,-0.068,9882.940,-8894.646,3197.672,-2877.905,0.000,-0.193,-4.158,0.000,0.161,-3.466
1.855,0.910,8.419,6.821,-0.046,0.046,0.068,-0.068,9888.269,-8899.442,3197.672,-2877.905,0.000,-0.193,-4.163,0.000,0.161,-3.469
1.856,0.890,8.450,6.801,-0.046,0.046,0.068,-0.068,9893.599,-8904.239,3197.672,-2877.905,0.000,-0.193,-4.168,0.000,0.161,-3.473
1.857,0.870,8.480,6.782,-0.046,0.046,0.068,-0.068,9898.928,-8909.035,3197.672,-2877.905,0.000,-0.193,-4.173,0.000,0.161,-3.476
1.858,0.848,8.510,6.762,-0.046,0.046,0.068,-0.068,9904.258,-8913.832,3197.672,-2877.905,0.000,-0.193,-4.178,0.000,0.161,-3.479
1.859,0.825,8.541,6.743,-0.046,0.046,0.068,-0.068,9909.587,-8918.628,3197.672,-2877.905,0.000,-0.193,-4.183,0.000,0.161,-3.482
1.860,0.800,8.571,6.724,-0.046,0.046,0.068,-0.068,9914.916,-8923.425,3197.672,-2877.905,0.000,-0.193,-4.188,0.000,0.160,-3.485
1.861,0.775,8.600,6.706,-0.046,0.046,0.068,-0.068,9920.246,-8928.221,3197.672,-2877.905,0.000,-0.193,-4.193,0.000,0.160,-3.489
1.862,0.748,8.630,6.687,-0.046,0.046,0.068,-0.068,9925.575,-8933.018,3197.672,-2877.905,0.000,-0.193,-4.198,0.000,0.160,-3.492
1.863,0.720,8.659,6.669,-0.046,0.046,0.068,-0.068,9930.905,-8937.814,3197.672,-2877.905,0.000,-0.193,-4.203,0.000,0.160,-3.495
1.864,0.691,8.689,6.652,-0.046,0.046,0.068,-0.068,9936.234,-8942.611,3197.672,-2877.905,0.000,-0.192,-4.208,0.000,0.160,-3.498
1.865,0.661,8.718,6.634,-0.046,0.046,0.068,-0.068,9941.564,-8947.407,3197.672,-2877.905,0.000,-0.192,-4.212,0.000,0.160,-3.502
1.866,0.630,8.747,6.617,-0.046,0.046,0.068,-0.068,9946.893,-8952.204,3197.672,-2877.905,0.000,-0.192,-4.217,0.000,0.160,-3.505
1.867,0.598,8.775,6.601,-0.046,0.046,0.068,-0.068,9952.223,-8957.000,3197.672,-2877.905,0.000,-0.192,-4.222,0.000,0.160,-3.508
1.868,0.564,8.804,6.585,-0.045,0.045,0.068,-0.068,9957.552,-8961.797,3197.672,-2877.905,0.000,-0.192,-4.227,0.000,0.160,-3.511
1.869,0.530,8.832,6.569,-0.045,0.045,0.068,-0.068,9962.882,-8966.593,3197.672,-2877.905,0.000,-0.192,-4.232,0.000,0.160,-3.514
1.870,0.494,8.860,6.554,-0.045,0.045,0.068,-0.068,9968.211,-8971.390,3197.672,-2877.905,0.000,-0.192,-4.237,0.000,0.159,-3.518
1.871,0.457,8.888,6.539,-0.045,0.045,0.068,-0.068,9973.540,-8976.186,3197.672,-2877.905,0.000,-0.192,-4.242,0.000,0.159,-3.521
1.872,0.420,8.915,6.524,-0.045,0.045,0.068,-0.068,9978.870,-8980.983,3197.672,-2877.905,0.000,-0.192,-4.247,0.000,0.159,-3.524
1.873,0.381,8.942,6.511,-0.045,0.045,0.068,-0.068,9984.199,-8985.779,3197.672,-2877.905,0.000,-0.192,-4.252,0.000,0.159,-3.527
1.874,0.341,8.969,6.497,-0.045,0.045,0.068,-0.068,9989.529,-8990.576,3197.672,-2877.905,0.000,-0.192,-4.257,0.000,0.159,-3.531
1.875,0.300,8.995,6.484,-0.045,0.045,0.068,-0.068,9994.858,-8995.372,3197.672,-2877.905,0.000,-0.192,-4.262,0.000,0.159,-3.534
1.876,0.258,9.022,6.472,-0.045,0.045,0.068,-0.068,10000.188,-9000.169,3197.672,-2877.905,0.000,-0.192,-4.267,0.000,0.159,-3.537
1.877,0.215,9.048,6.460,-0.045,0.045,0.068,-0.068,10005.517,-9004.965,3197.672,-2877.905,0.000,-0.192,-4.271,0.000,0.159,-3.540
1.878,0.172,9.073,6.449,-0.045,0.045,0.068,-0.068,10010.847,-9009.762,3197.672,-2877.905,0.000,-0.191,-4.276,0.000,0.159,-3.543
1.879,0.127,9.099,6.438,-0.045,0.045,0.068,-0.068,10016.176,-9014.558,3197.672,-2877.905,0.000,-0.191,-4.281,0.000,0.159,-3.547
1.880,0.081,9.124,6.428,-0.045,0.045,0.068,-0.068,10021.506,-9019.355,3197.672,-2877.905,0.000,-0.191,-4.286,0.000,0.158,-3.550
1.881,0.035,9.148,6.418,-0.045,0.045,0.068,-0.068,10026.835,-9024.151,3197.672,-2877.905,0.000,-0.191,-4.291,0.000,0.158,-3.553
1.882,-0.013,9.173,6.409,-0.044,0.044,0.068,-0.068,10032.164,-9028.948,3197.672,-2877.905,0.000,-0.191,-4.296,0.000,0.158,-3.556
1.883,-0.061,9.196,6.401,-0.044,0.044,0.068,-0.068,10037.494,-9033.744,3197.672,-2877.905,0.000,-0.191,-4.301,0.000,0.158,-3.560
1.884,-0.110,9.220,6.393,-0.044,0.044,0.068,-0.068,10042.823,-9038.541,3197.672,-2877.905,0.000,-0.191,-4.306,0.000,0.158,-3.563
1.885,-0.160,9.243,6.386,-0.044,0.044,0.068,-0.068,10048.153,-9043.337,3197.672,-2877.905,0.000,-0.191,-4.311,0.000,0.158,-3.566
1.886,-0.211,9.266,6.379,-0.044,0.044,0.068,-0.068,10053.482,-9048.134,3197.672,-2877.905,0.000,-0.191,-4.316,0.000,0.158,-3.569
1.887,-0.262,9.288,6.373,-0.044,0.044,0.068,-0.068,10058.812,-9052.931,3197.672,-2877.905,0.000,-0.191,-4.321,0.000,0.158,-3.572
1.888,-0.314,9.311,6.368,-0.044,0.044,0.068,-0.068,10064.141,-9057.727,3197.672,-2877.905,0.000,-0.191,-4.326,0.000,0.158,-3.576
1.889,-0.368,9.332,6.363,-0.044,0.044,0.068,-0.068,10069.471,-9062.524,3197.672,-2877.905,0.000,-0.191,-4.331,0.000,0.157,-3.579
1.890,-0.421,9.353,6.360,-0.044,0.044,0.068,-0.068,10074.800,-9067.320,3197.672,-2877.905,0.000,-0.190,-4.335,0.000,0.157,-3.582
1.891,-0.476,9.374,6.357,-0.044,0.044,0.068,-0.068,10080.130,-9072.117,3197.672,-2877.905,0.000,-0.190,-4.340,0.000,0.157,-3.585
1.892,-0.531,9.395,6.354,-0.044,0.044,0.068,-0.068,10085.459,-9076.913,3197.672,-2877.905,0.000,-0.190,-4.345,0.000,0.157,-3.589
1.893,-0.587,9.415,6.353,-0.044,0.044,0.068,-0.068,10090.788,-9081.710,3197.672,-2877.905,0.000,-0.190,-4.350,0.000,0.157,-3.592
1.894,-0.643,9.434,6.352,-0.044,0.044,0.068,-0.068,10096.118,-9086.506,3197.672,-2877.905,0.000,-0.190,-4.355,0.000,0.157,-3.595
1.895,-0.700,9.454,6.351,-0.044,0.044,0.068,-0.068,10101.447,-9091.303,3197.672,-2877.905,0.000,-0.190,-4.360,0.000,0.157,-3.598
1.896,-0.758,9.472,6.352,-0.043,0.043,0.068,-0.068,10106.777,-9096.099,3197.672,-2877.905,0.000,-0.190,-4.365,0.000,0.157,-3.601
1.897,-0.816,9.491,6.353,-0.043,0.043,0.068,-0.068,10112.106,-9100.896,3197.672,-2877.905,0.000,-0.190,-4.370,0.000,0.157,-3.605
1.898,-0.874,9.508,6.355,-0.043,0.043,0.068,-0.068,10117.436,-9105.692,3197.672,-2877.905,0.000,-0.190,-4.375,0.000,0.156,-3.608
1.899,-0.933,9.526,6.358,-0.043,0.043,0.068,-0.068,10122.765,-9110.489,3197.672,-2877.905,0.000,-0.190,-4.380,0.000,0.156,-3.611
1.900,-0.993,9.543,6.362,-0.043,0.043,0.068,-0.068,10128.095,-9115.285,3197.672,-2877.905,0.000,-0.190,-4.385,0.000,0.156,-3.614
1.901,-1.053,9.559,6.366,-0.043,0.043,0.068,-0.068,10133.424,-9120.082,3197.672,-2877.905,0.000,-0.189,-4.390,0.000,0.156,-3.618
1.902,-1.114,9.575,6.371,-0.043,0.043,0.068,-0.068,10138.753,-9124.878,3197.672,-2877.905,0.000,-0.189,-4.395,0.000,0.156,-3.621
1.903,-1.174,9.591,6.377,-0.043,0.043,0.068,-0.068,10144.083,-9129.675,3197.672,-2877.905,0.000,-0.189,-4.399,0.000,0.156,-3.624
1.904,-1.236,9.606,6.384,-0.043,0.043,0.068,-0.068,10149.412,-9134.471,3197.672,-2877.905,0.000,-0.189,-4.404,0.000,0.156,-3.627
1.905,-1.297,9.620,6.392,-0.043,0.043,0.068,-0.068,10154.742,-9139.268,3197.672,-2877.905,0.000,-0.189,-4.409,0.000,0.156,-3.630
1.906,-1.359,9.634,6.400,-0.043,0.043,0.068,-0.068,10160.071,-9144.064,3197.672,-2877.905,0.000,-0.189,-4.414,0.000,0.156,-3.634
1.907,-1.421,9.648,6.410,-0.043,0.043,0.068,-0.068,10165.401,-9148.861,3197.672,-2877.905,0.000,-0.189,-4.419,0.000,0.155,-3.637
1.908,-1.484,9.661,6.420,-0.043,0.043,0.068,-0.068,10170.730,-9153.657,3197.672,-2877.905,0.000,-0.189,-4.424,0.000,0.155,-3.640
1.909,-1.546,9.674,6.431,-0.043,0.043,0.068,-0.068,10176.060,-9158.454,3197.672,-2877.905,0.000,-0.189,-4.429,0.000,0.155,-3.643
1.910,-1.609,9.686,6.442,-0.043,0.043,0.068,-0.068,10181.389,-9163.250,3197.672,-2877.905,0.000,-0.189,-4.434,0.000,0.155,-3.647
1.911,-1.672,9.697,6.455,-0.042,0.042,0.068,-0.068,10186.719,-9168.047,3197.672,-2877.905,0.000,-0.188,-4.439,0.000,0.155,-3.650
1.912,-1.736,9.708,6.468,-0.042,0.042,0.068,-0.068,10192.048,-9172.843,3197.672,-2877.905,0.000,-0.188,-4.444,0.000,0.155,-3.653
1.913,-1.799,9.719,6.483,-0.042,0.042,0.068,-0.068,10197.377,-9177.640,3197.672,-2877.905,0.000,-0.188,-4.449,0.000,0.155,-3.656
1.914,-1.862,9.729,6.498,-0.042,0.042,0.068,-0.068,10202.707,-9182.436,3197.672,-2877.905,0.000,-0.188,-4.454,0.000,0.155,-3.659
1.915,-1.926,9.738,6.514,-0.042,0.042,0.068,-0.068,10208.036,-9187.233,3197.672,-2877.905,0.000,-0.188,-4.459,0.000,0.155,-3.663
1.916,-1.989,9.747,6.530,-0.042,0.042,0.068,-0.068,10213.366,-9192.029,3197.672,-2877.905,0.000,-0.188,-4.463,0.000,0.154,-3.666
1.917,-2.053,9.756,6.548,-0.042,0.042,0.068,-0.068,10218.695,-9196.826,3197.672,-2877.905,0.000,-0.188,-4.468,0.000,0.154,-3.669
1.918,-2.116,9.763,6.567,-0.042,0.042,0.068,-0.068,10224.025,-9201.622,3197.672,-2877.905,0.000,-0.188,-4.473,0.000,0.154,-3.672
1.919,-2.180,9.771,6.586,-0.042,0.042,0.068,-0.068,10229.354,-9206.419,3197.672,-2877.905,0.000,-0.188,-4.478,0.000,0.154,-3.676
1.920,-2.243,9.778,6.606,-0.042,0.042,0.068,-0.068,10234.684,-9211.215,3197.672,-2877.905,0.000,-0.188,-4.483,0.000,0.154,-3.679
1.921,-2.307,9.784,6.627,-0.042,0.042,0.068,-0.068,10240.013,-9216.012,3197.672,-2877.905,0.000,-0.187,-4.488,0.000,0.154,-3.682
1.922,-2.370,9.790,6.649,-0.042,0.042,0.068,-0.068,10245.343,-9220.808,3197.672,-2877.905,0.000,-0.187,-4.493,0.000,0.154,-3.685
1.923,-2.433,9.795,6.671,-0.042,0.042,0.068,-0.068,10250.672,-9225.605,3197.672,-2877.905,0.000,-0.187,-4.498,0.000,0.154,-3.688
1.924,-2.496,9.799,6.695,-0.042,0.042,0.068,-0.068,10256.001,-9230.401,3197.672,-2877.905,0.000,-0.187,-4.503,0.000,0.153,-3.692
1.925,-2.558,9.804,6.719,-0.041,0.041,0.068,-0.068,10261.331,-9235.198,3197.672,-2877.905,0.000,-0.187,-4.508,0.000,0.153,-3.695
1.926,-2.621,9.807,6.744,-0.041,0.041,0.068,-0.068,10266.660,-9239.994,3197.672,-2877.905,0.000,-0.187,-4.513,0.000,0.153,-3.698
1.927,-2.683,9.810,6.770,-0.041,0.041,0.068,-0.068,10271.990,-9244.791,3197.672,-2877.905,0.000,-0.187,-4.518,0.000,0.153,-3.701
1.928,-2.744,9.812,6.797,-0.041,0.041,0.068,-0.068,10277.319,-9249.587,3197.672,-2877.905,0.000,-0.187,-4.522,0.000,0.153,-3.705
1.929,-2.806,9.814,6.824,-0.041,0.041,0.068,-0.068,10282.649,-9254.384,3197.672,-2877.905,0.000,-0.187,-4.527,0.000,0.153,-3.708
1.930,-2.867,9.816,6.853,-0.041,0.041,0.068,-0.068,10287.978,-9259.180,3197.672,-2877.905,0.000,-0.186,-4.532,0.000,0.153,-3.711
1.931,-2.928,9.816,6.882,-0.041,0.041,0.068,-0.068,10293.308,-9263.977,3197.672,-2877.905,0.000,-0.186,-4.537,0.000,0.153,-3.714
1.932,-2.988,9.817,6.912,-0.041,0.041,0.068,-0.068,10298.637,-9268.773,3197.672,-2877.905,0.000,-0.186,-4.542,0.000,0.152,-3.718
1.933,-3.048,9.816,6.942,-0.041,0.041,0.068,-0.068,10303.967,-9273.570,3197.672,-2877.905,0.000,-0.186,-4.547,0.000,0.152,-3.721
1.934,-3.108,9.815,6.974,-0.041,0.041,0.068,-0.068,10309.296,-9278.366,3197.672,-2877.905,0.000,-0.186,-4.552,0.000,0.152,-3.724
1.935,-3.166,9.814,7.006,-0.041,0.041,0.068,-0.068,10314.625,-9283.163,3197.672,-2877.905,0.000,-0.186,-4.557,0.000,0.152,-3.727
1.936,-3.225,9.812,7.039,-0.041,0.041,0.068,-0.068,10319.955,-9287.959,3197.672,-2877.905,0.000,-0.186,-4.562,0.000,0.152,-3.730
1.937,-3.283,9.809,7.073,-0.041,0.041,0.068,-0.068,10325.284,-9292.756,3197.672,-2877.905,0.000,-0.186,-4.567,0.000,0.152,-3.734
1.938,-3.340,9.806,7.107,-0.041,0.041,0.068,-0.068,10330.614,-9297.552,3197.672,-2877.905,0.000,-0.186,-4.572,0.000,0.152,-3.737
1.939,-3.397,9.802,7.142,-0.040,0.040,0.068,-0.068,10335.943,-9302.349,3197.672,-2877.905,0.000,-0.185,-4.577,0.000,0.151,-3.740
1.940,-3.453,9.798,7.178,-0.040,0.040,0.068,-0.068,10341.273,-9307.145,3197.672,-2877.905,0.000,-0.185,-4.582,0.000,0.151,-3.743
1.941,-3.509,9.793,7.215,-0.040,0.040,0.068,-0.068,10346.602,-9311.942,3197.672,-2877.905,0.000,-0.185,-4.586,0.000,0.151,-3.747
1.942,-3.564,9.788,7.252,-0.040,0.040,0.068,-0.068,10351.932,-9316.738,3197.672,-2877.905,0.000,-0.185,-4.591,0.000,0.151,-3.750
1.943,-3.618,9.782,7.290,-0.040,0.040,0.068,-0.068,10357.261,-9321.535,3197.672,-2877.905,0.000,-0.185,-4.596,0.000,0.151,-3.753
1.944,-3.671,9.776,7.329,-0.040,0.040,0.068,-0.068,10362.591,-9326.332,3197.672,-2877.905,0.000,-0.185,-4.601,0.000,0.151,-3.756
1.945,-3.724,9.769,7.368,-0.040,0.040,0.068,-0.068,10367.920,-9331.128,3197.672,-2877.905,0.000,-0.185,-4.606,0.000,0.151,-3.759
1.946,-3.776,9.761,7.408,-0.040,0.040,0.068,-0.068,10373.249,-9335.925,3197.672,-2877.905,0.000,-0.185,-4.611,0.000,0.151,-3.763
1.947,-3.827,9.753,7.448,-0.040,0.040,0.068,-0.068,10378.579,-9340.721,3197.672,-2877.905,0.000,-0.184,-4.616,0.000,0.150,-3.766
1.948,-3.878,9.744,7.489,-0.040,0.040,0.068,-0.068,10383.908,-9345.518,3197.672,-2877.905,0.000,-0.184,-4.621,0.000,0.150,-3.769
1.949,-3.927,9.735,7.531,-0.040,0.040,0.068,-0.068,10389.238,-9350.314,3197.672,-2877.905,0.000,-0.184,-4.626,0.000,0.150,-3.772
1.950,-3.976,9.725,7.574,-0.040,0.040,0.068,-0.068,10394.567,-9355.111,3197.672,-2877.905,0.000,-0.184,-4.631,0.000,0.150,-3.776
1.951,-4.024,9.715,7.617,-0.040,0.040,0.068,-0.068,10399.897,-9359.907,3197.672,-2877.905,0.000,-0.184,-4.636,0.000,0.150,-3.779
1.952,-4.071,9.704,7.660,-0.040,0.040,0.068,-0.068,10405.226,-9364.704,3197.672,-2877.905,0.000,-0.184,-4.641,0.000,0.150,-3.782
1.953,-4.117,9.693,7.704,-0.040,0.040,0.068,-0.068,10410.556,-9369.500,3197.672,-2877.905,0.000,-0.184,-4.646,0.000,0.150,-3.785
1.954,-4.163,9.681,7.749,-0.039,0.039,0.068,-0.068,10415.885,-9374.297,3197.672,-2877.905,0.000,-0.183,-4.650,0.000,0.149,-3.788
1.955,-4.207,9.669,7.794,-0.039,0.039,0.068,-0.068,10421.215,-9379.093,3197.672,-2877.905,0.000,-0.183,-4.655,0.000,0.149,-3.792
1.956,-4.250,9.656,7.839,-0.039,0.039,0.068,-0.068,10426.544,-9383.890,3197.672,-2877.905,0.000,-0.183,-4.660,0.000,0.149,-3.795
1.957,-4.293,9.643,7.885,-0.039,0.039,0.068,-0.068,10431.873,-9388.686,3197.672,-2877.905,0.000,-0.183,-4.665,0.000,0.149,-3.798
1.958,-4.334,9.629,7.932,-0.039,0.039,0.068,-0.068,10437.203,-9393.483,3197.672,-2877.905,0.000,-0.183,-4.670,0.000,0.149,-3.801
1.959,-4.374,9.615,7.979,-0.039,0.039,0.068,-0.068,10442.532,-9398.279,3197.672,-2877.905,0.000,-0.183,-4.675,0.000,0.149,-3.805
1.960,-4.414,9.600,8.027,-0.039,0.039,0.068,-0.068,10447.862,-9403.076,3197.672,-2877.905,0.000,-0.183,-4.680,0.000,0.149,-3.808
1.961,-4.452,9.584,8.074,-0.039,0.039,0.068,-0.068,10453.191,-9407.872,3197.672,-2877.905,0.000,-0.183,-4.685,0.000,0.149,-3.811
1.962,-4.489,9.569,8.123,-0.039,0.039,0.068,-0.068,10458.521,-9412.669,3197.672,-2877.905,0.000,-0.182,-4.690,0.000,0.148,-3.814
1.963,-4.526,9.552,8.171,-0.039,0.039,0.068,-0.068,10463.850,-9417.465,3197.672,-2877.905,0.000,-0.182,-4.695,0.000,0.148,-3.817
1.964,-4.561,9.536,8.220,-0.039,0.039,0.068,-0.068,10469.180,-9422.262,3197.672,-2877.905,0.000,-0.182,-4.700,0.000,0.148,-3.821
1.965,-4.595,9.519,8.270,-0.039,0.039,0.068,-0.068,10474.509,-9427.058,3197.672,-2877.905,0.000,-0.182,-4.705,0.000,0.148,-3.824
1.966,-4.628,9.501,8.320,-0.039,0.039,0.068,-0.068,10479.839,-9431.855,3197.672,-2877.905,0.000,-0.182,-4.710,0.000,0.148,-3.827
1.967,-4.659,9.483,8.370,-0.039,0.039,0.068,-0.068,10485.168,-9436.651,3197.672,-2877.905,0.000,-0.182,-4.714,0.000,0.148,-3.830
1.968,-4.690,9.464,8.420,-0.038,0.038,0.068,-0.068,10490.497,-9441.448,3197.672,-2877.905,0.000,-0.182,-4.719,0.000,0.148,-3.834
1.969,-4.720,9.446,8.471,-0.038,0.038,0.068,-0.068,10495.827,-9446.244,3197.672,-2877.905,0.000,-0.181,-4.724,0.000,0.147,-3.837
1.970,-4.748,9.426,8.522,-0.038,0.038,0.068,-0.068,10501.156,-9451.041,3197.672,-2877.905,0.000,-0.181,-4.729,0.000,0.147,-3.840
1.971,-4.775,9.407,8.573,-0.038,0.038,0.068,-0.068,10506.486,-9455.837,3197.672,-2877.905,0.000,-0.181,-4.734,0.000,0.147,-3.843
1.972,-4.801,9.386,8.624,-0.038,0.038,0.068,-0.068,10511.815,-9460.634,3197.672,-2877.905,0.000,-0.181,-4.739,0.000,0.147,-3.846
1.973,-4.826,9.366,8.676,-0.038,0.038,0.068,-0.068,10517.145,-9465.430,3197.672,-2877.905,0.000,-0.181,-4.744,0.000,0.147,-3.850
1.974,-4.850,9.345,8.728,-0.038,0.038,0.068,-0.068,10522.474,-9470.227,3197.672,-2877.905,0.000,-0.181,-4.749,0.000,0.147,-3.853
1.975,-4.872,9.324,8.780,-0.038,0.038,0.068,-0.068,10527.804,-9475.023,3197.672,-2877.905,0.000,-0.181,-4.754,0.000,0.146,-3.856
1.976,-4.894,9.302,8.832,-0.038,0.038,0.068,-0.068,10533.133,-9479.820,3197.672,-2877.905,0.000,-0.180,-4.759,0.000,0.146,-3.859
1.977,-4.914,9.280,8.884,-0.038,0.038,0.068,-0.068,10538.463,-9484.616,3197.672,-2877.905,0.000,-0.180,-4.764,0.000,0.146,-3.863
1.978,-4.933,9.258,8.937,-0.038,0.038,0.068,-0.068,10543.792,-9489.413,3197.672,-2877.905,0.000,-0.180,-4.769,0.000,0.146,-3.866
1.979,-4.950,9.236,8.989,-0.038,0.038,0.068,-0.068,10549.121,-9494.209,3197.672,-2877.905,0.000,-0.180,-4.773,0.000,0.146,-3.869
1.980,-4.967,9.213,9.042,-0.038,0.038,0.068,-0.068,10554.451,-9499.006,3197.672,-2877.905,0.000,-0.180,-4.778,0.000,0.146,-3.872
1.981,-4.982,9.190,9.095,-0.038,0.038,0.068,-0.068,10559.780,-9503.802,3197.672,-2877.905,0.000,-0.180,-4.783,0.000,0.146,-3.875
1.982,-4.996,9.166,9.148,-0.037,0.037,0.068,-0.068,10565.110,-9508.599,3197.672,-2877.905,0.000,-0.180,-4.788,0.000,0.145,-3.879
1.983,-5.009,9.142,9.201,-0.037,0.037,0.068,-0.068,10570.439,-9513.395,3197.672,-2877.905,0.000,-0.179,-4.793,0.000,0.145,-3.882
1.984,-5.020,9.118,9.253,-0.037,0.037,0.068,-0.068,10575.769,-9518.192,3197.672,-2877.905,0.000,-0.179,-4.798,0.000,0.145,-3.885
1.985,-5.031,9.094,9.306,-0.037,0.037,0.068,-0.068,10581.098,-9522.988,3197.672,-2877.905,0.000,-0.179,-4.803,0.000,0.145,-3.888
1.986,-5.040,9.070,9.359,-0.037,0.037,0.068,-0.068,10586.428,-9527.785,3197.672,-2877.905,0.000,-0.179,-4.808,0.000,0.145,-3.892
1.987,-5.047,9.045,9.412,-0.037,0.037,0.068,-0.068,10591.757,-9532.581,3197.672,-2877.905,0.000,-0.179,-4.813,0.000,0.145,-3.895
1.988,-5.054,9.020,9.465,-0.037,0.037,0.068,-0.068,10597.087,-9537.378,3197.672,-2877.905,0.000,-0.179,-4.818,0.000,0.145,-3.898
1.989,-5.059,8.995,9.518,-0.037,0.037,0.068,-0.068,10602.416,-9542.174,3197.672,-2877.905,0.000,-0.178,-4.823,0.000,0.144,-3.901
1.990,-5.063,8.970,9.571,-0.037,0.037,0.068,-0.068,10607.745,-9546.971,3197.672,-2877.905,0.000,-0.178,-4.828,0.000,0.144,-3.904
1.991,-5.066,8.944,9.623,-0.037,0.037,0.068,-0.068,10613.075,-9551.767,3197.672,-2877.905,0.000,-0.178,-4.833,0.000,0.144,-3.908
1.992,-5.068,8.918,9.676,-0.037,0.037,0.068,-0.068,10618.404,-9556.564,3197.672,-2877.905,0.000,-0.178,-4.837,0.000,0.144,-3.911
1.993,-5.068,8.893,9.728,-0.037,0.037,0.068,-0.068,10623.734,-9561.360,3197.672,-2877.905,0.000,-0.178,-4.842,0.000,0.144,-3.914
1.994,-5.067,8.867,9.781,-0.037,0.037,0.068,-0.068,10629.063,-9566.157,3197.672,-2877.905,0.000,-0.178,-4.847,0.000,0.144,-3.917
1.995,-5.065,8.841,9.833,-0.037,0.037,0.068,-0.068,10634.393,-9570.953,3197.672,-2877.905,0.000,-0.178,-4.852,0.000,0.143,-3.921
1.996,-5.062,8.815,9.885,-0.037,0.037,0.068,-0.068,10639.722,-9575.750,3197.672,-2877.905,0.000,-0.177,-4.857,0.000,0.143,-3.924
1.997,-5.058,8.788,9.937,-0.036,0.036,0.068,-0.068,10645.052,-9580.546,3197.672,-2877.905,0.000,-0.177,-4.862,0.000,0.143,-3.927
1.998,-5.052,8.762,9.989,-0.036,0.036,0.068,-0.068,10650.381,-9585.343,3197.672,-2877.905,0.000,-0.177,-4.867,0.000,0.143,-3.930
1.999,-5.045,8.736,10.040,-0.036,0.036,0.068,-0.068,10655.711,-9590.139,3197.672,-2877.905,0.000,-0.177,-4.872,0.000,0.143,-3.933
2.000,-5.037,8.709,10.091,-0.036,0.036,0.068,-0.068,10661.040,-9594.936,3197.672,-2877.905,0.000,-0.177,-4.877,0.000,0.143,-3.937
2.001,-5.028,8.683,10.142,-0.036,0.036,0.068,-0.068,10666.369,-9599.733,3197.672,-2877.905,0.000,-0.177,-4.882,0.000,0.143,-3.940
2.002,-5.017,8.657,10.193,-0.036,0.036,0.068,-0.068,10671.699,-9604.529,3197.672,-2877.905,0.000,-0.176,-4.887,0.000,0.142,-3.943
2.003,-5.006,8.630,10.244,-0.036,0.036,0.068,-0.068,10677.028,-9609.326,3197.672,-2877.905,0.000,-0.176,-4.892,0.000,0.142,-3.946
2.004,-4.993,8.604,10.294,-0.036,0.036,0.068,-0.068,10682.358,-9614.122,3197.672,-2877.905,0.000,-0.176,-4.897,0.000,0.142,-3.950
2.005,-4.979,8.577,10.344,-0.036,0.036,0.068,-0.068,10687.687,-9618.919,3197.672,-2877.905,0.000,-0.176,-4.901,0.000,0.142,-3.953
2.006,-4.964,8.551,10.394,-0.036,0.036,0.068,-0.068,10693.017,-9623.715,3197.672,-2877.905,0.000,-0.176,-4.906,0.000,0.142,-3.956
2.007,-4.948,8.525,10.443,-0.036,0.036,0.068,-0.068,10698.346,-9628.512,3197.672,-2877.905,0.000,-0.176,-4.911,0.000,0.142,-3.959
2.008,-4.930,8.499,10.492,-0.036,0.036,0.068,-0.068,10703.676,-9633.308,3197.672,-2877.905,0.000,-0.175,-4.916,0.000,0.141,-3.962
2.009,-4.912,8.473,10.541,-0.036,0.036,0.068,-0.068,10709.005,-9638.105,3197.672,-2877.905,0.000,-0.175,-4.921,0.000,0.141,-3.966
2.010,-4.892,8.447,10.589,-0.036,0.036,0.068,-0.068,10714.335,-9642.901,3197.672,-2877.905,0.000,-0.175,-4.926,0.000,0.141,-3.969
2.011,-4.872,8.421,10.637,-0.035,0.035,0.068,-0.068,10719.664,-9647.698,3197.672,-2877.905,0.000,-0.175,-4.931,0.000,0.141,-3.972
2.012,-4.850,8.395,10.685,-0.035,0.035,0.068,-0.068,10724.993,-9652.494,3197.672,-2877.905,0.000,-0.175,-4.936,0.000,0.141,-3.975
2.013,-4.827,8.369,10.732,-0.035,0.035,0.068,-0.068,10730.323,-9657.291,3197.672,-2877.905,0.000,-0.175,-4.941,0.000,0.141,-3.979
2.014,-4.804,8.344,10.779,-0.035,0.035,0.068,-0.068,10735.652,-9662.087,3197.672,-2877.905,0.000,-0.174,-4.946,0.000,0.140,-3.982
2.015,-4.779,8.319,10.826,-0.035,0.035,0.068,-0.068,10740.982,-9666.884,3197.672,-2877.905,0.000,-0.174,-4.951,0.000,0.140,-3.985
2.016,-4.753,8.294,10.872,-0.035,0.035,0.068,-0.068,10746.311,-9671.680,3197.672,-2877.905,0.000,-0.174,-4.956,0.000,0.140,-3.988
2.017,-4.726,8.269,10.918,-0.035,0.035,0.068,-0.068,10751.641,-9676.477,3197.672,-2877.905,0.000,-0.174,-4.961,0.000,0.140,-3.991
2.018,-4.698,8.245,10.963,-0.035,0.035,0.068,-0.068,10756.970,-9681.273,3197.672,-2877.905,0.000,-0.174,-4.965,0.000,0.140,-3.995
2.019,-4.670,8.220,11.008,-0.035,0.035,0.068,-0.068,10762.300,-9686.070,3197.672,-2877.905,0.000,-0.174,-4.970,0.000,0.140,-3.998
2.020,-4.640,8.196,11.053,-0.035,0.035,0.068,-0.068,10767.629,-9690.866,3197.672,-2877.905,0.000,-0.173,-4.975,0.000,0.139,-4.001
2.021,-4.609,8.173,11.097,-0.035,0.035,0.068,-0.068,10772.959,-9695.663,3197.672,-2877.905,0.000,-0.173,-4.980,0.000,0.139,-4.004
2.022,-4.578,8.149,11.140,-0.035,0.035,0.068,-0.068,10778.288,-9700.459,3197.672,-2877.905,0.000,-0.173,-4.985,0.000,0.139,-4.008
2.023,-4.545,8.126,11.183,-0.035,0.035,0.068,-0.068,10783.617,-9705.256,3197.672,-2877.905,0.000,-0.173,-4.990,0.000,0.139,-4.011
2.024,-4.512,8.103,11.226,-0.035,0.035,0.068,-0.068,10788.947,-9710.052,3197.672,-2877.905,0.000,-0.173,-4.995,0.000,0.139,-4.014
2.025,-4.477,8.081,11.268,-0.034,0.034,0.068,-0.068,10794.276,-9714.849,3197.672,-2877.905,0.000,-0.172,-5.000,0.000,0.139,-4.017
2.026,-4.442,8.058,11.310,-0.034,0.034,0.068,-0.068,10799.606,-9719.645,3197.672,-2877.905,0.000,-0.172,-5.005,0.000,0.138,-4.020
2.027,-4.406,8.037,11.351,-0.034,0.034,0.068,-0.068,10804.935,-9724.442,3197.672,-2877.905,0.000,-0.172,-5.010,0.000,0.138,-4.024
2.028,-4.370,8.015,11.392,-0.034,0.034,0.068,-0.068,10810.265,-9729.238,3197.672,-2877.905,0.000,-0.172,-5.015,0.000,0.138,-4.027
2.029,-4.332,7.994,11.433,-0.034,0.034,0.068,-0.068,10815.594,-9734.035,3197.672,-2877.905,0.000,-0.172,-5.020,0.000,0.138,-4.030
2.030,-4.294,7.974,11.472,-0.034,0.034,0.068,-0.068,10820.924,-9738.831,3197.672,-2877.905,0.000,-0.172,-5.025,0.000,0.138,-4.033
2.031,-4.254,7.953,11.512,-0.034,0.034,0.068,-0.068,10826.253,-9743.628,3197.672,-2877.905,0.000,-0.171,-5.029,0.000,0.138,-4.037
2.032,-4.215,7.934,11.550,-0.034,0.034,0.068,-0.068,10831.583,-9748.424,3197.672,-2877.905,0.000,-0.171,-5.034,0.000,0.137,-4.040
2.033,-4.174,7.914,11.589,-0.034,0.034,0.068,-0.068,10836.912,-9753.221,3197.672,-2877.905,0.000,-0.171,-5.039,0.000,0.137,-4.043
2.034,-4.133,7.895,11.627,-0.034,0.034,0.068,-0.068,10842.241,-9758.017,3197.672,-2877.905,0.000,-0.171,-5.044,0.000,0.137,-4.046
2.035,-4.091,7.877,11.664,-0.034,0.034,0.068,-0.068,10847.571,-9762.814,3197.672,-2877.905,0.000,-0.171,-5.049,0.000,0.137,-4.050
2.036,-4.048,7.859,11.701,-0.034,0.034,0.068,-0.068,10852.900,-9767.610,3197.672,-2877.905,0.000,-0.170,-5.054,0.000,0.137,-4.054
2.037,-4.005,7.841,11.737,-0.034,0.034,0.068,-0.068,10858.230,-9772.407,3197.672,-2877.905,0.000,-0.170,-5.059,0.000,0.137,-4.059
2.038,-3.961,7.824,11.773,-0.034,0.034,0.068,-0.068,10863.559,-9777.203,3197.672,-2877.905,0.000,-0.170,-5.064,0.000,0.136,-4.063
2.039,-3.916,7.808,11.808,-0.034,0.034,0.068,-0.068,10868.889,-9782.000,3197.672,-2877.905,0.000,-0.170,-5.069,0.000,0.136,-4.067
2.040,-3.871,7.792,11.842,-0.033,0.033,0.068,-0.068,10874.218,-9786.796,3197.672,-2877.905,0.000,-0.170,-5.074,0.000,0.136,-4.072
2.041,-3.825,7.776,11.876,-0.033,0.033,0.068,-0.068,10879.548,-9791.593,3197.672,-2877.905,0.000,-0.170,-5.079,0.000,0.136,-4.076
2.042,-3.779,7.761,11.910,-0.033,0.033,0.068,-0.068,10884.877,-9796.389,3197.672,-2877.905,0.000,-0.169,-5.084,0.000,0.136,-4.081
2.043,-3.732,7.746,11.943,-0.033,0.033,0.068,-0.068,10890.207,-9801.186,3197.672,-2877.905,0.000,-0.169,-5.088,0.000,0.136,-4.085
2.044,-3.685,7.732,11.976,-0.033,0.033,0.068,-0.068,10895.536,-9805.982,3197.672,-2877.905,0.000,-0.169,-5.093,0.000,0.136,-4.090
2.045,-3.637,7.719,12.007,-0.033,0.033,0.068,-0.068,10900.865,-9810.779,3197.672,-2877.905,0.000,-0.169,-5.098,0.000,0.136,-4.094
2.046,-3.589,7.706,12.039,-0.033,0.033,0.068,-0.068,10906.195,-9815.575,3197.672,-2877.905,0.000,-0.169,-5.103,0.000,0.135,-4.098
2.047,-3.540,7.693,12.070,-0.033,0.033,0.068,-0.068,10911.524,-9820.372,3197.672,-2877.905,0.000,-0.168,-5.108,0.000,0.135,-4.103
2.048,-3.491,7.681,12.100,-0.033,0.033,0.068,-0.068,10916.854,-9825.168,3197.672,-2877.905,0.000,-0.168,-5.113,0.000,0.135,-4.107
2.049,-3.442,7.670,12.130,-0.033,0.033,0.068,-0.068,10922.183,-9829.965,3197.672,-2877.905,0.000,-0.168,-5.118,0.000,0.135,-4.112
2.050,-3.392,7.659,12.159,-0.033,0.033,0.068,-0.068,10927.513,-9834.761,3197.672,-2877.905,0.000,-0.168,-5.123,0.000,0.135,-4.116
2.051,-3.341,7.649,12.188,-0.033,0.033,0.068,-0.068,10932.842,-9839.558,3197.672,-2877.905,0.000,-0.168,-5.128,0.000,0.135,-4.121
2.052,-3.291,7.639,12.216,-0.033,0.033,0.068,-0.068,10938.172,-9844.354,3197.672,-2877.905,0.000,-0.167,-5.133,0.000,0.135,-4.125
2.053,-3.240,7.630,12.243,-0.033,0.033,0.068,-0.068,10943.501,-9849.151,3197.672,-2877.905,0.000,-0.167,-5.138,0.000,0.134,-4.129
2.054,-3.189,7.622,12.270,-0.032,0.032,0.068,-0.068,10948.831,-9853.947,3197.672,-2877.905,0.000,-0.167,-5.143,0.000,0.134,-4.134
2.055,-3.137,7.614,12.297,-0.032,0.032,0.068,-0.068,10954.160,-9858.744,3197.672,-2877.905,0.000,-0.167,-5.148,0.000,0.134,-4.138
2.056,-3.086,7.607,12.322,-0.032,0.032,0.068,-0.068,10959.489,-9863.540,3197.672,-2877.905,0.000,-0.167,-5.152,0.000,0.134,-4.143
2.057,-3.034,7.601,12.348,-0.032,0.032,0.068,-0.068,10964.819,-9868.337,3197.672,-2877.905,0.000,-0.166,-5.157,0.000,0.134,-4.147
2.058,-2.981,7.595,12.373,-0.032,0.032,0.068,-0.068,10970.148,-9873.134,3197.672,-2877.905,0.000,-0.166,-5.162,0.000,0.134,-4.152
2.059,-2.929,7.590,12.397,-0.032,0.032,0.068,-0.068,10975.478,-9877.930,3197.672,-2877.905,0.000,-0.166,-5.167,0.000,0.133,-4.156
2.060,-2.877,7.585,12.420,-0.032,0.032,0.068,-0.068,10980.807,-9882.727,3197.672,-2877.905,0.000,-0.166,-5.172,0.000,0.133,-4.160
2.061,-2.824,7.581,12.444,-0.032,0.032,0.068,-0.068,10986.137,-9887.523,3197.672,-2877.905,0.000,-0.166,-5.177,0.000,0.133,-4.165
2.062,-2.771,7.578,12.466,-0.032,0.032,0.068,-0.068,10991.466,-9892.320,3197.672,-2877.905,0.000,-0.165,-5.182,0.000,0.133,-4.169
2.063,-2.718,7.576,12.488,-0.032,0.032,0.068,-0.068,10996.796,-9897.116,3197.672,-2877.905,0.000,-0.165,-5.187,0.000,0.133,-4.174
2.064,-2.665,7.574,12.510,-0.032,0.032,0.068,-0.068,11002.125,-9901.913,3197.672,-2877.905,0.000,-0.165,-5.192,0.000,0.133,-4.178
2.065,-2.613,7.572,12.531,-0.032,0.032,0.068,-0.068,11007.455,-9906.709,3197.672,-2877.905,0.000,-0.165,-5.197,0.000,0.133,-4.183
2.066,-2.560,7.572,12.551,-0.032,0.032,0.068,-0.068,11012.784,-9911.506,3197.672,-2877.905,0.000,-0.165,-5.202,0.000,0.132,-4.187
2.067,-2.507,7.572,12.571,-0.032,0.032,0.068,-0.068,11018.113,-9916.302,3197.672,-2877.905,0.000,-0.164,-5.207,0.000,0.132,-4.191
2.068,-2.454,7.573,12.590,-0.031,0.031,0.068,-0.068,11023.443,-9921.099,3197.672,-2877.905,0.000,-0.164,-5.212,0.000,0.132,-4.196
2.069,-2.401,7.574,12.609,-0.031,0.031,0.068,-0.068,11028.772,-9925.895,3197.672,-2877.905,0.000,-0.164,-5.216,0.000,0.132,-4.200
2.070,-2.348,7.576,12.627,-0.031,0.031,0.068,-0.068,11034.102,-9930.692,3197.672,-2877.905,0.000,-0.164,-5.221,0.000,0.132,-4.205
2.071,-2.295,7.579,12.645,-0.031,0.031,0.068,-0.068,11039.431,-9935.488,3197.672,-2877.905,0.000,-0.163,-5.226,0.000,0.132,-4.209
2.072,-2.242,7.583,12.662,-0.031,0.031,0.068,-0.068,11044.761,-9940.285,3197.672,-2877.905,0.000,-0.163,-5.231,0.000,0.132,-4.214
2.073,-2.190,7.587,12.679,-0.031,0.031,0.068,-0.068,11050.090,-9945.081,3197.672,-2877.905,0.000,-0.163,-5.236,0.000,0.131,-4.218
2.074,-2.137,7.592,12.695,-0.031,0.031,0.068,-0.068,11055.420,-9949.878,3197.672,-2877.905,0.000,-0.163,-5.241,0.000,0.131,-4.222
2.075,-2.085,7.597,12.711,-0.031,0.031,0.068,-0.068,11060.749,-9954.674,3197.672,-2877.905,0.000,-0.163,-5.246,0.000,0.131,-4.227
2.076,-2.033,7.604,12.726,-0.031,0.031,0.068,-0.068,11066.079,-9959.471,3197.672,-2877.905,0.000,-0.162,-5.251,0.000,0.131,-4.231
2.077,-1.981,7.611,12.741,-0.031,0.031,0.068,-0.068,11071.408,-9964.267,3197.672,-2877.905,0.000,-0.162,-5.256,0.000,0.131,-4.236
2.078,-1.930,7.618,12.755,-0.031,0.031,0.068,-0.068,11076.737,-9969.064,3197.672,-2877.905,0.000,-0.162,-5.261,0.000,0.131,-4.240
2.079,-1.878,7.627,12.769,-0.031,0.031,0.068,-0.068,11082.067,-9973.860,3197.672,-2877.905,0.000,-0.162,-5.266,0.000,0.130,-4.245
2.080,-1.827,7.635,12.782,-0.031,0.031,0.068,-0.068,11087.396,-9978.657,3197.672,-2877.905,0.000,-0.162,-5.271,0.000,0.130,-4.249
2.081,-1.776,7.645,12.795,-0.031,0.031,0.068,-0.068,11092.726,-9983.453,3197.672,-2877.905,0.000,-0.161,-5.276,0.000,0.130,-4.253
2.082,-1.726,7.656,12.807,-0.031,0.031,0.068,-0.068,11098.055,-9988.250,3197.672,-2877.905,0.000,-0.161,-5.280,0.000,0.130,-4.258
2.083,-1.676,7.667,12.819,-0.030,0.030,0.068,-0.068,11103.385,-9993.046,3197.672,-2877.905,0.000,-0.161,-5.285,0.000,0.130,-4.262
2.084,-1.626,7.678,12.830,-0.030,0.030,0.068,-0.068,11108.714,-9997.843,3197.672,-2877.905,0.000,-0.161,-5.290,0.000,0.130,-4.267
2.085,-1.577,7.691,12.841,-0.030,0.030,0.068,-0.068,11114.044,-10002.639,3197.672,-2877.905,0.000,-0.160,-5.295,0.000,0.129,-4.271
2.086,-1.528,7.704,12.851,-0.030,0.030,0.068,-0.068,11119.373,-10007.436,3197.672,-2877.905,0.000,-0.160,-5.300,0.000,0.129,-4.276
2.087,-1.479,7.717,12.861,-0.030,0.030,0.068,-0.068,11124.703,-10012.232,3197.672,-2877.905,0.000,-0.160,-5.305,0.000,0.129,-4.280
2.088,-1.431,7.732,12.870,-0.030,0.030,0.068,-0.068,11130.032,-10017.029,3197.672,-2877.905,0.000,-0.160,-5.310,0.000,0.129,-4.284
2.089,-1.384,7.747,12.879,-0.030,0.030,0.068,-0.068,11135.361,-10021.825,3197.672,-2877.905,0.000,-0.160,-5.315,0.000,0.129,-4.289
2.090,-1.336,7.762,12.887,-0.030,0.030,0.068,-0.068,11140.691,-10026.622,3197.672,-2877.905,0.000,-0.159,-5.320,0.000,0.129,-4.293
2.091,-1.290,7.779,12.895,-0.030,0.030,0.068,-0.068,11146.020,-10031.418,3197.672,-2877.905,0.000,-0.159,-5.325,0.000,0.128,-4.298
2.092,-1.244,7.795,12.903,-0.030,0.030,0.068,-0.068,11151.350,-10036.215,3197.672,-2877.905,0.000,-0.159,-5.330,0.000,0.128,-4.302
2.093,-1.198,7.813,12.910,-0.030,0.030,0.068,-0.068,11156.679,-10041.011,3197.672,-2877.905,0.000,-0.159,-5.335,0.000,0.128,-4.307
2.094,-1.153,7.831,12.917,-0.030,0.030,0.068,-0.068,11162.009,-10045.808,3197.672,-2877.905,0.000,-0.158,-5.339,0.000,0.128,-4.311
2.095,-1.109,7.850,12.923,-0.030,0.030,0.068,-0.068,11167.338,-10050.604,3197.672,-2877.905,0.000,-0.158,-5.344,0.000,0.128,-4.315
2.096,-1.065,7.869,12.929,-0.030,0.030,0.068,-0.068,11172.668,-10055.401,3197.672,-2877.905,0.000,-0.158,-5.349,0.000,0.128,-4.320
2.097,-1.022,7.889,12.934,-0.029,0.029,0.068,-0.068,11177.997,-10060.197,3197.672,-2877.905,0.000,-0.158,-5.354,0.000,0.127,-4.324
2.098,-0.979,7.910,12.939,-0.029,0.029,0.068,-0.068,11183.327,-10064.994,3197.672,-2877.905,0.000,-0.158,-5.359,0.000,0.127,-4.329
2.099,-0.937,7.931,12.944,-0.029,0.029,0.068,-0.068,11188.656,-10069.790,3197.672,-2877.905,0.000,-0.157,-5.364,0.000,0.127,-4.333
2.100,-0.896,7.953,12.948,-0.029,0.029,0.068,-0.068,11193.985,-10074.587,3197.672,-2877.905,0.000,-0.157,-5.369,0.000,0.127,-4.338
2.101,-0.855,7.975,12.952,-0.029,0.029,0.068,-0.068,11199.315,-10079.383,3197.672,-2877.905,0.000,-0.157,-5.374,0.000,0.127,-4.342
2.102,-0.815,7.998,12.955,-0.029,0.029,0.068,-0.068,11204.644,-10084.180,3197.672,-2877.905,0.000,-0.157,-5.379,0.000,0.127,-4.346
2.103,-0.776,8.021,12.958,-0.029,0.029,0.068,-0.068,11209.974,-10088.976,3197.672,-2877.905,0.000,-0.156,-5.384,0.000,0.126,-4.351
2.104,-0.738,8.045,12.961,-0.029,0.029,0.068,-0.068,11215.303,-10093.773,3197.672,-2877.905,0.000,-0.156,-5.389,0.000,0.126,-4.355
2.105,-0.700,8.070,12.963,-0.029,0.029,0.068,-0.068,11220.633,-10098.569,3197.672,-2877.905,0.000,-0.156,-5.394,0.000,0.126,-4.360
2.106,-0.663,8.095,12.965,-0.029,0.029,0.068,-0.068,11225.962,-10103.366,3197.672,-2877.905,0.000,-0.156,-5.399,0.000,0.126,-4.364
2.107,-0.627,8.120,12.967,-0.029,0.029,0.068,-0.068,11231.292,-10108.162,3197.672,-2877.905,0.000,-0.155,-5.403,0.000,0.126,-4.369
2.108,-0.592,8.146,12.968,-0.029,0.029,0.068,-0.068,11236.621,-10112.959,3197.672,-2877.905,0.000,-0.155,-5.408,0.000,0.125,-4.373
2.109,-0.557,8.173,12.969,-0.029,0.029,0.068,-0.068,11241.950,-10117.755,3197.672,-2877.905,0.000,-0.155,-5.413,0.000,0.125,-4.377
2.110,-0.523,8.200,12.969,-0.029,0.029,0.068,-0.068,11247.280,-10122.552,3197.672,-2877.905,0.000,-0.155,-5.418,0.000,0.125,-4.382
2.111,-0.491,8.227,12.970,-0.028,0.028,0.068,-0.068,11252.609,-10127.348,3197.672,-2877.905,0.000,-0.154,-5.423,0.000,0.125,-4.386
2.112,-0.459,8.255,12.970,-0.028,0.028,0.068,-0.068,11257.939,-10132.145,3197.672,-2877.905,0.000,-0.154,-5.428,0.000,0.125,-4.391
2.113,-0.427,8.284,12.969,-0.028,0.028,0.068,-0.068,11263.268,-10136.941,3197.672,-2877.905,0.000,-0.154,-5.433,0.000,0.125,-4.395
2.114,-0.397,8.312,12.969,-0.028,0.028,0.068,-0.068,11268.598,-10141.738,3197.672,-2877.905,0.000,-0.154,-5.438,0.000,0.124,-4.400
2.115,-0.368,8.342,12.968,-0.028,0.028,0.068,-0.068,11273.927,-10146.535,3197.672,-2877.905,0.000,-0.154,-5.443,0.000,0.124,-4.404
2.116,-0.340,8.371,12.967,-0.028,0.028,0.068,-0.068,11279.257,-10151.331,3197.672,-2877.905,0.000,-0.153,-5.448,0.000,0.124,-4.408
2.117,-0.312,8.401,12.965,-0.028,0.028,0.068,-0.068,11284.586,-10156.128,3197.672,-2877.905,0.000,-0.153,-5.453,0.000,0.124,-4.413
2.118,-0.286,8.432,12.963,-0.028,0.028,0.068,-0.068,11289.916,-10160.924,3197.672,-2877.905,0.000,-0.153,-5.458,0.000,0.124,-4.417
2.119,-0.260,8.462,12.961,-0.028,0.028,0.068,-0.068,11295.245,-10165.721,3197.672,-2877.905,0.000,-0.153,-5.463,0.000,0.123,-4.422
2.120,-0.235,8.494,12.959,-0.028,0.028,0.068,-0.068,11300.574,-10170.517,3197.672,-2877.905,0.000,-0.152,-5.467,0.000,0.123,-4.426
2.121,-0.212,8.525,12.957,-0.028,0.028,0.068,-0.068,11305.904,-10175.314,3197.672,-2877.905,0.000,-0.152,-5.472,0.000,0.123,-4.431
2.122,-0.189,8.557,12.954,-0.028,0.028,0.068,-0.068,11311.233,-10180.110,3197.672,-2877.905,0.000,-0.152,-5.477,0.000,0.123,-4.435
2.123,-0.167,8.589,12.951,-0.028,0.028,0.068,-0.068,11316.563,-10184.907,3197.672,-2877.905,0.000,-0.152,-5.482,0.000,0.123,-4.439
2.124,-0.147,8.621,12.948,-0.028,0.028,0.068,-0.068,11321.892,-10189.703,3197.672,-2877.905,0.000,-0.151,-5.487,0.000,0.123,-4.444
2.125,-0.127,8.654,12.945,-0.028,0.028,0.068,-0.068,11327.222,-10194.500,3197.672,-2877.905,0.000,-0.151,-5.492,0.000,0.122,-4.448
2.126,-0.109,8.687,12.941,-0.027,0.027,0.068,-0.068,11332.551,-10199.296,3197.672,-2877.905,0.000,-0.151,-5.497,0.000,0.122,-4.453
2.127,-0.091,8.720,12.938,-0.027,0.027,0.068,-0.068,11337.881,-10204.093,3197.672,-2877.905,0.000,-0.151,-5.502,0.000,0.122,-4.457
2.128,-0.074,8.754,12.934,-0.027,0.027,0.068,-0.068,11343.210,-10208.889,3197.672,-2877.905,0.000,-0.150,-5.507,0.000,0.122,-4.462
2.129,-0.059,8.788,12.930,-0.027,0.027,0.068,-0.068,11348.540,-10213.686,3197.672,-2877.905,0.000,-0.150,-5.512,0.000,0.122,-4.466
2.130,-0.045,8.822,12.926,-0.027,0.027,0.068,-0.068,11353.869,-10218.482,3197.672,-2877.905,0.000,-0.150,-5.517,0.000,0.121,-4.470
2.131,-0.031,8.856,12.922,-0.027,0.027,0.068,-0.068,11359.198,-10223.279,3197.672,-2877.905,0.000,-0.150,-5.522,0.000,0.121,-4.475
2.132,-0.019,8.890,12.917,-0.027,0.027,0.068,-0.068,11364.528,-10228.075,3197.672,-2877.905,0.000,-0.149,-5.527,0.000,0.121,-4.479
2.133,-0.008,8.925,12.913,-0.027,0.027,0.068,-0.068,11369.857,-10232.872,3197.672,-2877.905,0.000,-0.149,-5.531,0.000,0.121,-4.484
2.134,0.002,8.959,12.908,-0.027,0.027,0.068,-0.068,11375.187,-10237.668,3197.672,-2877.905,0.000,-0.149,-5.536,0.000,0.121,-4.488
2.135,0.011,8.994,12.904,-0.027,0.027,0.068,-0.068,11380.516,-10242.465,3197.672,-2877.905,0.000,-0.149,-5.541,0.000,0.120,-4.493
2.136,0.019,9.029,12.899,-0.027,0.027,0.068,-0.068,11385.846,-10247.261,3197.672,-2877.905,0.000,-0.148,-5.546,0.000,0.120,-4.497
2.137,0.026,9.064,12.894,-0.027,0.027,0.068,-0.068,11391.175,-10252.058,3197.672,-2877.905,0.000,-0.148,-5.551,0.000,0.120,-4.501
2.138,0.032,9.100,12.889,-0.027,0.027,0.068,-0.068,11396.505,-10256.854,3197.672,-2877.905,0.000,-0.148,-5.556,0.000,0.120,-4.506
2.139,0.037,9.135,12.885,-0.027,0.027,0.068,-0.068,11401.834,-10261.651,3197.672,-2877.905,0.000,-0.148,-5.561,0.000,0.120,-4.510
2.140,0.040,9.170,12.880,-0.026,0.026,0.068,-0.068,11407.164,-10266.447,3197.672,-2877.905,0.000,-0.147,-5.566,0.000,0.119,-4.515
2.141,0.043,9.206,12.875,-0.026,0.026,0.068,-0.068,11412.493,-10271.244,3197.672,-2877.905,0.000,-0.147,-5.571,0.000,0.119,-4.519
2.142,0.044,9.241,12.870,-0.026,0.026,0.068,-0.068,11417.822,-10276.040,3197.672,-2877.905,0.000,-0.147,-5.576,0.000,0.119,-4.524
2.143,0.044,9.277,12.865,-0.026,0.026,0.068,-0.068,11423.152,-10280.837,3197.672,-2877.905,0.000,-0.146,-5.581,0.000,0.119,-4.528
2.144,0.043,9.312,12.860,-0.026,0.026,0.068,-0.068,11428.481,-10285.633,3197.672,-2877.905,0.000,-0.146,-5.586,0.000,0.119,-4.532
2.145,0.041,9.348,12.855,-0.026,0.026,0.068,-0.068,11433.811,-10290.430,3197.672,-2877.905,0.000,-0.146,-5.590,0.000,0.118,-4.537
2.146,0.038,9.383,12.851,-0.026,0.026,0.068,-0.068,11439.140,-10295.226,3197.672,-2877.905,0.000,-0.146,-5.595,0.000,0.118,-4.541
2.147,0.033,9.419,12.846,-0.026,0.026,0.068,-0.068,11444.470,-10300.023,3197.672,-2877.905,0.000,-0.145,-5.600,0.000,0.118,-4.546
2.148,0.028,9.454,12.841,-0.026,0.026,0.068,-0.068,11449.799,-10304.819,3197.672,-2877.905,0.000,-0.145,-5.605,0.000,0.118,-4.550
2.149,0.021,9.489,12.837,-0.026,0.026,0.068,-0.068,11455.129,-10309.616,3197.672,-2877.905,0.000,-0.145,-5.610,0.000,0.118,-4.555
2.150,0.014,9.525,12.832,-0.026,0.026,0.068,-0.068,11460.458,-10314.412,3197.672,-2877.905,0.000,-0.145,-5.615,0.000,0.117,-4.559
2.151,0.005,9.560,12.828,-0.026,0.026,0.068,-0.068,11465.788,-10319.209,3197.672,-2877.905,0.000,-0.144,-5.620,0.000,0.117,-4.563
2.152,-0.005,9.595,12.824,-0.026,0.026,0.068,-0.068,11471.117,-10324.005,3197.672,-2877.905,0.000,-0.144,-5.625,0.000,0.117,-4.568
2.153,-0.016,9.630,12.820,-0.026,0.026,0.068,-0.068,11476.446,-10328.802,3197.672,-2877.905,0.000,-0.144,-5.630,0.000,0.117,-4.572
2.154,-0.028,9.665,12.816,-0.025,0.025,0.068,-0.068,11481.776,-10333.598,3197.672,-2877.905,0.000,-0.144,-5.635,0.000,0.117,-4.577
2.155,-0.041,9.699,12.812,-0.025,0.025,0.068,-0.068,11487.105,-10338.395,3197.672,-2877.905,0.000,-0.143,-5.640,0.000,0.116,-4.581
2.156,-0.056,9.734,12.809,-0.025,0.025,0.068,-0.068,11492.435,-10343.191,3197.672,-2877.905,0.000,-0.143,-5.645,0.000,0.116,-4.586
2.157,-0.071,9.768,12.805,-0.025,0.025,0.068,-0.068,11497.764,-10347.988,3197.672,-2877.905,0.000,-0.143,-5.650,0.000,0.116,-4.590
2.158,-0.088,9.802,12.802,-0.025,0.025,0.068,-0.068,11503.094,-10352.784,3197.672,-2877.905,0.000,-0.143,-5.654,0.000,0.116,-4.594
2.159,-0.105,9.836,12.799,-0.025,0.025,0.068,-0.068,11508.423,-10357.581,3197.672,-2877.905,0.000,-0.142,-5.659,0.000,0.116,-4.599
2.160,-0.124,9.870,12.797,-0.025,0.025,0.068,-0.068,11513.753,-10362.377,3197.672,-2877.905,0.000,-0.142,-5.664,0.000,0.115,-4.603
2.161,-0.144,9.903,12.794,-0.025,0.025,0.068,-0.068,11519.082,-10367.174,3197.672,-2877.905,0.000,-0.142,-5.669,0.000,0.115,-4.608
2.162,-0.164,9.936,12.792,-0.025,0.025,0.068,-0.068,11524.412,-10371.970,3197.672,-2877.905,0.000,-0.141,-5.674,0.000,0.115,-4.612
2.163,-0.186,9.969,12.790,-0.025,0.025,0.068,-0.068,11529.741,-10376.767,3197.672,-2877.905,0.000,-0.141,-5.679,0.000,0.115,-4.617
2.164,-0.209,10.002,12.789,-0.025,0.025,0.068,-0.068,11535.070,-10381.563,3197.672,-2877.905,0.000,-0.141,-5.684,0.000,0.115,-4.621
2.165,-0.233,10.034,12.787,-0.025,0.025,0.068,-0.068,11540.400,-10386.360,3197.672,-2877.905,0.000,-0.141,-5.689,0.000,0.114,-4.625
2.166,-0.258,10.066,12.786,-0.025,0.025,0.068,-0.068,11545.729,-10391.156,3197.672,-2877.905,0.000,-0.140,-5.694,0.000,0.114,-4.630
2.167,-0.284,10.097,12.786,-0.025,0.025,0.068,-0.068,11551.059,-10395.953,3197.672,-2877.905,0.000,-0.140,-5.699,0.000,0.114,-4.634
2.168,-0.311,10.129,12.785,-0.024,0.024,0.068,-0.068,11556.388,-10400.749,3197.672,-2877.905,0.000,-0.140,-5.704,0.000,0.114,-4.639
2.169,-0.339,10.160,12.785,-0.024,0.024,0.068,-0.068,11561.718,-10405.546,3197.672,-2877.905,0.000,-0.139,-5.709,0.000,0.113,-4.643
2.170,-0.368,10.190,12.786,-0.024,0.024,0.068,-0.068,11567.047,-10410.342,3197.672,-2877.905,0.000,-0.139,-5.714,0.000,0.113,-4.648
2.171,-0.398,10.220,12.787,-0.024,0.024,0.068,-0.068,11572.377,-10415.139,3197.672,-2877.905,0.000,-0.139,-5.718,0.000,0.113,-4.652
2.172,-0.429,10.250,12.788,-0.024,0.024,0.068,-0.068,11577.706,-10419.935,3197.672,-2877.905,0.000,-0.139,-5.723,0.000,0.113,-4.656
2.173,-0.461,10.279,12.790,-0.024,0.024,0.068,-0.068,11583.036,-10424.732,3197.672,-2877.905,0.000,-0.138,-5.728,0.000,0.113,-4.661
2.174,-0.494,10.308,12.792,-0.024,0.024,0.068,-0.068,11588.365,-10429.529,3197.672,-2877.905,0.000,-0.138,-5.733,0.000,0.112,-4.665
2.175,-0.527,10.337,12.794,-0.024,0.024,0.068,-0.068,11593.694,-10434.325,3197.672,-2877.905,0.000,-0.138,-5.738,0.000,0.112,-4.670
2.176,-0.562,10.365,12.797,-0.024,0.024,0.068,-0.068,11599.024,-10439.122,3197.672,-2877.905,0.000,-0.138,-5.743,0.000,0.112,-4.674
2.177,-0.597,10.392,12.800,-0.024,0.024,0.068,-0.068,11604.353,-10443.918,3197.672,-2877.905,0.000,-0.137,-5.748,0.000,0.112,-4.679
2.178,-0.634,10.419,12.804,-0.024,0.024,0.068,-0.068,11609.683,-10448.715,3197.672,-2877.905,0.000,-0.137,-5.753,0.000,0.111,-4.683
2.179,-0.671,10.446,12.808,-0.024,0.024,0.068,-0.068,11615.012,-10453.511,3197.672,-2877.905,0.000,-0.137,-5.758,0.000,0.111,-4.687
2.180,-0.709,10.472,12.813,-0.024,0.024,0.068,-0.068,11620.342,-10458.308,3197.672,-2877.905,0.000,-0.136,-5.763,0.000,0.111,-4.692
2.181,-0.748,10.497,12.819,-0.024,0.024,0.068,-0.068,11625.671,-10463.104,3197.672,-2877.905,0.000,-0.136,-5.768,0.000,0.111,-4.696
2.182,-0.788,10.523,12.824,-0.024,0.024,0.068,-0.068,11631.001,-10467.901,3197.672,-2877.905,0.000,-0.136,-5.773,0.000,0.111,-4.701
2.183,-0.828,10.547,12.831,-0.023,0.023,0.068,-0.068,11636.330,-10472.697,3197.672,-2877.905,0.000,-0.136,-5.777,0.000,0.110,-4.705
2.184,-0.870,10.571,12.838,-0.023,0.023,0.068,-0.068,11641.660,-10477.494,3197.672,-2877.905,0.000,-0.135,-5.782,0.000,0.110,-4.710
2.185,-0.912,10.594,12.845,-0.023,0.023,0.068,-0.068,11646.989,-10482.290,3197.672,-2877.905,0.000,-0.135,-5.787,0.000,0.110,-4.714
2.186,-0.955,10.617,12.853,-0.023,0.023,0.068,-0.068,11652.318,-10487.087,3197.672,-2877.905,0.000,-0.135,-5.792,0.000,0.110,-4.718
2.187,-0.998,10.639,12.862,-0.023,0.023,0.068,-0.068,11657.648,-10491.883,3197.672,-2877.905,0.000,-0.134,-5.797,0.000,0.109,-4.723
2.188,-1.042,10.661,12.871,-0.023,0.023,0.068,-0.068,11662.977,-10496.680,3197.672,-2877.905,0.000,-0.134,-5.802,0.000,0.109,-4.727
2.189,-1.087,10.682,12.880,-0.023,0.023,0.068,-0.068,11668.307,-10501.476,3197.672,-2877.905,0.000,-0.134,-5.807,0.000,0.109,-4.732
2.190,-1.133,10.702,12.891,-0.023,0.023,0.068,-0.068,11673.636,-10506.273,3197.672,-2877.905,0.000,-0.133,-5.812,0.000,0.109,-4.736
2.191,-1.179,10.722,12.902,-0.023,0.023,0.068,-0.068,11678.966,-10511.069,3197.672,-2877.905,0.000,-0.133,-5.817,0.000,0.109,-4.741
2.192,-1.226,10.741,12.913,-0.023,0.023,0.068,-0.068,11684.295,-10515.866,3197.672,-2877.905,0.000,-0.133,-5.822,0.000,0.108,-4.745
2.193,-1.274,10.760,12.925,-0.023,0.023,0.068,-0.068,11689.625,-10520.662,3197.672,-2877.905,0.000,-0.133,-5.827,0.000,0.108,-4.749
2.194,-1.322,10.778,12.938,-0.023,0.023,0.068,-0.068,11694.954,-10525.459,3197.672,-2877.905,0.000,-0.132,-5.832,0.000,0.108,-4.754
2.195,-1.370,10.795,12.951,-0.023,0.023,0.068,-0.068,11700.284,-10530.255,3197.672,-2877.905,0.000,-0.132,-5.837,0.000,0.108,-4.758
2.196,-1.420,10.811,12.965,-0.023,0.023,0.068,-0.068,11705.613,-10535.052,3197.672,-2877.905,0.000,-0.132,-5.841,0.000,0.107,-4.763
2.197,-1.469,10.827,12.980,-0.022,0.022,0.068,-0.068,11710.942,-10539.848,3197.672,-2877.905,0.000,-0.131,-5.846,0.000,0.107,-4.767
2.198,-1.520,10.842,12.995,-0.022,0.022,0.068,-0.068,11716.272,-10544.645,3197.672,-2877.905,0.000,-0.131,-5.851,0.000,0.107,-4.772
2.199,-1.570,10.857,13.011,-0.022,0.022,0.068,-0.068,11721.601,-10549.441,3197.672,-2877.905,0.000,-0.131,-5.856,0.000,0.107,-4.776
2.200,-1.622,10.870,13.028,-0.022,0.022,0.068,-0.068,11726.931,-10554.238,3197.672,-2877.905,0.000,-0.131,-5.861,0.000,0.106,-4.780
2.201,-1.673,10.883,13.045,-0.022,0.022,0.068,-0.068,11732.260,-10559.034,3197.672,-2877.905,0.000,-0.130,-5.866,0.000,0.106,-4.785
2.202,-1.725,10.896,13.063,-0.022,0.022,0.068,-0.068,11737.590,-10563.831,3197.672,-2877.905,0.000,-0.130,-5.871,0.000,0.106,-4.789
2.203,-1.778,10.907,13.082,-0.022,0.022,0.068,-0.068,11742.919,-10568.627,3197.672,-2877.905,0.000,-0.130,-5.876,0.000,0.106,-4.794
2.204,-1.831,10.918,13.101,-0.022,0.022,0.068,-0.068,11748.249,-10573.424,3197.672,-2877.905,0.000,-0.129,-5.881,0.000,0.106,-4.798
2.205,-1.884,10.928,13.121,-0.022,0.022,0.068,-0.068,11753.578,-10578.220,3197.672,-2877.905,0.000,-0.129,-5.886,0.000,0.105,-4.803
2.206,-1.937,10.937,13.142,-0.022,0.022,0.068,-0.068,11758.908,-10583.017,3197.672,-2877.905,0.000,-0.129,-5.891,0.000,0.105,-4.807
2.207,-1.991,10.946,13.163,-0.022,0.022,0.068,-0.068,11764.237,-10587.813,3197.672,-2877.905,0.000,-0.128,-5.896,0.000,0.105,-4.811
2.208,-2.045,10.953,13.185,-0.022,0.022,0.068,-0.068,11769.566,-10592.610,3197.672,-2877.905,0.000,-0.128,-5.901,0.000,0.105,-4.816
2.209,-2.099,10.960,13.208,-0.022,0.022,0.068,-0.068,11774.896,-10597.406,3197.672,-2877.905,0.000,-0.128,-5.905,0.000,0.104,-4.820
2.210,-2.154,10.966,13.232,-0.022,0.022,0.068,-0.068,11780.225,-10602.203,3197.672,-2877.905,0.000,-0.127,-5.910,0.000,0.104,-4.825
2.211,-2.209,10.972,13.256,-0.021,0.021,0.068,-0.068,11785.555,-10606.999,3197.672,-2877.905,0.000,-0.127,-5.915,0.000,0.104,-4.829
2.212,-2.264,10.976,13.281,-0.021,0.021,0.068,-0.068,11790.884,-10611.796,3197.672,-2877.905,0.000,-0.127,-5.920,0.000,0.104,-4.834
2.213,-2.319,10.980,13.306,-0.021,0.021,0.068,-0.068,11796.214,-10616.592,3197.672,-2877.905,0.000,-0.127,-5.925,0.000,0.103,-4.838
2.214,-2.374,10.983,13.333,-0.021,0.021,0.068,-0.068,11801.543,-10621.389,3197.672,-2877.905,0.000,-0.126,-5.930,0.000,0.103,-4.842
2.215,-2.429,10.985,13.360,-0.021,0.021,0.068,-0.068,11806.873,-10626.185,3197.672,-2877.905,0.000,-0.126,-5.935,0.000,0.103,-4.847
2.216,-2.485,10.986,13.387,-0.021,0.021,0.068,-0.068,11812.202,-10630.982,3197.672,-2877.905,0.000,-0.126,-5.940,0.000,0.103,-4.851
2.217,-2.540,10.987,13.416,-0.021,0.021,0.068,-0.068,11817.532,-10635.778,3197.672,-2877.905,0.000,-0.125,-5.945,0.000,0.102,-4.856
2.218,-2.596,10.986,13.445,-0.021,0.021,0.068,-0.068,11822.861,-10640.575,3197.672,-2877.905,0.000,-0.125,-5.950,0.000,0.102,-4.860
2.219,-2.652,10.985,13.475,-0.021,0.021,0.068,-0.068,11828.190,-10645.371,3197.672,-2877.905,0.000,-0.125,-5.955,0.000,0.102,-4.865
2.220,-2.707,10.983,13.505,-0.021,0.021,0.068,-0.068,11833.520,-10650.168,3197.672,-2877.905,0.000,-0.124,-5.960,0.000,0.102,-4.869
2.221,-2.763,10.980,13.536,-0.021,0.021,0.068,-0.068,11838.849,-10654.964,3197.672,-2877.905,0.000,-0.124,-5.964,0.000,0.101,-4.873
2.222,-2.818,10.977,13.568,-0.021,0.021,0.068,-0.068,11844.179,-10659.761,3197.672,-2877.905,0.000,-0.124,-5.969,0.000,0.101,-4.878
2.223,-2.874,10.972,13.601,-0.021,0.021,0.068,-0.068,11849.508,-10664.557,3197.672,-2877.905,0.000,-0.123,-5.974,0.000,0.101,-4.882
2.224,-2.929,10.967,13.634,-0.021,0.021,0.068,-0.068,11854.838,-10669.354,3197.672,-2877.905,0.000,-0.123,-5.979,0.000,0.101,-4.887
2.225,-2.984,10.960,13.668,-0.021,0.021,0.068,-0.068,11860.167,-10674.150,3197.672,-2877.905,0.000,-0.123,-5.984,0.000,0.100,-4.891
2.226,-3.039,10.953,13.702,-0.020,0.020,0.068,-0.068,11865.497,-10678.947,3197.672,-2877.905,0.000,-0.123,-5.989,0.000,0.100,-4.896
2.227,-3.094,10.945,13.737,-0.020,0.020,0.068,-0.068,11870.826,-10683.743,3197.672,-2877.905,0.000,-0.122,-5.994,0.000,0.100,-4.900
2.228,-3.149,10.937,13.773,-0.020,0.020,0.068,-0.068,11876.156,-10688.540,3197.672,-2877.905,0.000,-0.122,-5.999,0.000,0.100,-4.904
2.229,-3.203,10.927,13.810,-0.020,0.020,0.068,-0.068,11881.485,-10693.336,3197.672,-2877.905,0.000,-0.122,-6.004,0.000,0.099,-4.909
2.230,-3.258,10.916,13.847,-0.020,0.020,0.068,-0.068,11886.814,-10698.133,3197.672,-2877.905,0.000,-0.121,-6.009,0.000,0.099,-4.913
2.231,-3.312,10.905,13.884,-0.020,0.020,0.068,-0.068,11892.144,-10702.930,3197.672,-2877.905,0.000,-0.121,-6.014,0.000,0.099,-4.918
2.232,-3.365,10.893,13.923,-0.020,0.020,0.068,-0.068,11897.473,-10707.726,3197.672,-2877.905,0.000,-0.121,-6.019,0.000,0.099,-4.922
2.233,-3.419,10.880,13.962,-0.020,0.020,0.068,-0.068,11902.803,-10712.523,3197.672,-2877.905,0.000,-0.120,-6.024,0.000,0.098,-4.927
2.234,-3.472,10.866,14.001,-0.020,0.020,0.068,-0.068,11908.132,-10717.319,3197.672,-2877.905,0.000,-0.120,-6.028,0.000,0.098,-4.931
2.235,-3.524,10.851,14.042,-0.020,0.020,0.068,-0.068,11913.462,-10722.116,3197.672,-2877.905,0.000,-0.120,-6.033,0.000,0.098,-4.935
2.236,-3.577,10.835,14.082,-0.020,0.020,0.068,-0.068,11918.791,-10726.912,3197.672,-2877.905,0.000,-0.119,-6.038,0.000,0.098,-4.940
2.237,-3.629,10.818,14.124,-0.020,0.020,0.068,-0.068,11924.121,-10731.709,3197.672,-2877.905,0.000,-0.119,-6.043,0.000,0.097,-4.944
2.238,-3.680,10.801,14.166,-0.020,0.020,0.068,-0.068,11929.450,-10736.505,3197.672,-2877.905,0.000,-0.119,-6.048,0.000,0.097,-4.949
2.239,-3.732,10.783,14.208,-0.020,0.020,0.068,-0.068,11934.780,-10741.302,3197.672,-2877.905,0.000,-0.118,-6.053,0.000,0.097,-4.953
2.240,-3.782,10.764,14.251,-0.019,0.019,0.068,-0.068,11940.109,-10746.098,3197.672,-2877.905,0.000,-0.118,-6.058,0.000,0.097,-4.958
2.241,-3.832,10.744,14.295,-0.019,0.019,0.068,-0.068,11945.438,-10750.895,3197.672,-2877.905,0.000,-0.118,-6.063,0.000,0.096,-4.962
2.242,-3.882,10.723,14.339,-0.019,0.019,0.068,-0.068,11950.768,-10755.691,3197.672,-2877.905,0.000,-0.117,-6.068,0.000,0.096,-4.966
2.243,-3.931,10.701,14.384,-0.019,0.019,0.068,-0.068,11956.097,-10760.488,3197.672,-2877.905,0.000,-0.117,-6.073,0.000,0.096,-4.971
2.244,-3.980,10.679,14.429,-0.019,0.019,0.068,-0.068,11961.427,-10765.284,3197.672,-2877.905,0.000,-0.117,-6.078,0.000,0.096,-4.975
2.245,-4.028,10.655,14.474,-0.019,0.019,0.068,-0.068,11966.756,-10770.081,3197.672,-2877.905,0.000,-0.116,-6.083,0.000,0.095,-4.980
2.246,-4.076,10.631,14.521,-0.019,0.019,0.068,-0.068,11972.086,-10774.877,3197.672,-2877.905,0.000,-0.116,-6.087,0.000,0.095,-4.984
2.247,-4.123,10.606,14.567,-0.019,0.019,0.068,-0.068,11977.415,-10779.674,3197.672,-2877.905,0.000,-0.116,-6.092,0.000,0.095,-4.989
2.248,-4.169,10.580,14.614,-0.019,0.019,0.068,-0.068,11982.745,-10784.470,3197.672,-2877.905,0.000,-0.115,-6.097,0.000,0.094,-4.993
2.249,-4.215,10.553,14.662,-0.019,0.019,0.068,-0.068,11988.074,-10789.267,3197.672,-2877.905,0.000,-0.115,-6.102,0.000,0.094,-4.997
2.250,-4.260,10.526,14.710,-0.019,0.019,0.068,-0.068,11993.404,-10794.063,3197.672,-2877.905,0.000,-0.115,-6.107,0.000,0.094,-5.002
2.251,-4.305,10.498,14.758,-0.019,0.019,0.068,-0.068,11998.733,-10798.860,3197.672,-2877.905,0.000,-0.114,-6.112,0.000,0.094,-5.006
2.252,-4.349,10.468,14.807,-0.019,0.019,0.068,-0.068,12004.062,-10803.656,3197.672,-2877.905,0.000,-0.114,-6.117,0.000,0.093,-5.011
2.253,-4.392,10.438,14.856,-0.019,0.019,0.068,-0.068,12009.392,-10808.453,3197.672,-2877.905,0.000,-0.114,-6.122,0.000,0.093,-5.015
2.254,-4.435,10.408,14.905,-0.018,0.018,0.068,-0.068,12014.721,-10813.249,3197.672,-2877.905,0.000,-0.113,-6.127,0.000,0.093,-5.020
2.255,-4.476,10.376,14.955,-0.018,0.018,0.068,-0.068,12020.051,-10818.046,3197.672,-2877.905,0.000,-0.113,-6.132,0.000,0.093,-5.024
2.256,-4.517,10.344,15.005,-0.018,0.018,0.068,-0.068,12025.380,-10822.842,3197.672,-2877.905,0.000,-0.113,-6.137,0.000,0.092,-5.028
2.257,-4.558,10.311,15.056,-0.018,0.018,0.068,-0.068,12030.710,-10827.639,3197.672,-2877.905,0.000,-0.112,-6.142,0.000,0.092,-5.033
2.258,-4.597,10.277,15.107,-0.018,0.018,0.068,-0.068,12036.039,-10832.435,3197.672,-2877.905,0.000,-0.112,-6.147,0.000,0.092,-5.037
2.259,-4.636,10.242,15.158,-0.018,0.018,0.068,-0.068,12041.369,-10837.232,3197.672,-2877.905,0.000,-0.112,-6.151,0.000,0.092,-5.042
2.260,-4.674,10.207,15.209,-0.018,0.018,0.068,-0.068,12046.698,-10842.028,3197.672,-2877.905,0.000,-0.111,-6.156,0.000,0.091,-5.046
2.261,-4.712,10.171,15.261,-0.018,0.018,0.068,-0.068,12052.028,-10846.825,3197.672,-2877.905,0.000,-0.111,-6.161,0.000,0.091,-5.050
2.262,-4.748,10.134,15.313,-0.018,0.018,0.068,-0.068,12057.357,-10851.621,3197.672,-2877.905,0.000,-0.111,-6.166,0.000,0.091,-5.055
2.263,-4.784,10.096,15.365,-0.018,0.018,0.068,-0.068,12062.686,-10856.418,3197.672,-2877.905,0.000,-0.110,-6.171,0.000,0.090,-5.059
2.264,-4.819,10.058,15.418,-0.018,0.018,0.068,-0.068,12068.016,-10861.214,3197.672,-2877.905,0.000,-0.110,-6.176,0.000,0.090,-5.064
2.265,-4.853,10.019,15.470,-0.018,0.018,0.068,-0.068,12073.345,-10866.011,3197.672,-2877.905,0.000,-0.110,-6.181,0.000,0.090,-5.068
2.266,-4.886,9.979,15.523,-0.018,0.018,0.068,-0.068,12078.675,-10870.807,3197.672,-2877.905,0.000,-0.109,-6.186,0.000,0.090,-5.073
2.267,-4.918,9.939,15.576,-0.018,0.018,0.068,-0.068,12084.004,-10875.604,3197.672,-2877.905,0.000,-0.109,-6.191,0.000,0.089,-5.077
2.268,-4.950,9.898,15.629,-0.018,0.018,0.068,-0.068,12089.334,-10880.400,3197.672,-2877.905,0.000,-0.109,-6.196,0.000,0.089,-5.081
2.269,-4.981,9.856,15.683,-0.017,0.017,0.068,-0.068,12094.663,-10885.197,3197.672,-2877.905,0.000,-0.108,-6.201,0.000,0.089,-5.086
2.270,-5.010,9.814,15.736,-0.017,0.017,0.068,-0.068,12099.993,-10889.993,3197.672,-2877.905,0.000,-0.108,-6.206,0.000,0.088,-5.090
2.271,-5.039,9.771,15.790,-0.017,0.017,0.068,-0.068,12105.322,-10894.790,3197.672,-2877.905,0.000,-0.108,-6.210,0.000,0.088,-5.095
2.272,-5.067,9.727,15.844,-0.017,0.017,0.068,-0.068,12110.652,-10899.586,3197.672,-2877.905,0.000,-0.107,-6.215,0.000,0.088,-5.099
2.273,-5.095,9.683,15.897,-0.017,0.017,0.068,-0.068,12115.981,-10904.383,3197.672,-2877.905,0.000,-0.107,-6.220,0.000,0.088,-5.104
2.274,-5.121,9.638,15.951,-0.017,0.017,0.068,-0.068,12121.310,-10909.179,3197.672,-2877.905,0.000,-0.106,-6.225,0.000,0.087,-5.108
2.275,-5.146,9.593,16.005,-0.017,0.017,0.068,-0.068,12126.640,-10913.976,3197.672,-2877.905,0.000,-0.106,-6.230,0.000,0.087,-5.112
2.276,-5.171,9.546,16.059,-0.017,0.017,0.068,-0.068,12131.969,-10918.772,3197.672,-2877.905,0.000,-0.106,-6.235,0.000,0.087,-5.117
2.277,-5.194,9.500,16.113,-0.017,0.017,0.068,-0.068,12137.299,-10923.569,3197.672,-2877.905,0.000,-0.105,-6.240,0.000,0.087,-5.121
2.278,-5.217,9.453,16.167,-0.017,0.017,0.068,-0.068,12142.628,-10928.365,3197.672,-2877.905,0.000,-0.105,-6.245,0.000,0.086,-5.126
2.279,-5.238,9.405,16.221,-0.017,0.017,0.068,-0.068,12147.958,-10933.162,3197.672,-2877.905,0.000,-0.105,-6.250,0.000,0.086,-5.130
2.280,-5.259,9.357,16.275,-0.017,0.017,0.068,-0.068,12153.287,-10937.958,3197.672,-2877.905,0.000,-0.104,-6.255,0.000,0.086,-5.135
2.281,-5.279,9.308,16.329,-0.017,0.017,0.068,-0.068,12158.617,-10942.755,3197.672,-2877.905,0.000,-0.104,-6.260,0.000,0.085,-5.139
2.282,-5.298,9.258,16.383,-0.017,0.017,0.068,-0.068,12163.946,-10947.551,3197.672,-2877.905,0.000,-0.104,-6.265,0.000,0.085,-5.143
2.283,-5.316,9.209,16.437,-0.016,0.016,0.068,-0.068,12169.276,-10952.348,3197.672,-2877.905,0.000,-0.103,-6.270,0.000,0.085,-5.148
2.284,-5.333,9.158,16.491,-0.016,0.016,0.068,-0.068,12174.605,-10957.144,3197.672,-2877.905,0.000,-0.103,-6.274,0.000,0.085,-5.152
2.285,-5.349,9.108,16.545,-0.016,0.016,0.068,-0.068,12179.934,-10961.941,3197.672,-2877.905,0.000,-0.103,-6.279,0.000,0.084,-5.157
2.286,-5.364,9.056,16.599,-0.016,0.016,0.068,-0.068,12185.264,-10966.737,3197.672,-2877.905,0.000,-0.102,-6.284,0.000,0.084,-5.161
2.287,-5.379,9.005,16.652,-0.016,0.016,0.068,-0.068,12190.593,-10971.534,3197.672,-2877.905,0.000,-0.102,-6.289,0.000,0.084,-5.166
2.288,-5.392,8.953,16.706,-0.016,0.016,0.068,-0.068,12195.923,-10976.331,3197.672,-2877.905,0.000,-0.101,-6.294,0.000,0.083,-5.170
2.289,-5.404,8.900,16.759,-0.016,0.016,0.068,-0.068,12201.252,-10981.127,3197.672,-2877.905,0.000,-0.101,-6.299,0.000,0.083,-5.174
2.290,-5.416,8.847,16.812,-0.016,0.016,0.068,-0.068,12206.582,-10985.924,3197.672,-2877.905,0.000,-0.101,-6.304,0.000,0.083,-5.179
2.291,-5.426,8.794,16.865,-0.016,0.016,0.068,-0.068,12211.911,-10990.720,3197.672,-2877.905,0.000,-0.100,-6.309,0.000,0.082,-5.183
2.292,-5.436,8.740,16.918,-0.016,0.016,0.068,-0.068,12217.241,-10995.517,3197.672,-2877.905,0.000,-0.100,-6.314,0.000,0.082,-5.188
2.293,-5.445,8.686,16.971,-0.016,0.016,0.068,-0.068,12222.570,-11000.313,3197.672,-2877.905,0.000,-0.100,-6.319,0.000,0.082,-5.192
2.294,-5.453,8.632,17.023,-0.016,0.016,0.068,-0.068,12227.900,-11005.110,3197.672,-2877.905,0.000,-0.099,-6.324,0.000,0.082,-5.197
2.295,-5.460,8.577,17.075,-0.016,0.016,0.068,-0.068,12233.229,-11009.906,3197.672,-2877.905,0.000,-0.099,-6.329,0.000,0.081,-5.201
2.296,-5.466,8.523,17.127,-0.016,0.016,0.068,-0.068,12238.558,-11014.703,3197.672,-2877.905,0.000,-0.099,-6.333,0.000,0.081,-5.205
2.297,-5.471,8.467,17.179,-0.015,0.015,0.068,-0.068,12243.888,-11019.499,3197.672,-2877.905,0.000,-0.098,-6.338,0.000,0.081,-5.210
2.298,-5.475,8.412,17.231,-0.015,0.015,0.068,-0.068,12249.217,-11024.296,3197.672,-2877.905,0.000,-0.098,-6.343,0.000,0.080,-5.214
2.299,-5.478,8.356,17.282,-0.015,0.015,0.068,-0.068,12254.547,-11029.092,3197.672,-2877.905,0.000,-0.097,-6.348,0.000,0.080,-5.219
2.300,-5.480,8.300,17.333,-0.015,0.015,0.068,-0.068,12259.876,-11033.889,3197.672,-2877.905,0.000,-0.097,-6.353,0.000,0.080,-5.223
2.301,-5.482,8.244,17.384,-0.015,0.015,0.068,-0.068,12265.206,-11038.685,3197.672,-2877.905,0.000,-0.097,-6.358,0.000,0.080,-5.228
2.302,-5.482,8.188,17.434,-0.015,0.015,0.068,-0.068,12270.535,-11043.482,3197.672,-2877.905,0.000,-0.096,-6.363,0.000,0.079,-5.232
2.303,-5.482,8.131,17.485,-0.015,0.015,0.068,-0.068,12275.865,-11048.278,3197.672,-2877.905,0.000,-0.096,-6.368,0.000,0.079,-5.236
2.304,-5.481,8.074,17.535,-0.015,0.015,0.068,-0.068,12281.194,-11053.075,3197.672,-2877.905,0.000,-0.096,-6.373,0.000,0.079,-5.241
2.305,-5.479,8.017,17.584,-0.015,0.015,0.068,-0.068,12286.524,-11057.871,3197.672,-2877.905,0.000,-0.095,-6.378,0.000,0.078,-5.245
2.306,-5.476,7.960,17.633,-0.015,0.015,0.068,-0.068,12291.853,-11062.668,3197.672,-2877.905,0.000,-0.095,-6.383,0.000,0.078,-5.250
2.307,-5.472,7.903,17.682,-0.015,0.015,0.068,-0.068,12297.182,-11067.464,3197.672,-2877.905,0.000,-0.095,-6.388,0.000,0.078,-5.254
2.308,-5.468,7.846,17.731,-0.015,0.015,0.068,-0.068,12302.512,-11072.261,3197.672,-2877.905,0.000,-0.094,-6.392,0.000,0.077,-5.259
2.309,-5.462,7.789,17.779,-0.015,0.015,0.068,-0.068,12307.841,-11077.057,3197.672,-2877.905,0.000,-0.094,-6.397,0.000,0.077,-5.263
2.310,-5.456,7.731,17.827,-0.015,0.015,0.068,-0.068,12313.171,-11081.854,3197.672,-2877.905,0.000,-0.093,-6.402,0.000,0.077,-5.267
2.311,-5.449,7.674,17.875,-0.015,0.015,0.068,-0.068,12318.500,-11086.650,3197.672,-2877.905,0.000,-0.093,-6.407,0.000,0.077,-5.272
2.312,-5.441,7.616,17.922,-0.014,0.014,0.068,-0.068,12323.830,-11091.447,3197.672,-2877.905,0.000,-0.093,-6.412,0.000,0.076,-5.276
2.313,-5.433,7.559,17.969,-0.014,0.014,0.068,-0.068,12329.159,-11096.243,3197.672,-2877.905,0.000,-0.092,-6.417,0.000,0.076,-5.281
2.314,-5.423,7.501,18.016,-0.014,0.014,0.068,-0.068,12334.489,-11101.040,3197.672,-2877.905,0.000,-0.092,-6.422,0.000,0.076,-5.285
2.315,-5.413,7.443,18.062,-0.014,0.014,0.068,-0.068,12339.818,-11105.836,3197.672,-2877.905,0.000,-0.092,-6.427,0.000,0.075,-5.290
2.316,-5.402,7.386,18.108,-0.014,0.014,0.068,-0.068,12345.147,-11110.633,3197.672,-2877.905,0.000,-0.091,-6.432,0.000,0.075,-5.294
2.317,-5.390,7.328,18.153,-0.014,0.014,0.068,-0.068,12350.477,-11115.429,3197.672,-2877.905,0.000,-0.091,-6.437,0.000,0.075,-5.298
2.318,-5.378,7.271,18.198,-0.014,0.014,0.068,-0.068,12355.806,-11120.226,3197.672,-2877.905,0.000,-0.090,-6.442,0.000,0.074,-5.303
2.319,-5.364,7.213,18.243,-0.014,0.014,0.068,-0.068,12361.136,-11125.022,3197.672,-2877.905,0.000,-0.090,-6.447,0.000,0.074,-5.307
2.320,-5.350,7.156,18.287,-0.014,0.014,0.068,-0.068,12366.465,-11129.819,3197.672,-2877.905,0.000,-0.090,-6.452,0.000,0.074,-5.312
2.321,-5.336,7.099,18.331,-0.014,0.014,0.068,-0.068,12371.795,-11134.615,3197.672,-2877.905,0.000,-0.089,-6.456,0.000,0.073,-5.316
2.322,-5.320,7.042,18.374,-0.014,0.014,0.068,-0.068,12377.124,-11139.412,3197.672,-2877.905,0.000,-0.089,-6.461,0.000,0.073,-5.321
2.323,-5.304,6.985,18.417,-0.014,0.014,0.068,-0.068,12382.454,-11144.208,3197.672,-2877.905,0.000,-0.088,-6.466,0.000,0.073,-5.325
2.324,-5.287,6.928,18.460,-0.014,0.014,0.068,-0.068,12387.783,-11149.005,3197.672,-2877.905,0.000,-0.088,-6.471,0.000,0.073,-5.329
2.325,-5.270,6.871,18.502,-0.014,0.014,0.068,-0.068,12393.113,-11153.801,3197.672,-2877.905,0.000,-0.088,-6.476,0.000,0.072,-5.334
2.326,-5.252,6.815,18.544,-0.013,0.013,0.068,-0.068,12398.442,-11158.598,3197.672,-2877.905,0.000,-0.087,-6.481,0.000,0.072,-5.338
2.327,-5.233,6.758,18.585,-0.013,0.013,0.068,-0.068,12403.771,-11163.394,3197.672,-2877.905,0.000,-0.087,-6.486,0.000,0.072,-5.343
2.328,-5.213,6.702,18.626,-0.013,0.013,0.068,-0.068,12409.101,-11168.191,3197.672,-2877.905,0.000,-0.087,-6.491,0.000,0.071,-5.347
2.329,-5.193,6.646,18.667,-0.013,0.013,0.068,-0.068,12414.430,-11172.987,3197.672,-2877.905,0.000,-0.086,-6.496,0.000,0.071,-5.351
2.330,-5.173,6.591,18.707,-0.013,0.013,0.068,-0.068,12419.760,-11177.784,3197.672,-2877.905,0.000,-0.086,-6.501,0.000,0.071,-5.356
2.331,-5.151,6.535,18.747,-0.013,0.013,0.068,-0.068,12425.089,-11182.580,3197.672,-2877.905,0.000,-0.085,-6.506,0.000,0.070,-5.360
2.332,-5.129,6.480,18.786,-0.013,0.013,0.068,-0.068,12430.419,-11187.377,3197.672,-2877.905,0.000,-0.085,-6.511,0.000,0.070,-5.365
2.333,-5.107,6.425,18.825,-0.013,0.013,0.068,-0.068,12435.748,-11192.173,3197.672,-2877.905,0.000,-0.085,-6.515,0.000,0.070,-5.369
2.334,-5.084,6.370,18.863,-0.013,0.013,0.068,-0.068,12441.078,-11196.970,3197.672,-2877.905,0.000,-0.084,-6.520,0.000,0.069,-5.374
2.335,-5.060,6.316,18.901,-0.013,0.013,0.068,-0.068,12446.407,-11201.766,3197.672,-2877.905,0.000,-0.084,-6.525,0.000,0.069,-5.378
2.336,-5.036,6.262,18.939,-0.013,0.013,0.068,-0.068,12451.737,-11206.563,3197.672,-2877.905,0.000,-0.083,-6.530,0.000,0.069,-5.382
2.337,-5.012,6.208,18.976,-0.013,0.013,0.068,-0.068,12457.066,-11211.359,3197.672,-2877.905,0.000,-0.083,-6.535,0.000,0.068,-5.387
2.338,-4.986,6.155,19.013,-0.013,0.013,0.068,-0.068,12462.395,-11216.156,3197.672,-2877.905,0.000,-0.083,-6.540,0.000,0.068,-5.391
2.339,-4.961,6.102,19.049,-0.013,0.013,0.068,-0.068,12467.725,-11220.952,3197.672,-2877.905,0.000,-0.082,-6.545,0.000,0.068,-5.396
2.340,-4.935,6.049,19.085,-0.012,0.012,0.068,-0.068,12473.054,-11225.749,3197.672,-2877.905,0.000,-0.082,-6.550,0.000,0.067,-5.400
2.341,-4.908,5.996,19.120,-0.012,0.012,0.068,-0.068,12478.384,-11230.545,3197.672,-2877.905,0.000,-0.081,-6.555,0.000,0.067,-5.405
2.342,-4.881,5.944,19.155,-0.012,0.012,0.068,-0.068,12483.713,-11235.342,3197.672,-2877.905,0.000,-0.081,-6.560,0.000,0.067,-5.409
2.343,-4.853,5.893,19.190,-0.012,0.012,0.068,-0.068,12489.043,-11240.138,3197.672,-2877.905,0.000,-0.081,-6.565,0.000,0.067,-5.413
2.344,-4.825,5.842,19.224,-0.012,0.012,0.068,-0.068,12494.372,-11244.935,3197.672,-2877.905,0.000,-0.080,-6.570,0.000,0.066,-5.418
2.345,-4.797,5.791,19.258,-0.012,0.012,0.068,-0.068,12499.702,-11249.732,3197.672,-2877.905,0.000,-0.080,-6.574,0.000,0.066,-5.422
2.346,-4.768,5.740,19.291,-0.012,0.012,0.068,-0.068,12505.031,-11254.528,3197.672,-2877.905,0.000,-0.079,-6.579,0.000,0.066,-5.427
2.347,-4.739,5.691,19.324,-0.012,0.012,0.068,-0.068,12510.361,-11259.325,3197.672,-2877.905,0.000,-0.079,-6.584,0.000,0.065,-5.431
2.348,-4.710,5.641,19.357,-0.012,0.012,0.068,-0.068,12515.690,-11264.121,3197.672,-2877.905,0.000,-0.079,-6.589,0.000,0.065,-5.436
2.349,-4.680,5.592,19.389,-0.012,0.012,0.068,-0.068,12521.019,-11268.918,3197.672,-2877.905,0.000,-0.078,-6.594,0.000,0.065,-5.440
2.350,-4.649,5.543,19.421,-0.012,0.012,0.068,-0.068,12526.349,-11273.714,3197.672,-2877.905,0.000,-0.078,-6.599,0.000,0.064,-5.444
2.351,-4.619,5.495,19.452,-0.012,0.012,0.068,-0.068,12531.678,-11278.511,3197.672,-2877.905,0.000,-0.077,-6.604,0.000,0.064,-5.449
2.352,-4.588,5.448,19.483,-0.012,0.012,0.068,-0.068,12537.008,-11283.307,3197.672,-2877.905,0.000,-0.077,-6.609,0.000,0.064,-5.453
2.353,-4.557,5.400,19.513,-0.012,0.012,0.068,-0.068,12542.337,-11288.104,3197.672,-2877.905,0.000,-0.077,-6.614,0.000,0.063,-5.458
2.354,-4.525,5.354,19.543,-0.012,0.012,0.068,-0.068,12547.667,-11292.900,3197.672,-2877.905,0.000,-0.076,-6.619,0.000,0.063,-5.462
2.355,-4.493,5.308,19.573,-0.011,0.011,0.068,-0.068,12552.996,-11297.697,3197.672,-2877.905,0.000,-0.076,-6.624,0.000,0.063,-5.467
2.356,-4.461,5.262,19.603,-0.011,0.011,0.068,-0.068,12558.326,-11302.493,3197.672,-2877.905,0.000,-0.075,-6.629,0.000,0.062,-5.471
2.357,-4.429,5.217,19.632,-0.011,0.011,0.068,-0.068,12563.655,-11307.290,3197.672,-2877.905,0.000,-0.075,-6.633,0.000,0.062,-5.475
2.358,-4.396,5.172,19.660,-0.011,0.011,0.068,-0.068,12568.985,-11312.086,3197.672,-2877.905,0.000,-0.075,-6.638,0.000,0.062,-5.480
2.359,-4.364,5.128,19.688,-0.011,0.011,0.068,-0.068,12574.314,-11316.883,3197.672,-2877.905,0.000,-0.074,-6.643,0.000,0.061,-5.484
2.360,-4.331,5.084,19.716,-0.011,0.011,0.068,-0.068,12579.643,-11321.679,3197.672,-2877.905,0.000,-0.074,-6.648,0.000,0.061,-5.489
2.361,-4.298,5.041,19.744,-0.011,0.011,0.068,-0.068,12584.973,-11326.476,3197.672,-2877.905,0.000,-0.073,-6.653,0.000,0.061,-5.493
2.362,-4.264,4.999,19.771,-0.011,0.011,0.068,-0.068,12590.302,-11331.272,3197.672,-2877.905,0.000,-0.073,-6.658,0.000,0.060,-5.498
2.363,-4.231,4.957,19.798,-0.011,0.011,0.068,-0.068,12595.632,-11336.069,3197.672,-2877.905,0.000,-0.073,-6.663,0.000,0.060,-5.502
2.364,-4.197,4.916,19.824,-0.011,0.011,0.068,-0.068,12600.961,-11340.865,3197.672,-2877.905,0.000,-0.072,-6.668,0.000,0.060,-5.506
2.365,-4.163,4.875,19.850,-0.011,0.011,0.068,-0.068,12606.291,-11345.662,3197.672,-2877.905,0.000,-0.072,-6.673,0.000,0.059,-5.511
2.366,-4.129,4.835,19.876,-0.011,0.011,0.068,-0.068,12611.620,-11350.458,3197.672,-2877.905,0.000,-0.071,-6.678,0.000,0.059,-5.515
2.367,-4.095,4.795,19.901,-0.011,0.011,0.068,-0.068,12616.950,-11355.255,3197.672,-2877.905,0.000,-0.071,-6.683,0.000,0.059,-5.520
2.368,-4.061,4.756,19.927,-0.011,0.011,0.068,-0.068,12622.279,-11360.051,3197.672,-2877.905,0.000,-0.070,-6.688,0.000,0.058,-5.524
2.369,-4.027,4.718,19.951,-0.010,0.010,0.068,-0.068,12627.609,-11364.848,3197.672,-2877.905,0.000,-0.070,-6.692,0.000,0.058,-5.529
2.370,-3.993,4.680,19.976,-0.010,0.010,0.068,-0.068,12632.938,-11369.644,3197.672,-2877.905,0.000,-0.070,-6.697,0.000,0.058,-5.533
2.371,-3.958,4.642,20.000,-0.010,0.010,0.068,-0.068,12638.267,-11374.441,3197.672,-2877.905,0.000,-0.069,-6.702,0.000,0.057,-5.537
2.372,-3.924,4.606,20.024,-0.010,0.010,0.068,-0.068,12643.597,-11379.237,3197.672,-2877.905,0.000,-0.069,-6.707,0.000,0.057,-5.542
2.373,-3.890,4.570,20.047,-0.010,0.010,0.068,-0.068,12648.926,-11384.034,3197.672,-2877.905,0.000,-0.068,-6.712,0.000,0.057,-5.546
2.374,-3.855,4.534,20.070,-0.010,0.010,0.068,-0.068,12654.256,-11388.830,3197.672,-2877.905,0.000,-0.068,-6.717,0.000,0.056,-5.551
2.375,-3.821,4.499,20.093,-0.010,0.010,0.068,-0.068,12659.585,-11393.627,3197.672,-2877.905,0.000,-0.068,-6.722,0.000,0.056,-5.555
2.376,-3.787,4.465,20.116,-0.010,0.010,0.068,-0.068,12664.915,-11398.423,3197.672,-2877.905,0.000,-0.067,-6.727,0.000,0.055,-5.560
2.377,-3.752,4.431,20.138,-0.010,0.010,0.068,-0.068,12670.244,-11403.220,3197.672,-2877.905,0.000,-0.067,-6.732,0.000,0.055,-5.564
2.378,-3.718,4.398,20.160,-0.010,0.010,0.068,-0.068,12675.574,-11408.016,3197.672,-2877.905,0.000,-0.066,-6.737,0.000,0.055,-5.568
2.379,-3.684,4.365,20.182,-0.010,0.010,0.068,-0.068,12680.903,-11412.813,3197.672,-2877.905,0.000,-0.066,-6.742,0.000,0.054,-5.573
2.380,-3.649,4.333,20.203,-0.010,0.010,0.068,-0.068,12686.233,-11417.609,3197.672,-2877.905,0.000,-0.065,-6.747,0.000,0.054,-5.577
2.381,-3.615,4.302,20.224,-0.010,0.010,0.068,-0.068,12691.562,-11422.406,3197.672,-2877.905,0.000,-0.065,-6.751,0.000,0.054,-5.582
2.382,-3.581,4.272,20.245,-0.010,0.010,0.068,-0.068,12696.891,-11427.202,3197.672,-2877.905,0.000,-0.065,-6.756,0.000,0.053,-5.586
2.383,-3.547,4.241,20.266,-0.009,0.009,0.068,-0.068,12702.221,-11431.999,3197.672,-2877.905,0.000,-0.064,-6.761,0.000,0.053,-5.590
2.384,-3.514,4.212,20.286,-0.009,0.009,0.068,-0.068,12707.550,-11436.795,3197.672,-2877.905,0.000,-0.064,-6.766,0.000,0.053,-5.595
2.385,-3.480,4.183,20.307,-0.009,0.009,0.068,-0.068,12712.880,-11441.592,3197.672,-2877.905,0.000,-0.063,-6.771,0.000,0.052,-5.599
2.386,-3.447,4.155,20.326,-0.009,0.009,0.068,-0.068,12718.209,-11446.388,3197.672,-2877.905,0.000,-0.063,-6.776,0.000,0.052,-5.604
2.387,-3.413,4.127,20.346,-0.009,0.009,0.068,-0.068,12723.539,-11451.185,3197.672,-2877.905,0.000,-0.062,-6.781,0.000,0.052,-5.608
2.388,-3.380,4.100,20.366,-0.009,0.009,0.068,-0.068,12728.868,-11455.981,3197.672,-2877.905,0.000,-0.062,-6.786,0.000,0.051,-5.613
2.389,-3.347,4.074,20.385,-0.009,0.009,0.068,-0.068,12734.198,-11460.778,3197.672,-2877.905,0.000,-0.062,-6.791,0.000,0.051,-5.617
2.390,-3.314,4.048,20.404,-0.009,0.009,0.068,-0.068,12739.527,-11465.574,3197.672,-2877.905,0.000,-0.061,-6.796,0.000,0.051,-5.621
2.391,-3.282,4.022,20.422,-0.009,0.009,0.068,-0.068,12744.857,-11470.371,3197.672,-2877.905,0.000,-0.061,-6.801,0.000,0.050,-5.626
2.392,-3.249,3.998,20.441,-0.009,0.009,0.068,-0.068,12750.186,-11475.167,3197.672,-2877.905,0.000,-0.060,-6.806,0.000,0.050,-5.630
2.393,-3.217,3.974,20.459,-0.009,0.009,0.068,-0.068,12755.515,-11479.964,3197.672,-2877.905,0.000,-0.060,-6.810,0.000,0.050,-5.635
2.394,-3.185,3.950,20.477,-0.009,0.009,0.068,-0.068,12760.845,-11484.760,3197.672,-2877.905,0.000,-0.059,-6.815,0.000,0.049,-5.639
2.395,-3.154,3.927,20.495,-0.009,0.009,0.068,-0.068,12766.174,-11489.557,3197.672,-2877.905,0.000,-0.059,-6.820,0.000,0.049,-5.644
2.396,-3.122,3.905,20.513,-0.009,0.009,0.068,-0.068,12771.504,-11494.353,3197.672,-2877.905,0.000,-0.059,-6.825,0.000,0.048,-5.648
2.397,-3.091,3.883,20.530,-0.009,0.009,0.068,-0.068,12776.833,-11499.150,3197.672,-2877.905,0.000,-0.058,-6.830,0.000,0.048,-5.652
2.398,-3.061,3.862,20.548,-0.008,0.008,0.068,-0.068,12782.163,-11503.946,3197.672,-2877.905,0.000,-0.058,-6.835,0.000,0.048,-5.657
2.399,-3.030,3.841,20.565,-0.008,0.008,0.068,-0.068,12787.492,-11508.743,3197.672,-2877.905,0.000,-0.057,-6.840,0.000,0.047,-5.661
2.400,-3.000,3.821,20.582,-0.008,0.008,0.068,-0.068,12792.822,-11513.539,3197.672,-2877.905,0.000,-0.057,-6.845,0.000,0.047,-5.666
2.401,-2.970,3.802,20.599,-0.008,0.008,0.068,-0.068,12798.151,-11518.336,3197.672,-2877.905,0.000,-0.056,-6.850,0.000,0.047,-5.670
2.402,-2.941,3.783,20.615,-0.008,0.008,0.068,-0.068,12803.481,-11523.132,3197.672,-2877.905,0.000,-0.056,-6.855,0.000,0.046,-5.675
2.403,-2.912,3.764,20.632,-0.008,0.008,0.068,-0.068,12808.810,-11527.929,3197.672,-2877.905,0.000,-0.056,-6.860,0.000,0.046,-5.679
2.404,-2.883,3.746,20.648,-0.008,0.008,0.068,-0.068,12814.139,-11532.726,3197.672,-2877.905,0.000,-0.055,-6.865,0.000,0.046,-5.683
2.405,-2.855,3.729,20.664,-0.008,0.008,0.068,-0.068,12819.469,-11537.522,3197.672,-2877.905,0.000,-0.055,-6.869,0.000,0.045,-5.688
2.406,-2.827,3.712,20.680,-0.008,0.008,0.068,-0.068,12824.798,-11542.319,3197.672,-2877.905,0.000,-0.054,-6.874,0.000,0.045,-5.692
2.407,-2.799,3.696,20.696,-0.008,0.008,0.068,-0.068,12830.128,-11547.115,3197.672,-2877.905,0.000,-0.054,-6.879,0.000,0.045,-5.697
2.408,-2.772,3.680,20.712,-0.008,0.008,0.068,-0.068,12835.457,-11551.912,3197.672,-2877.905,0.000,-0.053,-6.884,0.000,0.044,-5.701
2.409,-2.745,3.665,20.727,-0.008,0.008,0.068,-0.068,12840.787,-11556.708,3197.672,-2877.905,0.000,-0.053,-6.889,0.000,0.044,-5.706
2.410,-2.719,3.650,20.743,-0.008,0.008,0.068,-0.068,12846.116,-11561.505,3197.672,-2877.905,0.000,-0.052,-6.894,0.000,0.043,-5.710
2.411,-2.693,3.636,20.758,-0.008,0.008,0.068,-0.068,12851.446,-11566.301,3197.672,-2877.905,0.000,-0.052,-6.899,0.000,0.043,-5.714
2.412,-2.667,3.622,20.773,-0.007,0.007,0.068,-0.068,12856.775,-11571.098,3197.672,-2877.905,0.000,-0.052,-6.904,0.000,0.043,-5.719
2.413,-2.642,3.609,20.788,-0.007,0.007,0.068,-0.068,12862.105,-11575.894,3197.672,-2877.905,0.000,-0.051,-6.909,0.000,0.042,-5.723
2.414,-2.618,3.596,20.803,-0.007,0.007,0.068,-0.068,12867.434,-11580.691,3197.672,-2877.905,0.000,-0.051,-6.914,0.000,0.042,-5.728
2.415,-2.594,3.583,20.818,-0.007,0.007,0.068,-0.068,12872.763,-11585.487,3197.672,-2877.905,0.000,-0.050,-6.919,0.000,0.042,-5.732
2.416,-2.570,3.571,20.833,-0.007,0.007,0.068,-0.068,12878.093,-11590.284,3197.672,-2877.905,0.000,-0.050,-6.924,0.000,0.041,-5.736
2.417,-2.547,3.560,20.847,-0.007,0.007,0.068,-0.068,12883.422,-11595.080,3197.672,-2877.905,0.000,-0.049,-6.928,0.000,0.041,-5.741
2.418,-2.525,3.549,20.862,-0.007,0.007,0.068,-0.068,12888.752,-11599.877,3197.672,-2877.905,0.000,-0.049,-6.933,0.000,0.041,-5.745
2.419,-2.502,3.538,20.876,-0.007,0.007,0.068,-0.068,12894.081,-11604.673,3197.672,-2877.905,0.000,-0.048,-6.938,0.000,0.040,-5.750
2.420,-2.481,3.528,20.890,-0.007,0.007,0.068,-0.068,12899.411,-11609.470,3197.672,-2877.905,0.000,-0.048,-6.943,0.000,0.040,-5.754
2.421,-2.460,3.518,20.904,-0.007,0.007,0.068,-0.068,12904.740,-11614.266,3197.672,-2877.905,0.000,-0.048,-6.948,0.000,0.039,-5.759
2.422,-2.439,3.509,20.919,-0.007,0.007,0.068,-0.068,12910.070,-11619.063,3197.672,-2877.905,0.000,-0.047,-6.953,0.000,0.039,-5.763
2.423,-2.419,3.500,20.933,-0.007,0.007,0.068,-0.068,12915.399,-11623.859,3197.672,-2877.905,0.000,-0.047,-6.958,0.000,0.039,-5.767
2.424,-2.400,3.491,20.947,-0.007,0.007,0.068,-0.068,12920.729,-11628.656,3197.672,-2877.905,0.000,-0.046,-6.963,0.000,0.038,-5.772
2.425,-2.381,3.483,20.960,-0.007,0.007,0.068,-0.068,12926.058,-11633.452,3197.672,-2877.905,0.000,-0.046,-6.968,0.000,0.038,-5.776
2.426,-2.363,3.475,20.974,-0.006,0.006,0.068,-0.068,12931.387,-11638.249,3197.672,-2877.905,0.000,-0.045,-6.973,0.000,0.038,-5.781
2.427,-2.345,3.467,20.988,-0.006,0.006,0.068,-0.068,12936.717,-11643.045,3197.672,-2877.905,0.000,-0.045,-6.977,0.000,0.037,-5.785
2.428,-2.328,3.460,21.002,-0.006,0.006,0.068,-0.068,12942.046,-11647.842,3197.672,-2877.905,0.000,-0.044,-6.982,0.000,0.037,-5.790
2.429,-2.311,3.453,21.015,-0.006,0.006,0.068,-0.068,12947.376,-11652.638,3197.672,-2877.905,0.000,-0.044,-6.987,0.000,0.036,-5.794
2.430,-2.295,3.446,21.029,-0.006,0.006,0.068,-0.068,12952.705,-11657.435,3197.672,-2877.905,0.000,-0.043,-6.992,0.000,0.036,-5.798
2.431,-2.280,3.440,21.042,-0.006,0.006,0.068,-0.068,12958.035,-11662.231,3197.672,-2877.905,0.000,-0.043,-6.997,0.000,0.036,-5.803
2.432,-2.265,3.434,21.056,-0.006,0.006,0.068,-0.068,12963.364,-11667.028,3197.672,-2877.905,0.000,-0.043,-7.001,0.000,0.035,-5.807
2.433,-2.251,3.428,21.069,-0.006,0.006,0.068,-0.068,12968.694,-11671.824,3197.672,-2877.905,0.000,-0.042,-7.006,0.000,0.035,-5.812
2.434,-2.238,3.422,21.083,-0.006,0.006,0.068,-0.068,12974.023,-11676.621,3197.672,-2877.905,0.000,-0.042,-7.011,0.000,0.035,-5.816
2.435,-2.225,3.417,21.096,-0.006,0.006,0.068,-0.068,12979.353,-11681.417,3197.672,-2877.905,0.000,-0.041,-7.016,0.000,0.034,-5.821
2.436,-2.213,3.412,21.109,-0.006,0.006,0.068,-0.068,12984.682,-11686.214,3197.672,-2877.905,0.000,-0.041,-7.021,0.000,0.034,-5.825
2.437,-2.201,3.407,21.122,-0.006,0.006,0.068,-0.068,12990.011,-11691.010,3197.672,-2877.905,0.000,-0.040,-7.026,0.000,0.033,-5.829
2.438,-2.190,3.402,21.136,-0.006,0.006,0.068,-0.068,12995.341,-11695.807,3197.672,-2877.905,0.000,-0.040,-7.030,0.000,0.033,-5.834
2.439,-2.180,3.398,21.149,-0.006,0.006,0.068,-0.068,13000.670,-11700.603,3197.672,-2877.905,0.000,-0.039,-7.035,0.000,0.033,-5.838
2.440,-2.170,3.394,21.162,-0.006,0.006,0.068,-0.068,13006.000,-11705.400,3197.672,-2877.905,0.000,-0.039,-7.040,0.000,0.032,-5.843
2.441,-2.161,3.390,21.175,-0.005,0.005,0.068,-0.068,13011.329,-11710.196,3197.672,-2877.905,0.000,-0.038,-7.045,0.000,0.032,-5.847
2.442,-2.152,3.386,21.188,-0.005,0.005,0.068,-0.068,13016.659,-11714.993,3197.672,-2877.905,0.000,-0.038,-7.050,0.000,0.031,-5.852
2.443,-2.145,3.382,21.201,-0.005,0.005,0.068,-0.068,13021.988,-11719.789,3197.672,-2877.905,0.000,-0.037,-7.055,0.000,0.031,-5.856
2.444,-2.138,3.378,21.214,-0.005,0.005,0.068,-0.068,13027.318,-11724.586,3197.672,-2877.905,0.000,-0.037,-7.059,0.000,0.031,-5.860
2.445,-2.131,3.375,21.228,-0.005,0.005,0.068,-0.068,13032.647,-11729.382,3197.672,-2877.905,0.000,-0.036,-7.064,0.000,0.030,-5.865
2.446,-2.126,3.371,21.241,-0.005,0.005,0.068,-0.068,13037.977,-11734.179,3197.672,-2877.905,0.000,-0.036,-7.069,0.000,0.030,-5.869
2.447,-2.121,3.368,21.254,-0.005,0.005,0.068,-0.068,13043.306,-11738.975,3197.672,-2877.905,0.000,-0.036,-7.074,0.000,0.030,-5.874
2.448,-2.116,3.365,21.267,-0.005,0.005,0.068,-0.068,13048.635,-11743.772,3197.672,-2877.905,0.000,-0.035,-7.079,0.000,0.029,-5.878
2.449,-2.113,3.362,21.280,-0.005,0.005,0.068,-0.068,13053.965,-11748.568,3197.672,-2877.905,0.000,-0.035,-7.083,0.000,0.029,-5.882
2.450,-2.110,3.359,21.293,-0.005,0.005,0.068,-0.068,13059.294,-11753.365,3197.672,-2877.905,0.000,-0.034,-7.088,0.000,0.028,-5.887
2.451,-2.107,3.356,21.306,-0.005,0.005,0.068,-0.068,13064.624,-11758.161,3197.672,-2877.905,0.000,-0.034,-7.093,0.000,0.028,-5.891
2.452,-2.106,3.353,21.319,-0.005,0.005,0.068,-0.068,13069.953,-11762.958,3197.672,-2877.905,0.000,-0.033,-7.098,0.000,0.028,-5.896
2.453,-2.105,3.350,21.332,-0.005,0.005,0.068,-0.068,13075.283,-11767.754,3197.672,-2877.905,0.000,-0.033,-7.103,0.000,0.027,-5.900
2.454,-2.105,3.347,21.345,-0.005,0.005,0.068,-0.068,13080.612,-11772.551,3197.672,-2877.905,0.000,-0.032,-7.108,0.000,0.027,-5.905
2.455,-2.105,3.344,21.358,-0.004,0.004,0.068,-0.068,13085.942,-11777.347,3197.672,-2877.905,0.000,-0.032,-7.112,0.000,0.026,-5.909
2.456,-2.106,3.341,21.372,-0.004,0.004,0.068,-0.068,13091.271,-11782.144,3197.672,-2877.905,0.000,-0.031,-7.117,0.000,0.026,-5.913
2.457,-2.108,3.337,21.385,-0.004,0.004,0.068,-0.068,13096.601,-11786.940,3197.672,-2877.905,0.000,-0.031,-7.122,0.000,0.026,-5.918
2.458,-2.111,3.334,21.398,-0.004,0.004,0.068,-0.068,13101.930,-11791.737,3197.672,-2877.905,0.000,-0.030,-7.127,0.000,0.025,-5.922
2.459,-2.114,3.331,21.411,-0.004,0.004,0.068,-0.068,13107.259,-11796.533,3197.672,-2877.905,0.000,-0.030,-7.132,0.000,0.025,-5.927
2.460,-2.118,3.328,21.425,-0.004,0.004,0.068,-0.068,13112.589,-11801.330,3197.672,-2877.905,0.000,-0.029,-7.137,0.000,0.024,-5.931
2.461,-2.123,3.324,21.438,-0.004,0.004,0.068,-0.068,13117.918,-11806.127,3197.672,-2877.905,0.000,-0.029,-7.141,0.000,0.024,-5.936
2.462,-2.128,3.321,21.451,-0.004,0.004,0.068,-0.068,13123.248,-11810.923,3197.672,-2877.905,0.000,-0.028,-7.146,0.000,0.024,-5.940
2.463,-2.134,3.317,21.465,-0.004,0.004,0.068,-0.068,13128.577,-11815.720,3197.672,-2877.905,0.000,-0.028,-7.151,0.000,0.023,-5.944
2.464,-2.141,3.313,21.478,-0.004,0.004,0.068,-0.068,13133.907,-11820.516,3197.672,-2877.905,0.000,-0.027,-7.156,0.000,0.023,-5.949
2.465,-2.148,3.309,21.491,-0.004,0.004,0.068,-0.068,13139.236,-11825.313,3197.672,-2877.905,0.000,-0.027,-7.161,0.000,0.022,-5.953
2.466,-2.157,3.305,21.505,-0.004,0.004,0.068,-0.068,13144.566,-11830.109,3197.672,-2877.905,0.000,-0.027,-7.165,0.000,0.022,-5.958
2.467,-2.165,3.301,21.518,-0.004,0.004,0.068,-0.068,13149.895,-11834.906,3197.672,-2877.905,0.000,-0.026,-7.170,0.000,0.022,-5.962
2.468,-2.175,3.297,21.532,-0.004,0.004,0.068,-0.068,13155.225,-11839.702,3197.672,-2877.905,0.000,-0.026,-7.175,0.000,0.021,-5.967
2.469,-2.185,3.292,21.546,-0.003,0.003,0.068,-0.068,13160.554,-11844.499,3197.672,-2877.905,0.000,-0.025,-7.180,0.000,0.021,-5.971
2.470,-2.196,3.287,21.559,-0.003,0.003,0.068,-0.068,13165.883,-11849.295,3197.672,-2877.905,0.000,-0.025,-7.185,0.000,0.020,-5.975
2.471,-2.208,3.282,21.573,-0.003,0.003,0.068,-0.068,13171.213,-11854.092,3197.672,-2877.905,0.000,-0.024,-7.190,0.000,0.020,-5.980
2.472,-2.220,3.276,21.587,-0.003,0.003,0.068,-0.068,13176.542,-11858.888,3197.672,-2877.905,0.000,-0.024,-7.194,0.000,0.020,-5.984
2.473,-2.233,3.271,21.601,-0.003,0.003,0.068,-0.068,13181.872,-11863.685,3197.672,-2877.905,0.000,-0.023,-7.199,0.000,0.019,-5.989
2.474,-2.247,3.265,21.615,-0.003,0.003,0.068,-0.068,13187.201,-11868.481,3197.672,-2877.905,0.000,-0.023,-7.204,0.000,0.019,-5.993
2.475,-2.261,3.258,21.628,-0.003,0.003,0.068,-0.068,13192.531,-11873.278,3197.672,-2877.905,0.000,-0.022,-7.209,0.000,0.018,-5.997
2.476,-2.276,3.252,21.642,-0.003,0.003,0.068,-0.068,13197.860,-11878.074,3197.672,-2877.905,0.000,-0.022,-7.214,0.000,0.018,-6.002
2.477,-2.292,3.245,21.657,-0.003,0.003,0.068,-0.068,13203.190,-11882.871,3197.672,-2877.905,0.000,-0.021,-7.218,0.000,0.018,-6.006
2.478,-2.309,3.238,21.671,-0.003,0.003,0.068,-0.068,13208.519,-11887.667,3197.672,-2877.905,0.000,-0.021,-7.223,0.000,0.017,-6.011
2.479,-2.326,3.230,21.685,-0.003,0.003,0.068,-0.068,13213.849,-11892.464,3197.672,-2877.905,0.000,-0.020,-7.228,0.000,0.017,-6.015
2.480,-2.344,3.222,21.699,-0.003,0.003,0.068,-0.068,13219.178,-11897.260,3197.672,-2877.905,0.000,-0.020,-7.233,0.000,0.016,-6.020
2.481,-2.362,3.214,21.713,-0.003,0.003,0.068,-0.068,13224.507,-11902.057,3197.672,-2877.905,0.000,-0.019,-7.238,0.000,0.016,-6.024
2.482,-2.381,3.205,21.728,-0.003,0.003,0.068,-0.068,13229.837,-11906.853,3197.672,-2877.905,0.000,-0.019,-7.243,0.000,0.016,-6.028
2.483,-2.401,3.196,21.742,-0.003,0.003,0.068,-0.068,13235.166,-11911.650,3197.672,-2877.905,0.000,-0.018,-7.247,0.000,0.015,-6.033
2.484,-2.421,3.186,21.757,-0.002,0.002,0.068,-0.068,13240.496,-11916.446,3197.672,-2877.905,0.000,-0.018,-7.252,0.000,0.015,-6.037
2.485,-2.442,3.176,21.771,-0.002,0.002,0.068,-0.068,13245.825,-11921.243,3197.672,-2877.905,0.000,-0.017,-7.257,0.000,0.014,-6.042
2.486,-2.464,3.166,21.786,-0.002,0.002,0.068,-0.068,13251.155,-11926.039,3197.672,-2877.905,0.000,-0.017,-7.262,0.000,0.014,-6.046
2.487,-2.486,3.155,21.801,-0.002,0.002,0.068,-0.068,13256.484,-11930.836,3197.672,-2877.905,0.000,-0.016,-7.267,0.000,0.014,-6.051
2.488,-2.509,3.143,21.815,-0.002,0.002,0.068,-0.068,13261.814,-11935.632,3197.672,-2877.905,0.000,-0.016,-7.272,0.000,0.013,-6.055
2.489,-2.533,3.131,21.830,-0.002,0.002,0.068,-0.068,13267.143,-11940.429,3197.672,-2877.905,0.000,-0.015,-7.276,0.000,0.013,-6.059
2.490,-2.557,3.119,21.845,-0.002,0.002,0.068,-0.068,13272.473,-11945.225,3197.672,-2877.905,0.000,-0.015,-7.281,0.000,0.012,-6.064
2.491,-2.582,3.106,21.860,-0.002,0.002,0.068,-0.068,13277.802,-11950.022,3197.672,-2877.905,0.000,-0.014,-7.286,0.000,0.012,-6.068
2.492,-2.607,3.092,21.875,-0.002,0.002,0.068,-0.068,13283.131,-11954.818,3197.672,-2877.905,0.000,-0.014,-7.291,0.000,0.011,-6.073
2.493,-2.633,3.078,21.890,-0.002,0.002,0.068,-0.068,13288.461,-11959.615,3197.672,-2877.905,0.000,-0.013,-7.296,0.000,0.011,-6.077
2.494,-2.659,3.064,21.906,-0.002,0.002,0.068,-0.068,13293.790,-11964.411,3197.672,-2877.905,0.000,-0.013,-7.300,0.000,0.011,-6.081
2.495,-2.687,3.048,21.921,-0.002,0.002,0.068,-0.068,13299.120,-11969.208,3197.672,-2877.905,0.000,-0.012,-7.305,0.000,0.010,-6.086
2.496,-2.714,3.033,21.936,-0.002,0.002,0.068,-0.068,13304.449,-11974.004,3197.672,-2877.905,0.000,-0.012,-7.310,0.000,0.010,-6.090
2.497,-2.742,3.016,21.951,-0.002,0.002,0.068,-0.068,13309.779,-11978.801,3197.672,-2877.905,0.000,-0.011,-7.315,0.000,0.009,-6.095
2.498,-2.771,2.999,21.967,-0.001,0.001,0.068,-0.068,13315.108,-11983.597,3197.672,-2877.905,0.000,-0.011,-7.320,0.000,0.009,-6.099
2.499,-2.801,2.982,21.982,-0.001,0.001,0.068,-0.068,13320.438,-11988.394,3197.672,-2877.905,0.000,-0.010,-7.325,0.000,0.009,-6.104
2.500,-2.831,2.964,21.998,-0.001,0.001,0.068,-0.068,13325.767,-11993.190,3197.672,-2877.905,0.000,-0.010,-7.329,0.000,0.008,-6.108
2.501,-2.861,2.945,22.013,-0.001,0.001,0.068,-0.068,13331.097,-11997.987,3197.672,-2877.905,0.000,-0.009,-7.334,0.000,0.008,-6.112
2.502,-2.892,2.925,22.029,-0.001,0.001,0.068,-0.068,13336.426,-12002.783,3197.672,-2877.905,0.000,-0.009,-7.339,0.000,0.007,-6.117
2.503,-2.924,2.905,22.045,-0.001,0.001,0.068,-0.068,13341.755,-12007.580,3197.672,-2877.905,0.000,-0.008,-7.344,0.000,0.007,-6.121
2.504,-2.956,2.884,22.061,-0.001,0.001,0.068,-0.068,13347.085,-12012.376,3197.672,-2877.905,0.000,-0.008,-7.349,0.000,0.006,-6.126
2.505,-2.988,2.863,22.076,-0.001,0.001,0.068,-0.068,13352.414,-12017.173,3197.672,-2877.905,0.000,-0.007,-7.353,0.000,0.006,-6.130
2.506,-3.021,2.840,22.092,-0.001,0.001,0.068,-0.068,13357.744,-12021.969,3197.672,-2877.905,0.000,-0.007,-7.358,0.000,0.006,-6.135
2.507,-3.055,2.817,22.108,-0.001,0.001,0.068,-0.068,13363.073,-12026.766,3197.672,-2877.905,0.000,-0.006,-7.363,0.000,0.005,-6.139
2.508,-3.089,2.794,22.124,-0.001,0.001,0.068,-0.068,13368.403,-12031.562,3197.672,-2877.905,0.000,-0.006,-7.368,0.000,0.005,-6.143
2.509,-3.123,2.769,22.140,-0.001,0.001,0.068,-0.068,13373.732,-12036.359,3197.672,-2877.905,0.000,-0.005,-7.373,0.000,0.004,-6.148
2.510,-3.158,2.744,22.156,-0.001,0.001,0.068,-0.068,13379.062,-12041.155,3197.672,-2877.905,0.000,-0.005,-7.378,0.000,0.004,-6.152
2.511,-3.193,2.718,22.172,-0.001,0.001,0.068,-0.068,13384.391,-12045.952,3197.672,-2877.905,0.000,-0.004,-7.382,0.000,0.003,-6.157
2.512,-3.229,2.691,22.188,-0.000,0.000,0.068,-0.068,13389.721,-12050.748,3197.672,-2877.905,0.000,-0.004,-7.387,0.000,0.003,-6.161
2.513,-3.265,2.664,22.204,-0.000,0.000,0.068,-0.068,13395.050,-12055.545,3197.672,-2877.905,0.000,-0.003,-7.392,0.000,0.003,-6.166
2.514,-3.302,2.635,22.221,-0.000,0.000,0.068,-0.068,13400.379,-12060.341,3197.672,-2877.905,0.000,-0.003,-7.397,0.000,0.002,-6.170
2.515,-3.339,2.606,22.237,-0.000,0.000,0.068,-0.068,13405.709,-12065.138,3197.672,-2877.905,0.000,-0.002,-7.402,0.000,0.002,-6.174
2.516,-3.377,2.576,22.253,-0.000,0.000,0.068,-0.068,13411.038,-12069.934,3197.672,-2877.905,0.000,-0.002,-7.406,0.000,0.001,-6.179
2.517,-3.414,2.546,22.269,-0.000,0.000,0.068,-0.068,13416.368,-12074.731,3197.672,-2877.905,0.000,-0.001,-7.411,0.000,0.001,-6.183
2.518,-3.453,2.514,22.285,-0.000,0.000,0.068,-0.068,13421.697,-12079.528,3197.672,-2877.905,0.000,-0.001,-7.416,0.000,0.000,-6.188
2.519,-3.491,2.482,22.301,-0.000,0.000,0.068,-0.068,13427.027,-12084.324,3197.672,-2877.905,0.000,-0.000,-7.421,0.000,0.000,-6.192
2.520,-3.530,2.449,22.318,0.000,-0.000,0.068,-0.068,13432.356,-12089.121,3197.672,-2877.905,0.000,0.001,-7.426,0.000,-0.000,-6.196
2.521,-3.569,2.414,22.334,0.000,-0.000,0.068,-0.068,13437.686,-12093.917,3197.672,-2877.905,0.000,0.001,-7.431,0.000,-0.001,-6.201
2.522,-3.609,2.380,22.350,0.000,-0.000,0.068,-0.068,13443.015,-12098.714,3197.672,-2877.905,0.000,0.002,-7.435,0.000,-0.001,-6.205
2.523,-3.649,2.344,22.366,0.000,-0.000,0.068,-0.068,13448.344,-12103.510,3197.672,-2877.905,0.000,0.002,-7.440,0.000,-0.002,-6.210
2.524,-3.689,2.307,22.382,0.000,-0.000,0.068,-0.068,13453.674,-12108.307,3197.672,-2877.905,0.000,0.003,-7.445,0.000,-0.002,-6.214
2.525,-3.730,2.270,22.398,0.000,-0.000,0.068,-0.068,13459.003,-12113.103,3197.672,-2877.905,0.000,0.003,-7.450,0.000,-0.003,-6.219
2.526,-3.771,2.231,22.414,0.000,-0.000,0.068,-0.068,13464.333,-12117.900,3197.672,-2877.905,0.000,0.004,-7.455,0.000,-0.003,-6.223
2.527,-3.812,2.192,22.430,0.001,-0.001,0.068,-0.068,13469.662,-12122.696,3197.672,-2877.905,0.000,0.004,-7.459,0.000,-0.003,-6.227
2.528,-3.853,2.152,22.446,0.001,-0.001,0.068,-0.068,13474.992,-12127.493,3197.672,-2877.905,0.000,0.005,-7.464,0.000,-0.004,-6.232
2.529,-3.895,2.110,22.462,0.001,-0.001,0.068,-0.068,13480.321,-12132.289,3197.672,-2877.905,0.000,0.005,-7.469,0.000,-0.004,-6.236
2.530,-3.937,2.068,22.478,0.001,-0.001,0.068,-0.068,13485.651,-12137.086,3197.672,-2877.905,0.000,0.006,-7.474,0.000,-0.005,-6.241
2.531,-3.979,2.025,22.494,0.001,-0.001,0.068,-0.068,13490.980,-12141.882,3197.672,-2877.905,0.000,0.006,-7.479,0.000,-0.005,-6.245
2.532,-4.021,1.981,22.510,0.001,-0.001,0.068,-0.068,13496.310,-12146.679,3197.672,-2877.905,0.000,0.007,-7.484,0.000,-0.006,-6.250
2.533,-4.064,1.937,22.525,0.001,-0.001,0.068,-0.068,13501.639,-12151.475,3197.672,-2877.905,0.000,0.007,-7.488,0.000,-0.006,-6.254
2.534,-4.106,1.891,22.541,0.001,-0.001,0.068,-0.068,13506.968,-12156.272,3197.672,-2877.905,0.000,0.008,-7.493,0.000,-0.007,-6.258
2.535,-4.149,1.844,22.556,0.001,-0.001,0.068,-0.068,13512.298,-12161.068,3197.672,-2877.905,0.000,0.008,-7.498,0.000,-0.007,-6.263
2.536,-4.192,1.796,22.571,0.001,-0.001,0.068,-0.068,13517.627,-12165.865,3197.672,-2877.905,0.000,0.009,-7.503,0.000,-0.007,-6.267
2.537,-4.235,1.748,22.587,0.001,-0.001,0.068,-0.068,13522.957,-12170.661,3197.672,-2877.905,0.000,0.009,-7.508,0.000,-0.008,-6.272
2.538,-4.279,1.698,22.602,0.001,-0.001,0.068,-0.068,13528.286,-12175.458,3197.672,-2877.905,0.000,0.010,-7.513,0.000,-0.008,-6.276
2.539,-4.322,1.648,22.617,0.001,-0.001,0.068,-0.068,13533.616,-12180.254,3197.672,-2877.905,0.000,0.010,-7.517,0.000,-0.009,-6.280
2.540,-4.366,1.596,22.632,0.001,-0.001,0.068,-0.068,13538.945,-12185.051,3197.672,-2877.905,0.000,0.011,-7.522,0.000,-0.009,-6.285
2.541,-4.409,1.544,22.646,0.002,-0.002,0.068,-0.068,13544.275,-12189.847,3197.672,-2877.905,0.000,0.012,-7.527,0.000,-0.010,-6.289
2.542,-4.453,1.490,22.661,0.002,-0.002,0.068,-0.068,13549.604,-12194.644,3197.672,-2877.905,0.000,0.012,-7.532,0.000,-0.010,-6.294
2.543,-4.497,1.436,22.675,0.002,-0.002,0.068,-0.068,13554.934,-12199.440,3197.672,-2877.905,0.000,0.013,-7.537,0.000,-0.011,-6.298
2.544,-4.541,1.381,22.689,0.002,-0.002,0.068,-0.068,13560.263,-12204.237,3197.672,-2877.905,0.000,0.013,-7.541,0.000,-0.011,-6.303
2.545,-4.585,1.324,22.703,0.002,-0.002,0.068,-0.068,13565.592,-12209.033,3197.672,-2877.905,0.000,0.014,-7.546,0.000,-0.011,-6.307
2.546,-4.629,1.267,22.717,0.002,-0.002,0.068,-0.068,13570.922,-12213.830,3197.672,-2877.905,0.000,0.014,-7.551,0.000,-0.012,-6.311
2.547,-4.673,1.209,22.731,0.002,-0.002,0.068,-0.068,13576.251,-12218.626,3197.672,-2877.905,0.000,0.015,-7.556,0.000,-0.012,-6.316
2.548,-4.717,1.149,22.744,0.002,-0.002,0.068,-0.068,13581.581,-12223.423,3197.672,-2877.905,0.000,0.015,-7.561,0.000,-0.013,-6.320
2.549,-4.761,1.089,22.758,0.002,-0.002,0.068,-0.068,13586.910,-12228.219,3197.672,-2877.905,0.000,0.016,-7.566,0.000,-0.013,-6.325
2.550,-4.805,1.028,22.771,0.002,-0.002,0.068,-0.068,13592.240,-12233.016,3197.672,-2877.905,0.000,0.016,-7.570,0.000,-0.014,-6.329
2.551,-4.849,0.966,22.783,0.002,-0.002,0.068,-0.068,13597.569,-12237.812,3197.672,-2877.905,0.000,0.017,-7.575,0.000,-0.014,-6.334
2.552,-4.893,0.903,22.796,0.002,-0.002,0.068,-0.068,13602.899,-12242.609,3197.672,-2877.905,0.000,0.017,-7.580,0.000,-0.015,-6.338
2.553,-4.936,0.838,22.808,0.002,-0.002,0.068,-0.068,13608.228,-12247.405,3197.672,-2877.905,0.000,0.018,-7.585,0.000,-0.015,-6.342
2.554,-4.980,0.773,22.820,0.002,-0.002,0.068,-0.068,13613.558,-12252.202,3197.672,-2877.905,0.000,0.019,-7.590,0.000,-0.016,-6.347
2.555,-5.024,0.707,22.832,0.003,-0.003,0.068,-0.068,13618.887,-12256.998,3197.672,-2877.905,0.000,0.019,-7.594,0.000,-0.016,-6.351
2.556,-5.067,0.640,22.843,0.003,-0.003,0.068,-0.068,13624.216,-12261.795,3197.672,-2877.905,0.000,0.020,-7.599,0.000,-0.016,-6.356
2.557,-5.111,0.572,22.854,0.003,-0.003,0.068,-0.068,13629.546,-12266.591,3197.672,-2877.905,0.000,0.020,-7.604,0.000,-0.017,-6.360
2.558,-5.154,0.503,22.865,0.003,-0.003,0.068,-0.068,13634.875,-12271.388,3197.672,-2877.905,0.000,0.021,-7.609,0.000,-0.017,-6.364
2.559,-5.197,0.433,22.876,0.003,-0.003,0.068,-0.068,13640.205,-12276.184,3197.672,-2877.905,0.000,0.021,-7.614,0.000,-0.018,-6.369
2.560,-5.240,0.362,22.886,0.003,-0.003,0.068,-0.068,13645.534,-12280.981,3197.672,-2877.905,0.000,0.022,-7.619,0.000,-0.018,-6.373
2.561,-5.283,0.291,22.896,0.003,-0.003,0.068,-0.068,13650.864,-12285.777,3197.672,-2877.905,0.000,0.022,-7.623,0.000,-0.019,-6.378
2.562,-5.326,0.218,22.905,0.003,-0.003,0.068,-0.068,13656.193,-12290.574,3197.672,-2877.905,0.000,0.023,-7.628,0.000,-0.019,-6.382
2.563,-5.368,0.144,22.914,0.003,-0.003,0.068,-0.068,13661.523,-12295.370,3197.672,-2877.905,0.000,0.023,-7.633,0.000,-0.020,-6.387
2.564,-5.411,0.069,22.923,0.003,-0.003,0.068,-0.068,13666.852,-12300.167,3197.672,-2877.905,0.000,0.024,-7.638,0.000,-0.020,-6.391
2.565,-5.453,-0.006,22.931,0.003,-0.003,0.068,-0.068,13672.182,-12304.963,3197.672,-2877.905,0.000,0.025,-7.643,0.000,-0.021,-6.395
2.566,-5.494,-0.083,22.939,0.003,-0.003,0.068,-0.068,13677.511,-12309.760,3197.672,-2877.905,0.000,0.025,-7.647,0.000,-0.021,-6.400
2.567,-5.536,-0.160,22.947,0.003,-0.003,0.068,-0.068,13682.840,-12314.556,3197.672,-2877.905,0.000,0.026,-7.652,0.000,-0.021,-6.404
2.568,-5.577,-0.239,22.954,0.003,-0.003,0.068,-0.068,13688.170,-12319.353,3197.672,-2877.905,0.000,0.026,-7.657,0.000,-0.022,-6.409
2.569,-5.618,-0.318,22.960,0.003,-0.003,0.068,-0.068,13693.499,-12324.149,3197.672,-2877.905,0.000,0.027,-7.662,0.000,-0.022,-6.413
2.570,-5.658,-0.398,22.967,0.004,-0.004,0.068,-0.068,13698.829,-12328.946,3197.672,-2877.905,0.000,0.027,-7.667,0.000,-0.023,-6.417
2.571,-5.699,-0.479,22.972,0.004,-0.004,0.068,-0.068,13704.158,-12333.742,3197.672,-2877.905,0.000,0.028,-7.672,0.000,-0.023,-6.422
2.572,-5.739,-0.561,22.978,0.004,-0.004,0.068,-0.068,13709.488,-12338.539,3197.672,-2877.905,0.000,0.028,-7.676,0.000,-0.024,-6.426
2.573,-5.778,-0.644,22.983,0.004,-0.004,0.068,-0.068,13714.817,-12343.335,3197.672,-2877.905,0.000,0.029,-7.681,0.000,-0.024,-6.431
2.574,-5.817,-0.728,22.987,0.004,-0.004,0.068,-0.068,13720.147,-12348.132,3197.672,-2877.905,0.000,0.030,-7.686,0.000,-0.025,-6.435
2.575,-5.856,-0.812,22.991,0.004,-0.004,0.068,-0.068,13725.476,-12352.929,3197.672,-2877.905,0.000,0.030,-7.691,0.000,-0.025,-6.440
2.576,-5.895,-0.898,22.994,0.004,-0.004,0.068,-0.068,13730.806,-12357.725,3197.672,-2877.905,0.000,0.031,-7.696,0.000,-0.026,-6.444
2.577,-5.933,-0.984,22.997,0.004,-0.004,0.068,-0.068,13736.135,-12362.522,3197.672,-2877.905,0.000,0.031,-7.700,0.000,-0.026,-6.448
2.578,-5.970,-1.071,22.999,0.004,-0.004,0.068,-0.068,13741.464,-12367.318,3197.672,-2877.905,0.000,0.032,-7.705,0.000,-0.027,-6.453
2.579,-6.007,-1.159,23.001,0.004,-0.004,0.068,-0.068,13746.794,-12372.115,3197.672,-2877.905,0.000,0.032,-7.710,0.000,-0.027,-6.457
2.580,-6.044,-1.248,23.002,0.004,-0.004,0.068,-0.068,13752.123,-12376.911,3197.672,-2877.905,0.000,0.033,-7.715,0.000,-0.028,-6.462
2.581,-6.080,-1.337,23.003,0.004,-0.004,0.068,-0.068,13757.453,-12381.708,3197.672,-2877.905,0.000,0.033,-7.720,0.000,-0.028,-6.466
2.582,-6.116,-1.427,23.003,0.004,-0.004,0.068,-0.068,13762.782,-12386.504,3197.672,-2877.905,0.000,0.034,-7.725,0.000,-0.028,-6.471
2.583,-6.151,-1.518,23.003,0.004,-0.004,0.068,-0.068,13768.112,-12391.301,3197.672,-2877.905,0.000,0.035,-7.729,0.000,-0.029,-6.475
2.584,-6.186,-1.610,23.002,0.005,-0.005,0.068,-0.068,13773.441,-12396.097,3197.672,-2877.905,0.000,0.035,-7.734,0.000,-0.029,-6.479
2.585,-6.220,-1.703,23.000,0.005,-0.005,0.068,-0.068,13778.771,-12400.894,3197.672,-2877.905,0.000,0.036,-7.739,0.000,-0.030,-6.484
2.586,-6.254,-1.796,22.998,0.005,-0.005,0.068,-0.068,13784.100,-12405.690,3197.672,-2877.905,0.000,0.036,-7.744,0.000,-0.030,-6.488
2.587,-6.287,-1.890,22.995,0.005,-0.005,0.068,-0.068,13789.430,-12410.487,3197.672,-2877.905,0.000,0.037,-7.749,0.000,-0.031,-6.493
2.588,-6.319,-1.984,22.991,0.005,-0.005,0.068,-0.068,13794.759,-12415.283,3197.672,-2877.905,0.000,0.037,-7.753,0.000,-0.031,-6.497
2.589,-6.351,-2.080,22.987,0.005,-0.005,0.068,-0.068,13800.088,-12420.080,3197.672,-2877.905,0.000,0.038,-7.758,0.000,-0.032,-6.501
2.590,-6.382,-2.176,22.982,0.005,-0.005,0.068,-0.068,13805.418,-12424.876,3197.672,-2877.905,0.000,0.038,-7.763,0.000,-0.032,-6.506
2.591,-6.413,-2.272,22.977,0.005,-0.005,0.068,-0.068,13810.747,-12429.673,3197.672,-2877.905,0.000,0.039,-7.768,0.000,-0.033,-6.510
2.592,-6.443,-2.370,22.971,0.005,-0.005,0.068,-0.068,13816.077,-12434.469,3197.672,-2877.905,0.000,0.040,-7.773,0.000,-0.033,-6.515
2.593,-6.472,-2.468,22.964,0.005,-0.005,0.068,-0.068,13821.406,-12439.266,3197.672,-2877.905,0.000,0.040,-7.777,0.000,-0.034,-6.519
2.594,-6.501,-2.566,22.957,0.005,-0.005,0.068,-0.068,13826.736,-12444.062,3197.672,-2877.905,0.000,0.041,-7.782,0.000,-0.034,-6.524
2.595,-6.529,-2.665,22.949,0.005,-0.005,0.068,-0.068,13832.065,-12448.859,3197.672,-2877.905,0.000,0.041,-7.787,0.000,-0.035,-6.528
2.596,-6.556,-2.765,22.940,0.005,-0.005,0.068,-0.068,13837.395,-12453.655,3197.672,-2877.905,0.000,0.042,-7.792,0.000,-0.035,-6.532
2.597,-6.583,-2.865,22.930,0.005,-0.005,0.068,-0.068,13842.724,-12458.452,3197.672,-2877.905,0.000,0.042,-7.797,0.000,-0.036,-6.537
2.598,-6.608,-2.966,22.920,0.006,-0.006,0.068,-0.068,13848.054,-12463.248,3197.672,-2877.905,0.000,0.043,-7.802,0.000,-0.036,-6.541
2.599,-6.633,-3.067,22.909,0.006,-0.006,0.068,-0.068,13853.383,-12468.045,3197.672,-2877.905,0.000,0.044,-7.806,0.000,-0.037,-6.546
2.600,-6.658,-3.169,22.898,0.006,-0.006,0.068,-0.068,13858.712,-12472.841,3197.672,-2877.905,0.000,0.044,-7.811,0.000,-0.037,-6.550
2.601,-6.681,-3.271,22.885,0.006,-0.006,0.068,-0.068,13864.042,-12477.638,3197.672,-2877.905,0.000,0.045,-7.816,0.000,-0.038,-6.554
2.602,-6.704,-3.373,22.872,0.006,-0.006,0.068,-0.068,13869.371,-12482.434,3197.672,-2877.905,0.000,0.045,-7.821,0.000,-0.038,-6.559
2.603,-6.726,-3.476,22.858,0.006,-0.006,0.068,-0.068,13874.701,-12487.231,3197.672,-2877.905,0.000,0.046,-7.826,0.000,-0.038,-6.563
2.604,-6.747,-3.580,22.844,0.006,-0.006,0.068,-0.068,13880.030,-12492.027,3197.672,-2877.905,0.000,0.046,-7.830,0.000,-0.039,-6.568
2.605,-6.767,-3.684,22.829,0.006,-0.006,0.068,-0.068,13885.360,-12496.824,3197.672,-2877.905,0.000,0.047,-7.835,0.000,-0.039,-6.572
2.606,-6.786,-3.788,22.813,0.006,-0.006,0.068,-0.068,13890.689,-12501.620,3197.672,-2877.905,0.000,0.048,-7.840,0.000,-0.040,-6.577
2.607,-6.805,-3.892,22.796,0.006,-0.006,0.068,-0.068,13896.019,-12506.417,3197.672,-2877.905,0.000,0.048,-7.845,0.000,-0.040,-6.581
2.608,-6.822,-3.997,22.779,0.006,-0.006,0.068,-0.068,13901.348,-12511.213,3197.672,-2877.905,0.000,0.049,-7.850,0.000,-0.041,-6.585
2.609,-6.839,-4.102,22.761,0.006,-0.006,0.068,-0.068,13906.678,-12516.010,3197.672,-2877.905,0.000,0.049,-7.855,0.000,-0.041,-6.590
2.610,-6.855,-4.208,22.742,0.006,-0.006,0.068,-0.068,13912.007,-12520.806,3197.672,-2877.905,0.000,0.050,-7.859,0.000,-0.042,-6.594
2.611,-6.870,-4.313,22.722,0.006,-0.006,0.068,-0.068,13917.336,-12525.603,3197.672,-2877.905,0.000,0.050,-7.864,0.000,-0.042,-6.599
2.612,-6.883,-4.419,22.702,0.006,-0.006,0.068,-0.068,13922.666,-12530.399,3197.672,-2877.905,0.000,0.051,-7.869,0.000,-0.043,-6.603
2.613,-6.896,-4.525,22.680,0.007,-0.007,0.068,-0.068,13927.995,-12535.196,3197.672,-2877.905,0.000,0.052,-7.874,0.000,-0.043,-6.608
2.614,-6.908,-4.631,22.659,0.007,-0.007,0.068,-0.068,13933.325,-12539.992,3197.672,-2877.905,0.000,0.052,-7.879,0.000,-0.044,-6.612
2.615,-6.919,-4.738,22.636,0.007,-0.007,0.068,-0.068,13938.654,-12544.789,3197.672,-2877.905,0.000,0.053,-7.883,0.000,-0.044,-6.616
2.616,-6.929,-4.844,22.613,0.007,-0.007,0.068,-0.068,13943.984,-12549.585,3197.672,-2877.905,0.000,0.053,-7.888,0.000,-0.045,-6.621
2.617,-6.938,-4.951,22.588,0.007,-0.007,0.068,-0.068,13949.313,-12554.382,3197.672,-2877.905,0.000,0.054,-7.893,0.000,-0.045,-6.625
2.618,-6.946,-5.058,22.564,0.007,-0.007,0.068,-0.068,13954.643,-12559.178,3197.672,-2877.905,0.000,0.055,-7.898,0.000,-0.046,-6.630
2.619,-6.953,-5.164,22.538,0.007,-0.007,0.068,-0.068,13959.972,-12563.975,3197.672,-2877.905,0.000,0.055,-7.903,0.000,-0.046,-6.634
2.620,-6.959,-5.271,22.512,0.007,-0.007,0.068,-0.068,13965.302,-12568.771,3197.672,-2877.905,0.000,0.056,-7.908,0.000,-0.047,-6.638
2.621,-6.963,-5.378,22.485,0.007,-0.007,0.068,-0.068,13970.631,-12573.568,3197.672,-2877.905,0.000,0.056,-7.912,0.000,-0.047,-6.643
2.622,-6.967,-5.484,22.457,0.007,-0.007,0.068,-0.068,13975.960,-12578.364,3197.672,-2877.905,0.000,0.057,-7.917,0.000,-0.048,-6.647
2.623,-6.969,-5.591,22.429,0.007,-0.007,0.068,-0.068,13981.290,-12583.161,3197.672,-2877.905,0.000,0.058,-7.922,0.000,-0.048,-6.652
2.624,-6.971,-5.698,22.400,0.007,-0.007,0.068,-0.068,13986.619,-12587.957,3197.672,-2877.905,0.000,0.058,-7.927,0.000,-0.049,-6.656
2.625,-6.971,-5.804,22.370,0.007,-0.007,0.068,-0.068,13991.949,-12592.754,3197.672,-2877.905,0.000,0.059,-7.932,0.000,-0.049,-6.661
2.626,-6.970,-5.911,22.339,0.007,-0.007,0.068,-0.068,13997.278,-12597.550,3197.672,-2877.905,0.000,0.059,-7.936,0.000,-0.050,-6.665
2.627,-6.968,-6.017,22.308,0.008,-0.008,0.068,-0.068,14002.608,-12602.347,3197.672,-2877.905,0.000,0.060,-7.941,0.000,-0.050,-6.669
2.628,-6.965,-6.123,22.276,0.008,-0.008,0.068,-0.068,14007.937,-12607.143,3197.672,-2877.905,0.000,0.060,-7.946,0.000,-0.051,-6.674
2.629,-6.961,-6.228,22.244,0.008,-0.008,0.068,-0.068,14013.267,-12611.940,3197.672,-2877.905,0.000,0.061,-7.951,0.000,-0.051,-6.678
2.630,-6.955,-6.334,22.210,0.008,-0.008,0.068,-0.068,14018.596,-12616.736,3197.672,-2877.905,0.000,0.062,-7.956,0.000,-0.052,-6.683
2.631,-6.949,-6.439,22.177,0.008,-0.008,0.068,-0.068,14023.926,-12621.533,3197.672,-2877.905,0.000,0.062,-7.961,0.000,-0.052,-6.687
2.632,-6.941,-6.544,22.142,0.008,-0.008,0.068,-0.068,14029.255,-12626.329,3197.672,-2877.905,0.000,0.063,-7.965,0.000,-0.053,-6.691
2.633,-6.932,-6.649,22.107,0.008,-0.008,0.068,-0.068,14034.584,-12631.126,3197.672,-2877.905,0.000,0.063,-7.970,0.000,-0.053,-6.696
2.634,-6.921,-6.753,22.071,0.008,-0.008,0.068,-0.068,14039.914,-12635.923,3197.672,-2877.905,0.000,0.064,-7.975,0.000,-0.054,-6.700
2.635,-6.910,-6.857,22.035,0.008,-0.008,0.068,-0.068,14045.243,-12640.719,3197.672,-2877.905,0.000,0.065,-7.980,0.000,-0.054,-6.705
2.636,-6.897,-6.960,21.998,0.008,-0.008,0.068,-0.068,14050.573,-12645.516,3197.672,-2877.905,0.000,0.065,-7.985,0.000,-0.055,-6.709
2.637,-6.883,-7.063,21.961,0.008,-0.008,0.068,-0.068,14055.902,-12650.312,3197.672,-2877.905,0.000,0.066,-7.989,0.000,-0.055,-6.714
2.638,-6.868,-7.166,21.923,0.008,-0.008,0.068,-0.068,14061.232,-12655.109,3197.672,-2877.905,0.000,0.066,-7.994,0.000,-0.056,-6.718
2.639,-6.852,-7.268,21.885,0.008,-0.008,0.068,-0.068,14066.561,-12659.905,3197.672,-2877.905,0.000,0.067,-7.999,0.000,-0.056,-6.722
2.640,-6.834,-7.369,21.846,0.008,-0.008,0.068,-0.068,14071.891,-12664.702,3197.672,-2877.905,0.000,0.068,-8.004,0.000,-0.057,-6.727
2.641,-6.815,-7.470,21.806,0.009,-0.009,0.068,-0.068,14077.220,-12669.498,3197.672,-2877.905,0.000,0.068,-8.009,0.000,-0.057,-6.731
2.642,-6.795,-7.571,21.766,0.009,-0.009,0.068,-0.068,14082.550,-12674.295,3197.672,-2877.905,0.000,0.069,-8.013,0.000,-0.058,-6.736
2.643,-6.773,-7.670,21.726,0.009,-0.009,0.068,-0.068,14087.879,-12679.091,3197.672,-2877.905,0.000,0.069,-8.018,0.000,-0.058,-6.740
2.644,-6.750,-7.769,21.685,0.009,-0.009,0.068,-0.068,14093.208,-12683.888,3197.672,-2877.905,0.000,0.070,-8.023,0.000,-0.059,-6.744
2.645,-6.726,-7.868,21.643,0.009,-0.009,0.068,-0.068,14098.538,-12688.684,3197.672,-2877.905,0.000,0.071,-8.028,0.000,-0.059,-6.749
2.646,-6.701,-7.966,21.602,0.009,-0.009,0.068,-0.068,14103.867,-12693.481,3197.672,-2877.905,0.000,0.071,-8.033,0.000,-0.060,-6.753
2.647,-6.674,-8.063,21.560,0.009,-0.009,0.068,-0.068,14109.197,-12698.277,3197.672,-2877.905,0.000,0.072,-8.038,0.000,-0.060,-6.758
2.648,-6.646,-8.159,21.517,0.009,-0.009,0.068,-0.068,14114.526,-12703.074,3197.672,-2877.905,0.000,0.072,-8.042,0.000,-0.061,-6.762
2.649,-6.617,-8.255,21.474,0.009,-0.009,0.068,-0.068,14119.856,-12707.870,3197.672,-2877.905,0.000,0.073,-8.047,0.000,-0.061,-6.767
2.650,-6.586,-8.349,21.431,0.009,-0.009,0.068,-0.068,14125.185,-12712.667,3197.672,-2877.905,0.000,0.074,-8.052,0.000,-0.062,-6.771
2.651,-6.555,-8.443,21.388,0.009,-0.009,0.068,-0.068,14130.515,-12717.463,3197.672,-2877.905,0.000,0.074,-8.057,0.000,-0.062,-6.775
2.652,-6.522,-8.536,21.344,0.009,-0.009,0.068,-0.068,14135.844,-12722.260,3197.672,-2877.905,0.000,0.075,-8.062,0.000,-0.063,-6.780
2.653,-6.487,-8.629,21.300,0.009,-0.009,0.068,-0.068,14141.174,-12727.056,3197.672,-2877.905,0.000,0.075,-8.066,0.000,-0.063,-6.784
2.654,-6.452,-8.720,21.256,0.009,-0.009,0.068,-0.068,14146.503,-12731.853,3197.672,-2877.905,0.000,0.076,-8.071,0.000,-0.064,-6.789
2.655,-6.415,-8.810,21.211,0.009,-0.009,0.068,-0.068,14151.832,-12736.649,3197.672,-2877.905,0.000,0.077,-8.076,0.000,-0.064,-6.793
2.656,-6.376,-8.900,21.167,0.010,-0.010,0.068,-0.068,14157.162,-12741.446,3197.672,-2877.905,0.000,0.077,-8.081,0.000,-0.065,-6.797
2.657,-6.337,-8.988,21.122,0.010,-0.010,0.068,-0.068,14162.491,-12746.242,3197.672,-2877.905,0.000,0.078,-8.086,0.000,-0.066,-6.802
2.658,-6.296,-9.076,21.077,0.010,-0.010,0.068,-0.068,14167.821,-12751.039,3197.672,-2877.905,0.000,0.078,-8.091,0.000,-0.066,-6.806
2.659,-6.254,-9.162,21.032,0.010,-0.010,0.068,-0.068,14173.150,-12755.835,3197.672,-2877.905,0.000,0.079,-8.095,0.000,-0.067,-6.811
2.660,-6.211,-9.247,20.987,0.010,-0.010,0.068,-0.068,14178.480,-12760.632,3197.672,-2877.905,0.000,0.080,-8.100,0.000,-0.067,-6.815
2.661,-6.166,-9.332,20.942,0.010,-0.010,0.068,-0.068,14183.809,-12765.428,3197.672,-2877.905,0.000,0.080,-8.105,0.000,-0.068,-6.820
2.662,-6.121,-9.415,20.897,0.010,-0.010,0.068,-0.068,14189.139,-12770.225,3197.672,-2877.905,0.000,0.081,-8.110,0.000,-0.068,-6.824
2.663,-6.074,-9.497,20.851,0.010,-0.010,0.068,-0.068,14194.468,-12775.021,3197.672,-2877.905,0.000,0.082,-8.115,0.000,-0.069,-6.828
2.664,-6.025,-9.578,20.806,0.010,-0.010,0.068,-0.068,14199.798,-12779.818,3197.672,-2877.905,0.000,0.082,-8.119,0.000,-0.069,-6.833
2.665,-5.976,-9.658,20.761,0.010,-0.010,0.068,-0.068,14205.127,-12784.614,3197.672,-2877.905,0.000,0.083,-8.124,0.000,-0.070,-6.837
2.666,-5.925,-9.736,20.716,0.010,-0.010,0.068,-0.068,14210.456,-12789.411,3197.672,-2877.905,0.000,0.083,-8.129,0.000,-0.070,-6.842
2.667,-5.874,-9.814,20.671,0.010,-0.010,0.068,-0.068,14215.786,-12794.207,3197.672,-2877.905,0.000,0.084,-8.134,0.000,-0.071,-6.846
2.668,-5.821,-9.890,20.626,0.010,-0.010,0.068,-0.068,14221.115,-12799.004,3197.672,-2877.905,0.000,0.085,-8.139,0.000,-0.071,-6.850
2.669,-5.766,-9.965,20.581,0.010,-0.010,0.068,-0.068,14226.445,-12803.800,3197.672,-2877.905,0.000,0.085,-8.143,0.000,-0.072,-6.855
2.670,-5.711,-10.039,20.537,0.011,-0.011,0.068,-0.068,14231.774,-12808.597,3197.672,-2877.905,0.000,0.086,-8.148,0.000,-0.072,-6.859
2.671,-5.655,-10.111,20.493,0.011,-0.011,0.068,-0.068,14237.104,-12813.393,3197.672,-2877.905,0.000,0.087,-8.153,0.000,-0.073,-6.864
2.672,-5.597,-10.182,20.448,0.011,-0.011,0.068,-0.068,14242.433,-12818.190,3197.672,-2877.905,0.000,0.087,-8.158,0.000,-0.073,-6.868
2.673,-5.539,-10.252,20.405,0.011,-0.011,0.068,-0.068,14247.763,-12822.986,3197.672,-2877.905,0.000,0.088,-8.163,0.000,-0.074,-6.873
2.674,-5.479,-10.320,20.361,0.011,-0.011,0.068,-0.068,14253.092,-12827.783,3197.672,-2877.905,0.000,0.088,-8.168,0.000,-0.074,-6.877
2.675,-5.418,-10.388,20.318,0.011,-0.011,0.068,-0.068,14258.422,-12832.579,3197.672,-2877.905,0.000,0.089,-8.172,0.000,-0.075,-6.881
2.676,-5.357,-10.453,20.275,0.011,-0.011,0.068,-0.068,14263.751,-12837.376,3197.672,-2877.905,0.000,0.090,-8.177,0.000,-0.075,-6.886
2.677,-5.294,-10.518,20.232,0.011,-0.011,0.068,-0.068,14269.080,-12842.172,3197.672,-2877.905,0.000,0.090,-8.182,0.000,-0.076,-6.890
2.678,-5.230,-10.581,20.190,0.011,-0.011,0.068,-0.068,14274.410,-12846.969,3197.672,-2877.905,0.000,0.091,-8.187,0.000,-0.077,-6.895
2.679,-5.166,-10.642,20.149,0.011,-0.011,0.068,-0.068,14279.739,-12851.765,3197.672,-2877.905,0.000,0.091,-8.192,0.000,-0.077,-6.899
2.680,-5.100,-10.702,20.107,0.011,-0.011,0.068,-0.068,14285.069,-12856.562,3197.672,-2877.905,0.000,0.092,-8.196,0.000,-0.078,-6.903
2.681,-5.033,-10.761,20.066,0.011,-0.011,0.068,-0.068,14290.398,-12861.358,3197.672,-2877.905,0.000,0.093,-8.201,0.000,-0.078,-6.908
2.682,-4.966,-10.818,20.026,0.011,-0.011,0.068,-0.068,14295.728,-12866.155,3197.672,-2877.905,0.000,0.093,-8.206,0.000,-0.079,-6.912
2.683,-4.898,-10.874,19.986,0.011,-0.011,0.068,-0.068,14301.057,-12870.951,3197.672,-2877.905,0.000,0.094,-8.211,0.000,-0.079,-6.917
2.684,-4.829,-10.928,19.947,0.012,-0.012,0.068,-0.068,14306.387,-12875.748,3197.672,-2877.905,0.000,0.095,-8.216,0.000,-0.080,-6.921
2.685,-4.759,-10.981,19.908,0.012,-0.012,0.068,-0.068,14311.716,-12880.544,3197.672,-2877.905,0.000,0.095,-8.220,0.000,-0.080,-6.926
2.686,-4.688,-11.032,19.870,0.012,-0.012,0.068,-0.068,14317.046,-12885.341,3197.672,-2877.905,0.000,0.096,-8.225,0.000,-0.081,-6.930
2.687,-4.616,-11.082,19.833,0.012,-0.012,0.068,-0.068,14322.375,-12890.137,3197.672,-2877.905,0.000,0.097,-8.230,0.000,-0.081,-6.934
2.688,-4.544,-11.130,19.796,0.012,-0.012,0.068,-0.068,14327.704,-12894.934,3197.672,-2877.905,0.000,0.097,-8.235,0.000,-0.082,-6.939
2.689,-4.471,-11.177,19.760,0.012,-0.012,0.068,-0.068,14333.034,-12899.730,3197.672,-2877.905,0.000,0.098,-8.240,0.000,-0.082,-6.943
2.690,-4.398,-11.222,19.724,0.012,-0.012,0.068,-0.068,14338.363,-12904.527,3197.672,-2877.905,0.000,0.098,-8.245,0.000,-0.083,-6.948
2.691,-4.324,-11.266,19.689,0.012,-0.012,0.068,-0.068,14343.693,-12909.324,3197.672,-2877.905,0.000,0.099,-8.249,0.000,-0.083,-6.952
2.692,-4.249,-11.308,19.655,0.012,-0.012,0.068,-0.068,14349.022,-12914.120,3197.672,-2877.905,0.000,0.100,-8.254,0.000,-0.084,-6.956
2.693,-4.174,-11.348,19.622,0.012,-0.012,0.068,-0.068,14354.352,-12918.917,3197.672,-2877.905,0.000,0.100,-8.259,0.000,-0.085,-6.961
2.694,-4.098,-11.387,19.589,0.012,-0.012,0.068,-0.068,14359.681,-12923.713,3197.672,-2877.905,0.000,0.101,-8.264,0.000,-0.085,-6.965
2.695,-4.021,-11.425,19.558,0.012,-0.012,0.068,-0.068,14365.011,-12928.510,3197.672,-2877.905,0.000,0.102,-8.269,0.000,-0.086,-6.970
2.696,-3.945,-11.461,19.527,0.012,-0.012,0.068,-0.068,14370.340,-12933.306,3197.672,-2877.905,0.000,0.102,-8.273,0.000,-0.086,-6.974
2.697,-3.867,-11.495,19.497,0.012,-0.012,0.068,-0.068,14375.670,-12938.103,3197.672,-2877.905,0.000,0.103,-8.278,0.000,-0.087,-6.978
2.698,-3.790,-11.527,19.467,0.012,-0.012,0.068,-0.068,14380.999,-12942.899,3197.672,-2877.905,0.000,0.103,-8.283,0.000,-0.087,-6.983
2.699,-3.712,-11.559,19.439,0.013,-0.013,0.068,-0.068,14386.328,-12947.696,3197.672,-2877.905,0.000,0.104,-8.288,0.000,-0.088,-6.987
2.700,-3.634,-11.588,19.411,0.013,-0.013,0.068,-0.068,14391.658,-12952.492,3197.672,-2877.905,0.000,0.105,-8.293,0.000,-0.088,-6.991
2.701,-3.555,-11.616,19.384,0.013,-0.013,0.068,-0.068,14396.987,-12957.289,3197.672,-2877.905,0.000,0.105,-8.297,0.000,-0.089,-6.996
2.702,-3.477,-11.642,19.359,0.013,-0.013,0.068,-0.068,14402.317,-12962.085,3197.672,-2877.905,0.000,0.106,-8.302,0.000,-0.089,-7.000
2.703,-3.398,-11.667,19.334,0.013,-0.013,0.068,-0.068,14407.646,-12966.882,3197.672,-2877.905,0.000,0.107,-8.307,0.000,-0.090,-7.004
2.704,-3.319,-11.690,19.310,0.013,-0.013,0.068,-0.068,14412.976,-12971.678,3197.672,-2877.905,0.000,0.107,-8.312,0.000,-0.091,-7.009
2.705,-3.240,-11.712,19.287,0.013,-0.013,0.068,-0.068,14418.305,-12976.475,3197.672,-2877.905,0.000,0.108,-8.317,0.000,-0.091,-7.013
2.706,-3.161,-11.732,19.264,0.013,-0.013,0.068,-0.068,14423.635,-12981.271,3197.672,-2877.905,0.000,0.109,-8.322,0.000,-0.092,-7.017
2.707,-3.081,-11.750,19.243,0.013,-0.013,0.068,-0.068,14428.964,-12986.068,3197.672,-2877.905,0.000,0.109,-8.326,0.000,-0.092,-7.022
2.708,-3.002,-11.767,19.223,0.013,-0.013,0.068,-0.068,14434.294,-12990.864,3197.672,-2877.905,0.000,0.110,-8.331,0.000,-0.093,-7.026
2.709,-2.923,-11.782,19.204,0.013,-0.013,0.068,-0.068,14439.623,-12995.661,3197.672,-2877.905,0.000,0.111,-8.336,0.000,-0.093,-7.030
2.710,-2.844,-11.796,19.185,0.013,-0.013,0.068,-0.068,14444.952,-13000.457,3197.672,-2877.905,0.000,0.111,-8.341,0.000,-0.094,-7.035
2.711,-2.765,-11.808,19.168,0.013,-0.013,0.068,-0.068,14450.282,-13005.254,3197.672,-2877.905,0.000,0.112,-8.346,0.000,-0.094,-7.039
2.712,-2.687,-11.819,19.152,0.013,-0.013,0.068,-0.068,14455.611,-13010.050,3197.672,-2877.905,0.000,0.112,-8.350,0.000,-0.095,-7.043
2.713,-2.608,-11.828,19.136,0.014,-0.014,0.068,-0.068,14460.941,-13014.847,3197.672,-2877.905,0.000,0.113,-8.355,0.000,-0.095,-7.048
2.714,-2.530,-11.836,19.122,0.014,-0.014,0.068,-0.068,14466.270,-13019.643,3197.672,-2877.905,0.000,0.114,-8.360,0.000,-0.096,-7.052
2.715,-2.453,-11.842,19.109,0.014,-0.014,0.068,-0.068,14471.600,-13024.440,3197.672,-2877.905,0.000,0.114,-8.365,0.000,-0.097,-7.056
2.716,-2.375,-11.846,19.096,0.014,-0.014,0.068,-0.068,14476.929,-13029.236,3197.672,-2877.905,0.000,0.115,-8.370,0.000,-0.097,-7.061
2.717,-2.298,-11.849,19.085,0.014,-0.014,0.068,-0.068,14482.259,-13034.033,3197.672,-2877.905,0.000,0.116,-8.374,0.000,-0.098,-7.065
2.718,-2.222,-11.850,19.075,0.014,-0.014,0.068,-0.068,14487.588,-13038.829,3197.672,-2877.905,0.000,0.116,-8.379,0.000,-0.098,-7.069
2.719,-2.146,-11.850,19.065,0.014,-0.014,0.068,-0.068,14492.918,-13043.626,3197.672,-2877.905,0.000,0.117,-8.384,0.000,-0.099,-7.074
2.720,-2.070,-11.849,19.057,0.014,-0.014,0.068,-0.068,14498.247,-13048.422,3197.672,-2877.905,0.000,0.118,-8.389,0.000,-0.099,-7.078
2.721,-1.995,-11.846,19.050,0.014,-0.014,0.068,-0.068,14503.576,-13053.219,3197.672,-2877.905,0.000,0.118,-8.394,0.000,-0.100,-7.082
2.722,-1.921,-11.842,19.043,0.014,-0.014,0.068,-0.068,14508.906,-13058.015,3197.672,-2877.905,0.000,0.119,-8.399,0.000,-0.100,-7.087
2.723,-1.847,-11.836,19.038,0.014,-0.014,0.068,-0.068,14514.235,-13062.812,3197.672,-2877.905,0.000,0.120,-8.403,0.000,-0.101,-7.091
2.724,-1.775,-11.829,19.034,0.014,-0.014,0.068,-0.068,14519.565,-13067.608,3197.672,-2877.905,0.000,0.120,-8.408,0.000,-0.102,-7.095
2.725,-1.703,-11.820,19.030,0.014,-0.014,0.068,-0.068,14524.894,-13072.405,3197.672,-2877.905,0.000,0.121,-8.413,0.000,-0.102,-7.100
2.726,-1.631,-11.810,19.028,0.014,-0.014,0.068,-0.068,14530.224,-13077.201,3197.672,-2877.905,0.000,0.122,-8.418,0.000,-0.103,-7.104
2.727,-1.561,-11.799,19.026,0.015,-0.015,0.068,-0.068,14535.553,-13081.998,3197.672,-2877.905,0.000,0.122,-8.423,0.000,-0.103,-7.108
2.728,-1.491,-11.786,19.026,0.015,-0.015,0.068,-0.068,14540.883,-13086.794,3197.672,-2877.905,0.000,0.123,-8.427,0.000,-0.104,-7.112
2.729,-1.423,-11.772,19.026,0.015,-0.015,0.068,-0.068,14546.212,-13091.591,3197.672,-2877.905,0.000,0.124,-8.432,0.000,-0.104,-7.117
2.730,-1.355,-11.756,19.027,0.015,-0.015,0.068,-0.068,14551.541,-13096.387,3197.672,-2877.905,0.000,0.124,-8.437,0.000,-0.105,-7.121
2.731,-1.289,-11.740,19.029,0.015,-0.015,0.068,-0.068,14556.871,-13101.184,3197.672,-2877.905,0.000,0.125,-8.442,0.000,-0.105,-7.125
2.732,-1.223,-11.722,19.033,0.015,-0.015,0.068,-0.068,14562.200,-13105.980,3197.672,-2877.905,0.000,0.126,-8.447,0.000,-0.106,-7.130
2.733,-1.159,-11.703,19.037,0.015,-0.015,0.068,-0.068,14567.530,-13110.777,3197.672,-2877.905,0.000,0.126,-8.451,0.000,-0.107,-7.134
2.734,-1.095,-11.682,19.041,0.015,-0.015,0.068,-0.068,14572.859,-13115.573,3197.672,-2877.905,0.000,0.127,-8.456,0.000,-0.107,-7.138
2.735,-1.033,-11.660,19.047,0.015,-0.015,0.068,-0.068,14578.189,-13120.370,3197.672,-2877.905,0.000,0.128,-8.461,0.000,-0.108,-7.143
2.736,-0.972,-11.638,19.054,0.015,-0.015,0.068,-0.068,14583.518,-13125.166,3197.672,-2877.905,0.000,0.128,-8.466,0.000,-0.108,-7.147
2.737,-0.913,-11.614,19.061,0.015,-0.015,0.068,-0.068,14588.848,-13129.963,3197.672,-2877.905,0.000,0.129,-8.471,0.000,-0.109,-7.151
2.738,-0.854,-11.588,19.069,0.015,-0.015,0.068,-0.068,14594.177,-13134.759,3197.672,-2877.905,0.000,0.130,-8.475,0.000,-0.109,-7.156
2.739,-0.797,-11.562,19.078,0.015,-0.015,0.068,-0.068,14599.507,-13139.556,3197.672,-2877.905,0.000,0.130,-8.480,0.000,-0.110,-7.160
2.740,-0.742,-11.535,19.088,0.015,-0.015,0.068,-0.068,14604.836,-13144.352,3197.672,-2877.905,0.000,0.131,-8.485,0.000,-0.111,-7.164
2.741,-0.688,-11.506,19.099,0.015,-0.015,0.068,-0.068,14610.165,-13149.149,3197.672,-2877.905,0.000,0.132,-8.490,0.000,-0.111,-7.169
2.742,-0.635,-11.477,19.110,0.016,-0.016,0.068,-0.068,14615.495,-13153.945,3197.672,-2877.905,0.000,0.132,-8.495,0.000,-0.112,-7.173
2.743,-0.584,-11.446,19.122,0.016,-0.016,0.068,-0.068,14620.824,-13158.742,3197.672,-2877.905,0.000,0.133,-8.500,0.000,-0.112,-7.177
2.744,-0.534,-11.415,19.135,0.016,-0.016,0.068,-0.068,14626.154,-13163.538,3197.672,-2877.905,0.000,0.134,-8.504,0.000,-0.113,-7.182
2.745,-0.485,-11.382,19.148,0.016,-0.016,0.068,-0.068,14631.483,-13168.335,3197.672,-2877.905,0.000,0.134,-8.509,0.000,-0.113,-7.186
2.746,-0.439,-11.349,19.162,0.016,-0.016,0.068,-0.068,14636.813,-13173.131,3197.672,-2877.905,0.000,0.135,-8.514,0.000,-0.114,-7.190
2.747,-0.394,-11.315,19.177,0.016,-0.016,0.068,-0.068,14642.142,-13177.928,3197.672,-2877.905,0.000,0.136,-8.519,0.000,-0.115,-7.195
2.748,-0.350,-11.280,19.192,0.016,-0.016,0.068,-0.068,14647.472,-13182.725,3197.672,-2877.905,0.000,0.136,-8.524,0.000,-0.115,-7.199
2.749,-0.309,-11.244,19.208,0.016,-0.016,0.068,-0.068,14652.801,-13187.521,3197.672,-2877.905,0.000,0.137,-8.528,0.000,-0.116,-7.203
2.750,-0.268,-11.207,19.225,0.016,-0.016,0.068,-0.068,14658.131,-13192.318,3197.672,-2877.905,0.000,0.138,-8.533,0.000,-0.116,-7.208
2.751,-0.230,-11.169,19.242,0.016,-0.016,0.068,-0.068,14663.460,-13197.114,3197.672,-2877.905,0.000,0.138,-8.538,0.000,-0.117,-7.212
2.752,-0.193,-11.131,19.259,0.016,-0.016,0.068,-0.068,14668.789,-13201.911,3197.672,-2877.905,0.000,0.139,-8.543,0.000,-0.117,-7.216
2.753,-0.159,-11.092,19.278,0.016,-0.016,0.068,-0.068,14674.119,-13206.707,3197.672,-2877.905,0.000,0.140,-8.548,0.000,-0.118,-7.221
2.754,-0.126,-11.052,19.296,0.016,-0.016,0.068,-0.068,14679.448,-13211.504,3197.672,-2877.905,0.000,0.140,-8.552,0.000,-0.119,-7.225
2.755,-0.094,-11.012,19.315,0.016,-0.016,0.068,-0.068,14684.778,-13216.300,3197.672,-2877.905,0.000,0.141,-8.557,0.000,-0.119,-7.229
2.756,-0.065,-10.971,19.335,0.017,-0.017,0.068,-0.068,14690.107,-13221.097,3197.672,-2877.905,0.000,0.142,-8.562,0.000,-0.120,-7.234
2.757,-0.037,-10.930,19.355,0.017,-0.017,0.068,-0.068,14695.437,-13225.893,3197.672,-2877.905,0.000,0.142,-8.567,0.000,-0.120,-7.238
2.758,-0.012,-10.888,19.375,0.017,-0.017,0.068,-0.068,14700.766,-13230.690,3197.672,-2877.905,0.000,0.143,-8.572,0.000,-0.121,-7.242
2.759,0.012,-10.845,19.395,0.017,-0.017,0.068,-0.068,14706.096,-13235.486,3197.672,-2877.905,0.000,0.144,-8.576,0.000,-0.121,-7.247
2.760,0.034,-10.802,19.416,0.017,-0.017,0.068,-0.068,14711.425,-13240.283,3197.672,-2877.905,0.000,0.144,-8.581,0.000,-0.122,-7.251
2.761,0.054,-10.759,19.438,0.017,-0.017,0.068,-0.068,14716.755,-13245.079,3197.672,-2877.905,0.000,0.145,-8.586,0.000,-0.123,-7.255
2.762,0.072,-10.715,19.459,0.017,-0.017,0.068,-0.068,14722.084,-13249.876,3197.672,-2877.905,0.000,0.146,-8.591,0.000,-0.123,-7.260
2.763,0.088,-10.671,19.481,0.017,-0.017,0.068,-0.068,14727.413,-13254.672,3197.672,-2877.905,0.000,0.146,-8.596,0.000,-0.124,-7.264
2.764,0.102,-10.626,19.503,0.017,-0.017,0.068,-0.068,14732.743,-13259.469,3197.672,-2877.905,0.000,0.147,-8.601,0.000,-0.124,-7.268
2.765,0.113,-10.581,19.526,0.017,-0.017,0.068,-0.068,14738.072,-13264.265,3197.672,-2877.905,0.000,0.148,-8.605,0.000,-0.125,-7.273
2.766,0.123,-10.536,19.548,0.017,-0.017,0.068,-0.068,14743.402,-13269.062,3197.672,-2877.905,0.000,0.148,-8.610,0.000,-0.125,-7.277
2.767,0.131,-10.491,19.571,0.017,-0.017,0.068,-0.068,14748.731,-13273.858,3197.672,-2877.905,0.000,0.149,-8.615,0.000,-0.126,-7.281
2.768,0.137,-10.446,19.593,0.017,-0.017,0.068,-0.068,14754.061,-13278.655,3197.672,-2877.905,0.000,0.150,-8.620,0.000,-0.127,-7.286
2.769,0.141,-10.400,19.616,0.017,-0.017,0.068,-0.068,14759.390,-13283.451,3197.672,-2877.905,0.000,0.151,-8.625,0.000,-0.127,-7.290
2.770,0.143,-10.355,19.639,0.018,-0.018,0.068,-0.068,14764.720,-13288.248,3197.672,-2877.905,0.000,0.151,-8.629,0.000,-0.128,-7.294
2.771,0.143,-10.309,19.662,0.018,-0.018,0.068,-0.068,14770.049,-13293.044,3197.672,-2877.905,0.000,0.152,-8.634,0.000,-0.128,-7.299
2.772,0.141,-10.264,19.685,0.018,-0.018,0.068,-0.068,14775.379,-13297.841,3197.672,-2877.905,0.000,0.153,-8.639,0.000,-0.129,-7.303
2.773,0.136,-10.218,19.709,0.018,-0.018,0.068,-0.068,14780.708,-13302.637,3197.672,-2877.905,0.000,0.153,-8.644,0.000,-0.130,-7.307
2.774,0.130,-10.173,19.732,0.018,-0.018,0.068,-0.068,14786.037,-13307.434,3197.672,-2877.905,0.000,0.154,-8.649,0.000,-0.130,-7.312
2.775,0.121,-10.127,19.755,0.018,-0.018,0.068,-0.068,14791.367,-13312.230,3197.672,-2877.905,0.000,0.155,-8.653,0.000,-0.131,-7.316
2.776,0.111,-10.082,19.778,0.018,-0.018,0.068,-0.068,14796.696,-13317.027,3197.672,-2877.905,0.000,0.155,-8.658,0.000,-0.131,-7.320
2.777,0.098,-10.037,19.801,0.018,-0.018,0.068,-0.068,14802.026,-13321.823,3197.672,-2877.905,0.000,0.156,-8.663,0.000,-0.132,-7.325
2.778,0.084,-9.993,19.824,0.018,-0.018,0.068,-0.068,14807.355,-13326.620,3197.672,-2877.905,0.000,0.157,-8.668,0.000,-0.133,-7.329
2.779,0.067,-9.948,19.846,0.018,-0.018,0.068,-0.068,14812.685,-13331.416,3197.672,-2877.905,0.000,0.157,-8.673,0.000,-0.133,-7.333
2.780,0.048,-9.904,19.869,0.018,-0.018,0.068,-0.068,14818.014,-13336.213,3197.672,-2877.905,0.000,0.158,-8.677,0.000,-0.134,-7.338
2.781,0.028,-9.860,19.891,0.018,-0.018,0.068,-0.068,14823.344,-13341.009,3197.672,-2877.905,0.000,0.159,-8.682,0.000,-0.134,-7.342
2.782,0.005,-9.817,19.914,0.018,-0.018,0.068,-0.068,14828.673,-13345.806,3197.672,-2877.905,0.000,0.159,-8.687,0.000,-0.135,-7.346
2.783,-0.020,-9.774,19.936,0.018,-0.018,0.068,-0.068,14834.003,-13350.602,3197.672,-2877.905,0.000,0.160,-8.692,0.000,-0.135,-7.351
2.784,-0.047,-9.732,19.957,0.018,-0.018,0.068,-0.068,14839.332,-13355.399,3197.672,-2877.905,0.000,0.161,-8.697,0.000,-0.136,-7.355
2.785,-0.076,-9.690,19.979,0.019,-0.019,0.068,-0.068,14844.661,-13360.195,3197.672,-2877.905,0.000,0.162,-8.701,0.000,-0.137,-7.359
2.786,-0.107,-9.649,20.000,0.019,-0.019,0.068,-0.068,14849.991,-13364.992,3197.672,-2877.905,0.000,0.162,-8.706,0.000,-0.137,-7.364
2.787,-0.139,-9.608,20.021,0.019,-0.019,0.068,-0.068,14855.320,-13369.788,3197.672,-2877.905,0.000,0.163,-8.711,0.000,-0.138,-7.368
2.788,-0.174,-9.568,20.042,0.019,-0.019,0.068,-0.068,14860.650,-13374.585,3197.672,-2877.905,0.000,0.164,-8.716,0.000,-0.138,-7.372
2.789,-0.211,-9.529,20.062,0.019,-0.019,0.068,-0.068,14865.979,-13379.381,3197.672,-2877.905,0.000,0.164,-8.721,0.000,-0.139,-7.377
2.790,-0.249,-9.490,20.082,0.019,-0.019,0.068,-0.068,14871.309,-13384.178,3197.672,-2877.905,0.000,0.165,-8.726,0.000,-0.140,-7.381
2.791,-0.290,-9.453,20.102,0.019,-0.019,0.068,-0.068,14876.638,-13388.974,3197.672,-2877.905,0.000,0.166,-8.730,0.000,-0.140,-7.385
2.792,-0.332,-9.416,20.121,0.019,-0.019,0.068,-0.068,14881.968,-13393.771,3197.672,-2877.905,0.000,0.166,-8.735,0.000,-0.141,-7.390
2.793,-0.377,-9.379,20.139,0.019,-0.019,0.068,-0.068,14887.297,-13398.567,3197.672,-2877.905,0.000,0.167,-8.740,0.000,-0.141,-7.394
2.794,-0.423,-9.344,20.158,0.019,-0.019,0.068,-0.068,14892.627,-13403.364,3197.672,-2877.905,0.000,0.168,-8.745,0.000,-0.142,-7.398
2.795,-0.471,-9.310,20.176,0.019,-0.019,0.068,-0.068,14897.956,-13408.160,3197.672,-2877.905,0.000,0.169,-8.750,0.000,-0.143,-7.403
2.796,-0.521,-9.277,20.193,0.019,-0.019,0.068,-0.068,14903.285,-13412.957,3197.672,-2877.905,0.000,0.169,-8.754,0.000,-0.143,-7.407
2.797,-0.572,-9.244,20.210,0.019,-0.019,0.068,-0.068,14908.615,-13417.753,3197.672,-2877.905,0.000,0.170,-8.759,0.000,-0.144,-7.411
2.798,-0.626,-9.213,20.226,0.019,-0.019,0.068,-0.068,14913.944,-13422.550,3197.672,-2877.905,0.000,0.171,-8.764,0.000,-0.144,-7.415
2.799,-0.681,-9.183,20.242,0.020,-0.020,0.068,-0.068,14919.274,-13427.346,3197.672,-2877.905,0.000,0.171,-8.769,0.000,-0.145,-7.420
2.800,-0.737,-9.154,20.257,0.020,-0.020,0.068,-0.068,14924.603,-13432.143,3197.672,-2877.905,0.000,0.172,-8.774,0.000,-0.146,-7.424
2.801,-0.796,-9.126,20.272,0.020,-0.020,0.068,-0.068,14929.933,-13436.939,3197.672,-2877.905,0.000,0.173,-8.778,0.000,-0.146,-7.428
2.802,-0.856,-9.099,20.286,0.020,-0.020,0.068,-0.068,14935.262,-13441.736,3197.672,-2877.905,0.000,0.174,-8.783,0.000,-0.147,-7.433
2.803,-0.918,-9.074,20.300,0.020,-0.020,0.068,-0.068,14940.592,-13446.532,3197.672,-2877.905,0.000,0.174,-8.788,0.000,-0.147,-7.437
2.804,-0.981,-9.049,20.313,0.020,-0.020,0.068,-0.068,14945.921,-13451.329,3197.672,-2877.905,0.000,0.175,-8.793,0.000,-0.148,-7.441
2.805,-1.046,-9.026,20.325,0.020,-0.020,0.068,-0.068,14951.251,-13456.126,3197.672,-2877.905,0.000,0.176,-8.798,0.000,-0.149,-7.446
2.806,-1.112,-9.005,20.337,0.020,-0.020,0.068,-0.068,14956.580,-13460.922,3197.672,-2877.905,0.000,0.176,-8.802,0.000,-0.149,-7.450
2.807,-1.180,-8.984,20.348,0.020,-0.020,0.068,-0.068,14961.909,-13465.719,3197.672,-2877.905,0.000,0.177,-8.807,0.000,-0.150,-7.454
2.808,-1.249,-8.965,20.358,0.020,-0.020,0.068,-0.068,14967.239,-13470.515,3197.672,-2877.905,0.000,0.178,-8.812,0.000,-0.150,-7.459
2.809,-1.320,-8.948,20.368,0.020,-0.020,0.068,-0.068,14972.568,-13475.312,3197.672,-2877.905,0.000,0.178,-8.817,0.000,-0.151,-7.463
2.810,-1.392,-8.932,20.377,0.020,-0.020,0.068,-0.068,14977.898,-13480.108,3197.672,-2877.905,0.000,0.179,-8.822,0.000,-0.152,-7.467
2.811,-1.465,-8.917,20.385,0.020,-0.020,0.068,-0.068,14983.227,-13484.905,3197.672,-2877.905,0.000,0.180,-8.826,0.000,-0.152,-7.472
2.812,-1.540,-8.904,20.392,0.020,-0.020,0.068,-0.068,14988.557,-13489.701,3197.672,-2877.905,0.000,0.181,-8.831,0.000,-0.153,-7.476
2.813,-1.615,-8.892,20.399,0.021,-0.021,0.068,-0.068,14993.886,-13494.498,3197.672,-2877.905,0.000,0.181,-8.836,0.000,-0.154,-7.480
2.814,-1.692,-8.882,20.405,0.021,-0.021,0.068,-0.068,14999.216,-13499.294,3197.672,-2877.905,0.000,0.182,-8.841,0.000,-0.154,-7.485
2.815,-1.771,-8.874,20.410,0.021,-0.021,0.068,-0.068,15004.545,-13504.091,3197.672,-2877.905,0.000,0.183,-8.846,0.000,-0.155,-7.489
2.816,-1.850,-8.867,20.414,0.021,-0.021,0.068,-0.068,15009.875,-13508.887,3197.672,-2877.905,0.000,0.183,-8.850,0.000,-0.155,-7.493
2.817,-1.930,-8.861,20.418,0.021,-0.021,0.068,-0.068,15015.204,-13513.684,3197.672,-2877.905,0.000,0.184,-8.855,0.000,-0.156,-7.498
2.818,-2.012,-8.858,20.420,0.021,-0.021,0.068,-0.068,15020.533,-13518.480,3197.672,-2877.905,0.000,0.185,-8.860,0.000,-0.157,-7.502
2.819,-2.094,-8.856,20.422,0.021,-0.021,0.068,-0.068,15025.863,-13523.277,3197.672,-2877.905,0.000,0.186,-8.865,0.000,-0.157,-7.506
2.820,-2.177,-8.855,20.423,0.021,-0.021,0.068,-0.068,15031.192,-13528.073,3197.672,-2877.905,0.000,0.186,-8.870,0.000,-0.158,-7.511
2.821,-2.262,-8.857,20.423,0.021,-0.021,0.068,-0.068,15036.522,-13532.870,3197.672,-2877.905,0.000,0.187,-8.875,0.000,-0.158,-7.515
2.822,-2.347,-8.860,20.422,0.021,-0.021,0.068,-0.068,15041.851,-13537.666,3197.672,-2877.905,0.000,0.188,-8.879,0.000,-0.159,-7.519
2.823,-2.432,-8.864,20.420,0.021,-0.021,0.068,-0.068,15047.181,-13542.463,3197.672,-2877.905,0.000,0.189,-8.884,0.000,-0.160,-7.524
2.824,-2.519,-8.871,20.417,0.021,-0.021,0.068,-0.068,15052.510,-13547.259,3197.672,-2877.905,0.000,0.189,-8.889,0.000,-0.160,-7.528
2.825,-2.606,-8.879,20.414,0.021,-0.021,0.068,-0.068,15057.840,-13552.056,3197.672,-2877.905,0.000,0.190,-8.894,0.000,-0.161,-7.532
2.826,-2.694,-8.889,20.409,0.021,-0.021,0.068,-0.068,15063.169,-13556.852,3197.672,-2877.905,0.000,0.191,-8.899,0.000,-0.162,-7.537
2.827,-2.783,-8.901,20.403,0.021,-0.021,0.068,-0.068,15068.499,-13561.649,3197.672,-2877.905,0.000,0.191,-8.903,0.000,-0.162,-7.541
2.828,-2.872,-8.914,20.397,0.022,-0.022,0.068,-0.068,15073.828,-13566.445,3197.672,-2877.905,0.000,0.192,-8.908,0.000,-0.163,-7.545
2.829,-2.961,-8.930,20.389,0.022,-0.022,0.068,-0.068,15079.157,-13571.242,3197.672,-2877.905,0.000,0.193,-8.913,0.000,-0.163,-7.550
2.830,-3.051,-8.947,20.380,0.022,-0.022,0.068,-0.068,15084.487,-13576.038,3197.672,-2877.905,0.000,0.194,-8.918,0.000,-0.164,-7.554
2.831,-3.141,-8.966,20.371,0.022,-0.022,0.068,-0.068,15089.816,-13580.835,3197.672,-2877.905,0.000,0.194,-8.923,0.000,-0.165,-7.558
2.832,-3.232,-8.987,20.360,0.022,-0.022,0.068,-0.068,15095.146,-13585.631,3197.672,-2877.905,0.000,0.195,-8.927,0.000,-0.165,-7.563
2.833,-3.322,-9.009,20.348,0.022,-0.022,0.068,-0.068,15100.475,-13590.428,3197.672,-2877.905,0.000,0.196,-8.932,0.000,-0.166,-7.567
2.834,-3.413,-9.033,20.335,0.022,-0.022,0.068,-0.068,15105.805,-13595.224,3197.672,-2877.905,0.000,0.197,-8.937,0.000,-0.166,-7.571
2.835,-3.504,-9.060,20.321,0.022,-0.022,0.068,-0.068,15111.134,-13600.021,3197.672,-2877.905,0.000,0.197,-8.942,0.000,-0.167,-7.576
2.836,-3.595,-9.088,20.306,0.022,-0.022,0.068,-0.068,15116.464,-13604.817,3197.672,-2877.905,0.000,0.198,-8.947,0.000,-0.168,-7.580
2.837,-3.687,-9.117,20.290,0.022,-0.022,0.068,-0.068,15121.793,-13609.614,3197.672,-2877.905,0.000,0.199,-8.951,0.000,-0.168,-7.584
2.838,-3.778,-9.149,20.273,0.022,-0.022,0.068,-0.068,15127.123,-13614.410,3197.672,-2877.905,0.000,0.199,-8.956,0.000,-0.169,-7.589
2.839,-3.869,-9.182,20.254,0.022,-0.022,0.068,-0.068,15132.452,-13619.207,3197.672,-2877.905,0.000,0.200,-8.961,0.000,-0.170,-7.593
2.840,-3.960,-9.217,20.235,0.022,-0.022,0.068,-0.068,15137.781,-13624.003,3197.672,-2877.905,0.000,0.201,-8.966,0.000,-0.170,-7.597
2.841,-4.050,-9.254,20.214,0.022,-0.022,0.068,-0.068,15143.111,-13628.800,3197.672,-2877.905,0.000,0.202,-8.971,0.000,-0.171,-7.601
2.842,-4.141,-9.293,20.192,0.023,-0.023,0.068,-0.068,15148.440,-13633.596,3197.672,-2877.905,0.000,0.202,-8.975,0.000,-0.172,-7.606
2.843,-4.231,-9.333,20.169,0.023,-0.023,0.068,-0.068,15153.770,-13638.393,3197.672,-2877.905,0.000,0.203,-8.980,0.000,-0.172,-7.610
2.844,-4.320,-9.376,20.145,0.023,-0.023,0.068,-0.068,15159.099,-13643.189,3197.672,-2877.905,0.000,0.204,-8.985,0.000,-0.173,-7.614
2.845,-4.409,-9.419,20.119,0.023,-0.023,0.068,-0.068,15164.429,-13647.986,3197.672,-2877.905,0.000,0.205,-8.990,0.000,-0.173,-7.619
2.846,-4.498,-9.465,20.093,0.023,-0.023,0.068,-0.068,15169.758,-13652.782,3197.672,-2877.905,0.000,0.205,-8.995,0.000,-0.174,-7.623
2.847,-4.586,-9.512,20.065,0.023,-0.023,0.068,-0.068,15175.088,-13657.579,3197.672,-2877.905,0.000,0.206,-8.999,0.000,-0.175,-7.627
2.848,-4.673,-9.561,20.036,0.023,-0.023,0.068,-0.068,15180.417,-13662.375,3197.672,-2877.905,0.000,0.207,-9.004,0.000,-0.175,-7.632
2.849,-4.760,-9.612,20.005,0.023,-0.023,0.068,-0.068,15185.747,-13667.172,3197.672,-2877.905,0.000,0.208,-9.009,0.000,-0.176,-7.636
2.850,-4.845,-9.664,19.973,0.023,-0.023,0.068,-0.068,15191.076,-13671.968,3197.672,-2877.905,0.000,0.208,-9.014,0.000,-0.177,-7.640
2.851,-4.930,-9.718,19.941,0.023,-0.023,0.068,-0.068,15196.405,-13676.765,3197.672,-2877.905,0.000,0.209,-9.019,0.000,-0.177,-7.645
2.852,-5.014,-9.774,19.906,0.023,-0.023,0.068,-0.068,15201.735,-13681.561,3197.672,-2877.905,0.000,0.210,-9.023,0.000,-0.178,-7.649
2.853,-5.097,-9.831,19.871,0.023,-0.023,0.068,-0.068,15207.064,-13686.358,3197.672,-2877.905,0.000,0.211,-9.028,0.000,-0.178,-7.653
2.854,-5.179,-9.889,19.834,0.023,-0.023,0.068,-0.068,15212.394,-13691.154,3197.672,-2877.905,0.000,0.211,-9.033,0.000,-0.179,-7.658
2.855,-5.260,-9.949,19.796,0.023,-0.023,0.068,-0.068,15217.723,-13695.951,3197.672,-2877.905,0.000,0.212,-9.038,0.000,-0.180,-7.662
2.856,-5.340,-10.011,19.757,0.024,-0.024,0.068,-0.068,15223.053,-13700.747,3197.672,-2877.905,0.000,0.213,-9.043,0.000,-0.180,-7.666
2.857,-5.418,-10.074,19.716,0.024,-0.024,0.068,-0.068,15228.382,-13705.544,3197.672,-2877.905,0.000,0.213,-9.047,0.000,-0.181,-7.671
2.858,-5.495,-10.138,19.674,0.024,-0.024,0.068,-0.068,15233.712,-13710.340,3197.672,-2877.905,0.000,0.214,-9.052,0.000,-0.182,-7.675
2.859,-5.571,-10.204,19.631,0.024,-0.024,0.068,-0.068,15239.041,-13715.137,3197.672,-2877.905,0.000,0.215,-9.057,0.000,-0.182,-7.679
2.860,-5.645,-10.271,19.587,0.024,-0.024,0.068,-0.068,15244.371,-13719.933,3197.672,-2877.905,0.000,0.216,-9.062,0.000,-0.183,-7.684
2.861,-5.718,-10.339,19.541,0.024,-0.024,0.068,-0.068,15249.700,-13724.730,3197.672,-2877.905,0.000,0.216,-9.067,0.000,-0.184,-7.688
2.862,-5.789,-10.409,19.494,0.024,-0.024,0.068,-0.068,15255.029,-13729.526,3197.672,-2877.905,0.000,0.217,-9.072,0.000,-0.184,-7.692
2.863,-5.859,-10.479,19.446,0.024,-0.024,0.068,-0.068,15260.359,-13734.323,3197.672,-2877.905,0.000,0.218,-9.076,0.000,-0.185,-7.697
2.864,-5.927,-10.551,19.396,0.024,-0.024,0.068,-0.068,15265.688,-13739.120,3197.672,-2877.905,0.000,0.219,-9.081,0.000,-0.185,-7.701
2.865,-5.993,-10.625,19.345,0.024,-0.024,0.068,-0.068,15271.018,-13743.916,3197.672,-2877.905,0.000,0.219,-9.086,0.000,-0.186,-7.705
2.866,-6.058,-10.699,19.293,0.024,-0.024,0.068,-0.068,15276.347,-13748.713,3197.672,-2877.905,0.000,0.220,-9.091,0.000,-0.187,-7.710
2.867,-6.120,-10.774,19.240,0.024,-0.024,0.068,-0.068,15281.677,-13753.509,3197.672,-2877.905,0.000,0.221,-9.096,0.000,-0.187,-7.714
2.868,-6.181,-10.850,19.185,0.024,-0.024,0.068,-0.068,15287.006,-13758.306,3197.672,-2877.905,0.000,0.222,-9.100,0.000,-0.188,-7.718
2.869,-6.239,-10.927,19.129,0.024,-0.024,0.068,-0.068,15292.336,-13763.102,3197.672,-2877.905,0.000,0.222,-9.105,0.000,-0.189,-7.723
2.870,-6.296,-11.005,19.072,0.024,-0.024,0.068,-0.068,15297.665,-13767.899,3197.672,-2877.905,0.000,0.223,-9.110,0.000,-0.189,-7.727
2.871,-6.350,-11.084,19.014,0.025,-0.025,0.068,-0.068,15302.995,-13772.695,3197.672,-2877.905,0.000,0.224,-9.115,0.000,-0.190,-7.731
2.872,-6.403,-11.164,18.954,0.025,-0.025,0.068,-0.068,15308.324,-13777.492,3197.672,-2877.905,0.000,0.225,-9.120,0.000,-0.191,-7.736
2.873,-6.453,-11.244,18.894,0.025,-0.025,0.068,-0.068,15313.653,-13782.288,3197.672,-2877.905,0.000,0.225,-9.124,0.000,-0.191,-7.740
2.874,-6.501,-11.326,18.832,0.025,-0.025,0.068,-0.068,15318.983,-13787.085,3197.672,-2877.905,0.000,0.226,-9.129,0.000,-0.192,-7.744
2.875,-6.546,-11.407,18.769,0.025,-0.025,0.068,-0.068,15324.312,-13791.881,3197.672,-2877.905,0.000,0.227,-9.134,0.000,-0.193,-7.749
2.876,-6.589,-11.490,18.705,0.025,-0.025,0.068,-0.068,15329.642,-13796.678,3197.672,-2877.905,0.000,0.228,-9.139,0.000,-0.193,-7.753
2.877,-6.630,-11.573,18.639,0.025,-0.025,0.068,-0.068,15334.971,-13801.474,3197.672,-2877.905,0.000,0.229,-9.144,0.000,-0.194,-7.757
2.878,-6.668,-11.656,18.573,0.025,-0.025,0.068,-0.068,15340.301,-13806.271,3197.672,-2877.905,0.000,0.229,-9.148,0.000,-0.195,-7.761
2.879,-6.704,-11.740,18.506,0.025,-0.025,0.068,-0.068,15345.630,-13811.067,3197.672,-2877.905,0.000,0.230,-9.153,0.000,-0.195,-7.766
2.880,-6.737,-11.824,18.438,0.025,-0.025,0.068,-0.068,15350.960,-13815.864,3197.672,-2877.905,0.000,0.231,-9.158,0.000,-0.196,-7.770
2.881,-6.767,-11.909,18.368,0.025,-0.025,0.068,-0.068,15356.289,-13820.660,3197.672,-2877.905,0.000,0.232,-9.163,0.000,-0.196,-7.774
2.882,-6.795,-11.993,18.298,0.025,-0.025,0.068,-0.068,15361.619,-13825.457,3197.672,-2877.905,0.000,0.232,-9.168,0.000,-0.197,-7.779
2.883,-6.820,-12.078,18.227,0.025,-0.025,0.068,-0.068,15366.948,-13830.253,3197.672,-2877.905,0.000,0.233,-9.172,0.000,-0.198,-7.783
2.884,-6.843,-12.163,18.155,0.025,-0.025,0.068,-0.068,15372.277,-13835.050,3197.672,-2877.905,0.000,0.234,-9.177,0.000,-0.198,-7.787
2.885,-6.862,-12.248,18.082,0.026,-0.026,0.068,-0.068,15377.607,-13839.846,3197.672,-2877.905,0.000,0.235,-9.182,0.000,-0.199,-7.792
2.886,-6.879,-12.334,18.008,0.026,-0.026,0.068,-0.068,15382.936,-13844.643,3197.672,-2877.905,0.000,0.235,-9.187,0.000,-0.200,-7.796
2.887,-6.893,-12.419,17.933,0.026,-0.026,0.068,-0.068,15388.266,-13849.439,3197.672,-2877.905,0.000,0.236,-9.192,0.000,-0.200,-7.800
2.888,-6.904,-12.504,17.858,0.026,-0.026,0.068,-0.068,15393.595,-13854.236,3197.672,-2877.905,0.000,0.237,-9.196,0.000,-0.201,-7.805
2.889,-6.912,-12.588,17.782,0.026,-0.026,0.068,-0.068,15398.925,-13859.032,3197.672,-2877.905,0.000,0.238,-9.201,0.000,-0.202,-7.809
2.890,-6.917,-12.673,17.705,0.026,-0.026,0.068,-0.068,15404.254,-13863.829,3197.672,-2877.905,0.000,0.238,-9.206,0.000,-0.202,-7.813
2.891,-6.919,-12.757,17.628,0.026,-0.026,0.068,-0.068,15409.584,-13868.625,3197.672,-2877.905,0.000,0.239,-9.211,0.000,-0.203,-7.818
2.892,-6.918,-12.841,17.550,0.026,-0.026,0.068,-0.068,15414.913,-13873.422,3197.672,-2877.905,0.000,0.240,-9.216,0.000,-0.204,-7.822
2.893,-6.914,-12.925,17.472,0.026,-0.026,0.068,-0.068,15420.243,-13878.218,3197.672,-2877.905,0.000,0.241,-9.220,0.000,-0.204,-7.826
2.894,-6.907,-13.008,17.393,0.026,-0.026,0.068,-0.068,15425.572,-13883.015,3197.672,-2877.905,0.000,0.242,-9.225,0.000,-0.205,-7.831
2.895,-6.897,-13.091,17.314,0.026,-0.026,0.068,-0.068,15430.901,-13887.811,3197.672,-2877.905,0.000,0.242,-9.230,0.000,-0.206,-7.835
2.896,-6.883,-13.173,17.235,0.026,-0.026,0.068,-0.068,15436.231,-13892.608,3197.672,-2877.905,0.000,0.243,-9.235,0.000,-0.206,-7.839
2.897,-6.867,-13.254,17.155,0.026,-0.026,0.068,-0.068,15441.560,-13897.404,3197.672,-2877.905,0.000,0.244,-9.240,0.000,-0.207,-7.844
2.898,-6.848,-13.335,17.075,0.026,-0.026,0.068,-0.068,15446.890,-13902.201,3197.672,-2877.905,0.000,0.245,-9.244,0.000,-0.208,-7.848
2.899,-6.825,-13.415,16.995,0.027,-0.027,0.068,-0.068,15452.219,-13906.997,3197.672,-2877.905,0.000,0.245,-9.249,0.000,-0.208,-7.852
2.900,-6.800,-13.494,16.914,0.027,-0.027,0.068,-0.068,15457.549,-13911.794,3197.672,-2877.905,0.000,0.246,-9.254,0.000,-0.209,-7.857
2.901,-6.771,-13.573,16.834,0.027,-0.027,0.068,-0.068,15462.878,-13916.590,3197.672,-2877.905,0.000,0.247,-9.259,0.000,-0.210,-7.861
2.902,-6.739,-13.650,16.753,0.027,-0.027,0.068,-0.068,15468.208,-13921.387,3197.672,-2877.905,0.000,0.248,-9.264,0.000,-0.210,-7.865
2.903,-6.704,-13.727,16.673,0.027,-0.027,0.068,-0.068,15473.537,-13926.183,3197.672,-2877.905,0.000,0.248,-9.268,0.000,-0.211,-7.870
2.904,-6.666,-13.802,16.593,0.027,-0.027,0.068,-0.068,15478.867,-13930.980,3197.672,-2877.905,0.000,0.249,-9.273,0.000,-0.212,-7.874
2.905,-6.624,-13.877,16.513,0.027,-0.027,0.068,-0.068,15484.196,-13935.776,3197.672,-2877.905,0.000,0.250,-9.278,0.000,-0.212,-7.878
2.906,-6.580,-13.950,16.433,0.027,-0.027,0.068,-0.068,15489.525,-13940.573,3197.672,-2877.905,0.000,0.251,-9.283,0.000,-0.213,-7.882
2.907,-6.533,-14.023,16.353,0.027,-0.027,0.068,-0.068,15494.855,-13945.369,3197.672,-2877.905,0.000,0.252,-9.288,0.000,-0.214,-7.887
2.908,-6.482,-14.094,16.274,0.027,-0.027,0.068,-0.068,15500.184,-13950.166,3197.672,-2877.905,0.000,0.252,-9.292,0.000,-0.214,-7.891
2.909,-6.428,-14.163,16.196,0.027,-0.027,0.068,-0.068,15505.514,-13954.962,3197.672,-2877.905,0.000,0.253,-9.297,0.000,-0.215,-7.895
2.910,-6.372,-14.232,16.117,0.027,-0.027,0.068,-0.068,15510.843,-13959.759,3197.672,-2877.905,0.000,0.254,-9.302,0.000,-0.216,-7.900
2.911,-6.312,-14.299,16.040,0.027,-0.027,0.068,-0.068,15516.173,-13964.555,3197.672,-2877.905,0.000,0.255,-9.307,0.000,-0.216,-7.904
2.912,-6.250,-14.365,15.963,0.027,-0.027,0.068,-0.068,15521.502,-13969.352,3197.672,-2877.905,0.000,0.255,-9.312,0.000,-0.217,-7.908
2.913,-6.185,-14.429,15.887,0.028,-0.028,0.068,-0.068,15526.832,-13974.148,3197.672,-2877.905,0.000,0.256,-9.316,0.000,-0.218,-7.913
2.914,-6.116,-14.492,15.811,0.028,-0.028,0.068,-0.068,15532.161,-13978.945,3197.672,-2877.905,0.000,0.257,-9.321,0.000,-0.218,-7.917
2.915,-6.045,-14.553,15.737,0.028,-0.028,0.068,-0.068,15537.491,-13983.741,3197.672,-2877.905,0.000,0.258,-9.326,0.000,-0.219,-7.921
2.916,-5.971,-14.613,15.663,0.028,-0.028,0.068,-0.068,15542.820,-13988.538,3197.672,-2877.905,0.000,0.259,-9.331,0.000,-0.220,-7.926
2.917,-5.895,-14.671,15.590,0.028,-0.028,0.068,-0.068,15548.149,-13993.334,3197.672,-2877.905,0.000,0.259,-9.336,0.000,-0.220,-7.930
2.918,-5.815,-14.728,15.518,0.028,-0.028,0.068,-0.068,15553.479,-13998.131,3197.672,-2877.905,0.000,0.260,-9.340,0.000,-0.221,-7.934
2.919,-5.733,-14.782,15.448,0.028,-0.028,0.068,-0.068,15558.808,-14002.927,3197.672,-2877.905,0.000,0.261,-9.345,0.000,-0.222,-7.939
2.920,-5.649,-14.836,15.378,0.028,-0.028,0.068,-0.068,15564.138,-14007.724,3197.672,-2877.905,0.000,0.262,-9.350,0.000,-0.222,-7.943
2.921,-5.561,-14.887,15.310,0.028,-0.028,0.068,-0.068,15569.467,-14012.521,3197.672,-2877.905,0.000,0.263,-9.355,0.000,-0.223,-7.947
2.922,-5.472,-14.937,15.243,0.028,-0.028,0.068,-0.068,15574.797,-14017.317,3197.672,-2877.905,0.000,0.263,-9.360,0.000,-0.224,-7.952
2.923,-5.380,-14.985,15.178,0.028,-0.028,0.068,-0.068,15580.126,-14022.114,3197.672,-2877.905,0.000,0.264,-9.364,0.000,-0.224,-7.956
2.924,-5.286,-15.031,15.114,0.028,-0.028,0.068,-0.068,15585.456,-14026.910,3197.672,-2877.905,0.000,0.265,-9.369,0.000,-0.225,-7.960
2.925,-5.189,-15.075,15.051,0.028,-0.028,0.068,-0.068,15590.785,-14031.707,3197.672,-2877.905,0.000,0.266,-9.374,0.000,-0.226,-7.965
2.926,-5.090,-15.118,14.990,0.028,-0.028,0.068,-0.068,15596.115,-14036.503,3197.672,-2877.905,0.000,0.267,-9.379,0.000,-0.226,-7.969
2.927,-4.989,-15.158,14.931,0.028,-0.028,0.068,-0.068,15601.444,-14041.300,3197.672,-2877.905,0.000,0.267,-9.384,0.000,-0.227,-7.973
2.928,-4.887,-15.197,14.873,0.029,-0.029,0.068,-0.068,15606.773,-14046.096,3197.672,-2877.905,0.000,0.268,-9.388,0.000,-0.228,-7.978
2.929,-4.782,-15.233,14.817,0.029,-0.029,0.068,-0.068,15612.103,-14050.893,3197.672,-2877.905,0.000,0.269,-9.393,0.000,-0.228,-7.982
2.930,-4.675,-15.268,14.763,0.029,-0.029,0.068,-0.068,15617.432,-14055.689,3197.672,-2877.905,0.000,0.270,-9.398,0.000,-0.229,-7.986
2.931,-4.567,-15.301,14.710,0.029,-0.029,0.068,-0.068,15622.762,-14060.486,3197.672,-2877.905,0.000,0.270,-9.403,0.000,-0.230,-7.991
2.932,-4.456,-15.332,14.659,0.029,-0.029,0.068,-0.068,15628.091,-14065.282,3197.672,-2877.905,0.000,0.271,-9.408,0.000,-0.231,-7.995
2.933,-4.345,-15.361,14.611,0.029,-0.029,0.068,-0.068,15633.421,-14070.079,3197.672,-2877.905,0.000,0.272,-9.412,0.000,-0.231,-7.999
2.934,-4.231,-15.387,14.564,0.029,-0.029,0.068,-0.068,15638.750,-14074.875,3197.672,-2877.905,0.000,0.273,-9.417,0.000,-0.232,-8.003
2.935,-4.117,-15.412,14.519,0.029,-0.029,0.068,-0.068,15644.080,-14079.672,3197.672,-2877.905,0.000,0.274,-9.422,0.000,-0.233,-8.008
2.936,-4.001,-15.435,14.476,0.029,-0.029,0.068,-0.068,15649.409,-14084.468,3197.672,-2877.905,0.000,0.274,-9.427,0.000,-0.233,-8.012
2.937,-3.884,-15.456,14.436,0.029,-0.029,0.068,-0.068,15654.739,-14089.265,3197.672,-2877.905,0.000,0.275,-9.432,0.000,-0.234,-8.016
2.938,-3.765,-15.474,14.397,0.029,-0.029,0.068,-0.068,15660.068,-14094.061,3197.672,-2877.905,0.000,0.276,-9.436,0.000,-0.235,-8.021
2.939,-3.646,-15.491,14.361,0.029,-0.029,0.068,-0.068,15665.397,-14098.858,3197.672,-2877.905,0.000,0.277,-9.441,0.000,-0.235,-8.025
2.940,-3.526,-15.505,14.326,0.029,-0.029,0.068,-0.068,15670.727,-14103.654,3197.672,-2877.905,0.000,0.278,-9.446,0.000,-0.236,-8.029
2.941,-3.405,-15.518,14.294,0.029,-0.029,0.068,-0.068,15676.056,-14108.451,3197.672,-2877.905,0.000,0.278,-9.451,0.000,-0.237,-8.034
2.942,-3.284,-15.528,14.265,0.030,-0.030,0.068,-0.068,15681.386,-14113.247,3197.672,-2877.905,0.000,0.279,-9.456,0.000,-0.237,-8.038
2.943,-3.162,-15.536,14.237,0.030,-0.030,0.068,-0.068,15686.715,-14118.044,3197.672,-2877.905,0.000,0.280,-9.460,0.000,-0.238,-8.042
2.944,-3.039,-15.543,14.212,0.030,-0.030,0.068,-0.068,15692.045,-14122.840,3197.672,-2877.905,0.000,0.281,-9.465,0.000,-0.239,-8.047
2.945,-2.916,-15.547,14.189,0.030,-0.030,0.068,-0.068,15697.374,-14127.637,3197.672,-2877.905,0.000,0.282,-9.470,0.000,-0.239,-8.051
2.946,-2.793,-15.549,14.168,0.030,-0.030,0.068,-0.068,15702.704,-14132.433,3197.672,-2877.905,0.000,0.282,-9.475,0.000,-0.240,-8.055
2.947,-2.670,-15.549,14.150,0.030,-0.030,0.068,-0.068,15708.033,-14137.230,3197.672,-2877.905,0.000,0.283,-9.480,0.000,-0.241,-8.060
2.948,-2.547,-15.547,14.134,0.030,-0.030,0.068,-0.068,15713.362,-14142.026,3197.672,-2877.905,0.000,0.284,-9.484,0.000,-0.242,-8.064
2.949,-2.424,-15.543,14.120,0.030,-0.030,0.068,-0.068,15718.692,-14146.823,3197.672,-2877.905,0.000,0.285,-9.489,0.000,-0.242,-8.068
2.950,-2.301,-15.537,14.109,0.030,-0.030,0.068,-0.068,15724.021,-14151.619,3197.672,-2877.905,0.000,0.286,-9.494,0.000,-0.243,-8.073
2.951,-2.178,-15.529,14.100,0.030,-0.030,0.068,-0.068,15729.351,-14156.416,3197.672,-2877.905,0.000,0.287,-9.499,0.000,-0.244,-8.077
2.952,-2.056,-15.518,14.093,0.030,-0.030,0.068,-0.068,15734.680,-14161.212,3197.672,-2877.905,0.000,0.287,-9.504,0.000,-0.244,-8.081
2.953,-1.935,-15.506,14.088,0.030,-0.030,0.068,-0.068,15740.010,-14166.009,3197.672,-2877.905,0.000,0.288,-9.508,0.000,-0.245,-8.086
2.954,-1.814,-15.492,14.086,0.030,-0.030,0.068,-0.068,15745.339,-14170.805,3197.672,-2877.905,0.000,0.289,-9.513,0.000,-0.246,-8.090
2.955,-1.695,-15.476,14.087,0.030,-0.030,0.068,-0.068,15750.669,-14175.602,3197.672,-2877.905,0.000,0.290,-9.518,0.000,-0.246,-8.094
2.956,-1.576,-15.458,14.089,0.031,-0.031,0.068,-0.068,15755.998,-14180.398,3197.672,-2877.905,0.000,0.291,-9.523,0.000,-0.247,-8.098
2.957,-1.458,-15.438,14.094,0.031,-0.031,0.068,-0.068,15761.328,-14185.195,3197.672,-2877.905,0.000,0.291,-9.528,0.000,-0.248,-8.103
2.958,-1.341,-15.416,14.101,0.031,-0.031,0.068,-0.068,15766.657,-14189.991,3197.672,-2877.905,0.000,0.292,-9.532,0.000,-0.248,-8.107
2.959,-1.226,-15.392,14.110,0.031,-0.031,0.068,-0.068,15771.986,-14194.788,3197.672,-2877.905,0.000,0.293,-9.537,0.000,-0.249,-8.111
2.960,-1.112,-15.366,14.122,0.031,-0.031,0.068,-0.068,15777.316,-14199.584,3197.672,-2877.905,0.000,0.294,-9.542,0.000,-0.250,-8.116
2.961,-1.000,-15.338,14.136,0.031,-0.031,0.068,-0.068,15782.645,-14204.381,3197.672,-2877.905,0.000,0.295,-9.547,0.000,-0.251,-8.120
2.962,-0.889,-15.309,14.151,0.031,-0.031,0.068,-0.068,15787.975,-14209.177,3197.672,-2877.905,0.000,0.295,-9.552,0.000,-0.251,-8.124
2.963,-0.780,-15.278,14.169,0.031,-0.031,0.068,-0.068,15793.304,-14213.974,3197.672,-2877.905,0.000,0.296,-9.556,0.000,-0.252,-8.129
2.964,-0.673,-15.244,14.189,0.031,-0.031,0.068,-0.068,15798.634,-14218.770,3197.672,-2877.905,0.000,0.297,-9.561,0.000,-0.253,-8.133
2.965,-0.568,-15.210,14.212,0.031,-0.031,0.068,-0.068,15803.963,-14223.567,3197.672,-2877.905,0.000,0.298,-9.566,0.000,-0.253,-8.137
2.966,-0.465,-15.173,14.236,0.031,-0.031,0.068,-0.068,15809.293,-14228.363,3197.672,-2877.905,0.000,0.299,-9.571,0.000,-0.254,-8.142
2.967,-0.364,-15.135,14.262,0.031,-0.031,0.068,-0.068,15814.622,-14233.160,3197.672,-2877.905,0.000,0.300,-9.575,0.000,-0.255,-8.146
2.968,-0.265,-15.095,14.290,0.031,-0.031,0.068,-0.068,15819.952,-14237.956,3197.672,-2877.905,0.000,0.300,-9.580,0.000,-0.256,-8.150
2.969,-0.169,-15.053,14.320,0.031,-0.031,0.068,-0.068,15825.281,-14242.753,3197.672,-2877.905,0.000,0.301,-9.585,0.000,-0.256,-8.155
2.970,-0.075,-15.010,14.352,0.031,-0.031,0.068,-0.068,15830.610,-14247.549,3197.672,-2877.905,0.000,0.302,-9.590,0.000,-0.257,-8.159
2.971,0.016,-14.966,14.385,0.032,-0.032,0.068,-0.068,15835.940,-14252.346,3197.672,-2877.905,0.000,0.303,-9.595,0.000,-0.258,-8.163
2.972,0.105,-14.919,14.420,0.032,-0.032,0.068,-0.068,15841.269,-14257.142,3197.672,-2877.905,0.000,0.304,-9.599,0.000,-0.258,-8.168
2.973,0.191,-14.872,14.457,0.032,-0.032,0.068,-0.068,15846.599,-14261.939,3197.672,-2877.905,0.000,0.304,-9.604,0.000,-0.259,-8.172
2.974,0.274,-14.823,14.496,0.032,-0.032,0.068,-0.068,15851.928,-14266.735,3197.672,-2877.905,0.000,0.305,-9.609,0.000,-0.260,-8.176
2.975,0.354,-14.772,14.536,0.032,-0.032,0.068,-0.068,15857.258,-14271.532,3197.672,-2877.905,0.000,0.306,-9.614,0.000,-0.260,-8.181
2.976,0.431,-14.720,14.577,0.032,-0.032,0.068,-0.068,15862.587,-14276.328,3197.672,-2877.905,0.000,0.307,-9.619,0.000,-0.261,-8.185
2.977,0.505,-14.667,14.620,0.032,-0.032,0.068,-0.068,15867.917,-14281.125,3197.672,-2877.905,0.000,0.308,-9.623,0.000,-0.262,-8.189
2.978,0.575,-14.613,14.665,0.032,-0.032,0.068,-0.068,15873.246,-14285.922,3197.672,-2877.905,0.000,0.309,-9.628,0.000,-0.263,-8.193
2.979,0.643,-14.557,14.710,0.032,-0.032,0.068,-0.068,15878.576,-14290.718,3197.672,-2877.905,0.000,0.309,-9.633,0.000,-0.263,-8.198
2.980,0.707,-14.500,14.757,0.032,-0.032,0.068,-0.068,15883.905,-14295.515,3197.672,-2877.905,0.000,0.310,-9.638,0.000,-0.264,-8.202
2.981,0.768,-14.442,14.805,0.032,-0.032,0.068,-0.068,15889.234,-14300.311,3197.672,-2877.905,0.000,0.311,-9.643,0.000,-0.265,-8.206
2.982,0.825,-14.383,14.854,0.032,-0.032,0.068,-0.068,15894.564,-14305.108,3197.672,-2877.905,0.000,0.312,-9.647,0.000,-0.265,-8.211
2.983,0.879,-14.323,14.905,0.032,-0.032,0.068,-0.068,15899.893,-14309.904,3197.672,-2877.905,0.000,0.313,-9.652,0.000,-0.266,-8.215
2.984,0.929,-14.263,14.956,0.032,-0.032,0.068,-0.068,15905.223,-14314.701,3197.672,-2877.905,0.000,0.314,-9.657,0.000,-0.267,-8.219
2.985,0.976,-14.201,15.008,0.033,-0.033,0.068,-0.068,15910.552,-14319.497,3197.672,-2877.905,0.000,0.314,-9.662,0.000,-0.268,-8.224
2.986,1.019,-14.138,15.061,0.033,-0.033,0.068,-0.068,15915.882,-14324.294,3197.672,-2877.905,0.000,0.315,-9.667,0.000,-0.268,-8.228
2.987,1.058,-14.075,15.115,0.033,-0.033,0.068,-0.068,15921.211,-14329.090,3197.672,-2877.905,0.000,0.316,-9.671,0.000,-0.269,-8.232
2.988,1.093,-14.011,15.169,0.033,-0.033,0.068,-0.068,15926.541,-14333.887,3197.672,-2877.905,0.000,0.317,-9.676,0.000,-0.270,-8.237
2.989,1.125,-13.946,15.224,0.033,-0.033,0.068,-0.068,15931.870,-14338.683,3197.672,-2877.905,0.000,0.318,-9.681,0.000,-0.270,-8.241
2.990,1.153,-13.881,15.280,0.033,-0.033,0.068,-0.068,15937.200,-14343.480,3197.672,-2877.905,0.000,0.319,-9.686,0.000,-0.271,-8.245
2.991,1.177,-13.815,15.336,0.033,-0.033,0.068,-0.068,15942.529,-14348.276,3197.672,-2877.905,0.000,0.319,-9.691,0.000,-0.272,-8.250
2.992,1.196,-13.749,15.392,0.033,-0.033,0.068,-0.068,15947.858,-14353.073,3197.672,-2877.905,0.000,0.320,-9.695,0.000,-0.273,-8.254
2.993,1.212,-13.682,15.449,0.033,-0.033,0.068,-0.068,15953.188,-14357.869,3197.672,-2877.905,0.000,0.321,-9.700,0.000,-0.273,-8.258
2.994,1.224,-13.615,15.506,0.033,-0.033,0.068,-0.068,15958.517,-14362.666,3197.672,-2877.905,0.000,0.322,-9.705,0.000,-0.274,-8.263
2.995,1.232,-13.548,15.563,0.033,-0.033,0.068,-0.068,15963.847,-14367.462,3197.672,-2877.905,0.000,0.323,-9.710,0.000,-0.275,-8.267
2.996,1.236,-13.481,15.621,0.033,-0.033,0.068,-0.068,15969.176,-14372.259,3197.672,-2877.905,0.000,0.324,-9.715,0.000,-0.275,-8.271
2.997,1.236,-13.413,15.678,0.033,-0.033,0.068,-0.068,15974.506,-14377.055,3197.672,-2877.905,0.000,0.324,-9.719,0.000,-0.276,-8.275
2.998,1.232,-13.346,15.736,0.033,-0.033,0.068,-0.068,15979.835,-14381.852,3197.672,-2877.905,0.000,0.325,-9.724,0.000,-0.277,-8.280
2.999,1.224,-13.278,15.793,0.034,-0.034,0.068,-0.068,15985.165,-14386.648,3197.672,-2877.905,0.000,0.326,-9.729,0.000,-0.278,-8.284
3.000,1.212,-13.211,15.850,0.034,-0.034,0.068,-0.068,15990.494,-14391.445,3197.672,-2877.905,0.000,0.327,-9.734,0.000,-0.278,-8.288
3.001,1.196,-13.144,15.907,0.034,-0.034,0.068,-0.068,15995.824,-14396.241,3197.672,-2877.905,0.000,0.328,-9.739,0.000,-0.279,-8.293
3.002,1.176,-13.076,15.964,0.034,-0.034,0.068,-0.068,16001.153,-14401.038,3197.672,-2877.905,0.000,0.329,-9.744,0.000,-0.280,-8.297
3.003,1.152,-13.010,16.020,0.034,-0.034,0.068,-0.068,16006.482,-14405.834,3197.672,-2877.905,0.000,0.329,-9.750,0.000,-0.281,-8.301
3.004,1.124,-12.943,16.076,0.034,-0.034,0.068,-0.068,16011.812,-14410.631,3197.672,-2877.905,0.000,0.330,-9.755,0.000,-0.281,-8.306
3.005,1.092,-12.877,16.131,0.034,-0.034,0.068,-0.068,16017.141,-14415.427,3197.672,-2877.905,0.000,0.331,-9.760,0.000,-0.282,-8.310
3.006,1.056,-12.812,16.186,0.034,-0.034,0.068,-0.068,16022.471,-14420.224,3197.672,-2877.905,0.000,0.332,-9.765,0.000,-0.283,-8.314
3.007,1.016,-12.747,16.241,0.034,-0.034,0.068,-0.068,16027.800,-14425.020,3197.672,-2877.905,0.000,0.333,-9.771,0.000,-0.283,-8.319
3.008,0.972,-12.683,16.294,0.034,-0.034,0.068,-0.068,16033.130,-14429.817,3197.672,-2877.905,0.000,0.334,-9.776,0.000,-0.284,-8.323
3.009,0.924,-12.620,16.347,0.034,-0.034,0.068,-0.068,16038.459,-14434.613,3197.672,-2877.905,0.000,0.335,-9.781,0.000,-0.285,-8.327
3.010,0.872,-12.557,16.399,0.034,-0.034,0.068,-0.068,16043.789,-14439.410,3197.672,-2877.905,0.000,0.336,-9.786,0.000,-0.286,-8.332
3.011,0.817,-12.495,16.451,0.034,-0.034,0.068,-0.068,16049.118,-14444.206,3197.672,-2877.905,0.000,0.336,-9.792,0.000,-0.286,-8.336
3.012,0.758,-12.435,16.501,0.034,-0.034,0.068,-0.068,16054.448,-14449.003,3197.672,-2877.905,0.000,0.337,-9.797,0.000,-0.287,-8.340
3.013,0.695,-12.375,16.550,0.034,-0.034,0.068,-0.068,16059.777,-14453.799,3197.672,-2877.905,0.000,0.338,-9.802,0.000,-0.288,-8.345
3.014,0.629,-12.316,16.599,0.035,-0.035,0.068,-0.068,16065.106,-14458.596,3197.672,-2877.905,0.000,0.339,-9.807,0.000,-0.289,-8.349
3.015,0.558,-12.259,16.646,0.035,-0.035,0.068,-0.068,16070.436,-14463.392,3197.672,-2877.905,0.000,0.340,-9.813,0.000,-0.289,-8.353
3.016,0.485,-12.203,16.692,0.035,-0.035,0.068,-0.068,16075.765,-14468.189,3197.672,-2877.905,0.000,0.341,-9.818,0.000,-0.290,-8.357
3.017,0.408,-12.148,16.737,0.035,-0.035,0.068,-0.068,16081.095,-14472.985,3197.672,-2877.905,0.000,0.342,-9.823,0.000,-0.291,-8.362
3.018,0.327,-12.095,16.781,0.035,-0.035,0.068,-0.068,16086.424,-14477.782,3197.672,-2877.905,0.000,0.342,-9.828,0.000,-0.292,-8.366
3.019,0.243,-12.043,16.824,0.035,-0.035,0.068,-0.068,16091.754,-14482.578,3197.672,-2877.905,0.000,0.343,-9.834,0.000,-0.292,-8.370
3.020,0.156,-11.992,16.865,0.035,-0.035,0.068,-0.068,16097.083,-14487.375,3197.672,-2877.905,0.000,0.344,-9.839,0.000,-0.293,-8.375
3.021,0.066,-11.943,16.905,0.035,-0.035,0.068,-0.068,16102.413,-14492.171,3197.672,-2877.905,0.000,0.345,-9.844,0.000,-0.294,-8.379
3.022,-0.028,-11.896,16.944,0.035,-0.035,0.068,-0.068,16107.742,-14496.968,3197.672,-2877.905,0.000,0.346,-9.849,0.000,-0.294,-8.383
3.023,-0.124,-11.850,16.981,0.035,-0.035,0.068,-0.068,16113.072,-14501.764,3197.672,-2877.905,0.000,0.347,-9.855,0.000,-0.295,-8.388
3.024,-0.224,-11.807,17.016,0.035,-0.035,0.068,-0.068,16118.401,-14506.561,3197.672,-2877.905,0.000,0.348,-9.860,0.000,-0.296,-8.392
3.025,-0.326,-11.765,17.050,0.035,-0.035,0.068,-0.068,16123.730,-14511.357,3197.672,-2877.905,0.000,0.349,-9.865,0.000,-0.297,-8.396
3.026,-0.431,-11.724,17.083,0.035,-0.035,0.068,-0.068,16129.060,-14516.154,3197.672,-2877.905,0.000,0.349,-9.870,0.000,-0.297,-8.401
3.027,-0.539,-11.686,17.113,0.035,-0.035,0.068,-0.068,16134.389,-14520.950,3197.672,-2877.905,0.000,0.350,-9.876,0.000,-0.298,-8.405
3.028,-0.650,-11.650,17.142,0.036,-0.036,0.068,-0.068,16139.719,-14525.747,3197.672,-2877.905,0.000,0.351,-9.881,0.000,-0.299,-8.409
3.029,-0.763,-11.616,17.170,0.036,-0.036,0.068,-0.068,16145.048,-14530.543,3197.672,-2877.905,0.000,0.352,-9.886,0.000,-0.300,-8.414
3.030,-0.878,-11.584,17.196,0.036,-0.036,0.068,-0.068,16150.378,-14535.340,3197.672,-2877.905,0.000,0.353,-9.892,0.000,-0.300,-8.418
3.031,-0.996,-11.554,17.219,0.036,-0.036,0.068,-0.068,16155.707,-14540.136,3197.672,-2877.905,0.000,0.354,-9.897,0.000,-0.301,-8.422
3.032,-1.116,-11.527,17.242,0.036,-0.036,0.068,-0.068,16161.037,-14544.933,3197.672,-2877.905,0.000,0.355,-9.902,0.000,-0.302,-8.427
3.033,-1.238,-11.501,17.262,0.036,-0.036,0.068,-0.068,16166.366,-14549.729,3197.672,-2877.905,0.000,0.356,-9.907,0.000,-0.303,-8.431
3.034,-1.363,-11.478,17.280,0.036,-0.036,0.068,-0.068,16171.696,-14554.526,3197.672,-2877.905,0.000,0.356,-9.913,0.000,-0.303,-8.435
3.035,-1.489,-11.457,17.297,0.036,-0.036,0.068,-0.068,16177.025,-14559.323,3197.672,-2877.905,0.000,0.357,-9.918,0.000,-0.304,-8.439
3.036,-1.617,-11.439,17.311,0.036,-0.036,0.068,-0.068,16182.354,-14564.119,3197.672,-2877.905,0.000,0.358,-9.923,0.000,-0.305,-8.444
3.037,-1.746,-11.423,17.324,0.036,-0.036,0.068,-0.068,16187.684,-14568.916,3197.672,-2877.905,0.000,0.359,-9.928,0.000,-0.306,-8.448
3.038,-1.877,-11.409,17.335,0.036,-0.036,0.068,-0.068,16193.013,-14573.712,3197.672,-2877.905,0.000,0.360,-9.934,0.000,-0.306,-8.452
3.039,-2.010,-11.398,17.343,0.036,-0.036,0.068,-0.068,16198.343,-14578.509,3197.672,-2877.905,0.000,0.361,-9.939,0.000,-0.307,-8.457
3.040,-2.144,-11.389,17.350,0.036,-0.036,0.068,-0.068,16203.672,-14583.305,3197.672,-2877.905,0.000,0.362,-9.944,0.000,-0.308,-8.461
3.041,-2.279,-11.383,17.354,0.036,-0.036,0.068,-0.068,16209.002,-14588.102,3197.672,-2877.905,0.000,0.363,-9.949,0.000,-0.309,-8.465
3.042,-2.415,-11.380,17.357,0.037,-0.037,0.068,-0.068,16214.331,-14592.898,3197.672,-2877.905,0.000,0.364,-9.955,0.000,-0.309,-8.470
3.043,-2.552,-11.378,17.357,0.037,-0.037,0.068,-0.068,16219.661,-14597.695,3197.672,-2877.905,0.000,0.364,-9.960,0.000,-0.310,-8.474
3.044,-2.690,-11.380,17.355,0.037,-0.037,0.068,-0.068,16224.990,-14602.491,3197.672,-2877.905,0.000,0.365,-9.965,0.000,-0.311,-8.478
3.045,-2.829,-11.384,17.351,0.037,-0.037,0.068,-0.068,16230.320,-14607.288,3197.672,-2877.905,0.000,0.366,-9.970,0.000,-0.312,-8.483
3.046,-2.968,-11.390,17.344,0.037,-0.037,0.068,-0.068,16235.649,-14612.084,3197.672,-2877.905,0.000,0.367,-9.976,0.000,-0.312,-8.487
3.047,-3.108,-11.399,17.336,0.037,-0.037,0.068,-0.068,16240.978,-14616.881,3197.672,-2877.905,0.000,0.368,-9.981,0.000,-0.313,-8.491
3.048,-3.248,-11.411,17.325,0.037,-0.037,0.068,-0.068,16246.308,-14621.677,3197.672,-2877.905,0.000,0.369,-9.986,0.000,-0.314,-8.496
3.049,-3.388,-11.425,17.312,0.037,-0.037,0.068,-0.068,16251.637,-14626.474,3197.672,-2877.905,0.000,0.370,-9.991,0.000,-0.315,-8.500
3.050,-3.528,-11.442,17.297,0.037,-0.037,0.068,-0.068,16256.967,-14631.270,3197.672,-2877.905,0.000,0.371,-9.997,0.000,-0.315,-8.504
3.051,-3.669,-11.462,17.279,0.037,-0.037,0.068,-0.068,16262.296,-14636.067,3197.672,-2877.905,0.000,0.372,-10.002,0.000,-0.316,-8.508
3.052,-3.809,-11.484,17.259,0.037,-0.037,0.068,-0.068,16267.626,-14640.863,3197.672,-2877.905,0.000,0.372,-10.007,0.000,-0.317,-8.513
3.053,-3.948,-11.508,17.237,0.037,-0.037,0.068,-0.068,16272.955,-14645.660,3197.672,-2877.905,0.000,0.373,-10.012,0.000,-0.318,-8.517
3.054,-4.087,-11.535,17.213,0.037,-0.037,0.068,-0.068,16278.285,-14650.456,3197.672,-2877.905,0.000,0.374,-10.018,0.000,-0.318,-8.521
3.055,-4.226,-11.565,17.186,0.037,-0.037,0.068,-0.068,16283.614,-14655.253,3197.672,-2877.905,0.000,0.375,-10.023,0.000,-0.319,-8.526
3.056,-4.363,-11.597,17.157,0.037,-0.037,0.068,-0.068,16288.944,-14660.049,3197.672,-2877.905,0.000,0.376,-10.028,0.000,-0.320,-8.530
3.057,-4.500,-11.631,17.125,0.038,-0.038,0.068,-0.068,16294.273,-14664.846,3197.672,-2877.905,0.000,0.377,-10.033,0.000,-0.321,-8.534
3.058,-4.636,-11.668,17.091,0.038,-0.038,0.068,-0.068,16299.602,-14669.642,3197.672,-2877.905,0.000,0.378,-10.039,0.000,-0.321,-8.539
3.059,-4.770,-11.707,17.055,0.038,-0.038,0.068,-0.068,16304.932,-14674.439,3197.672,-2877.905,0.000,0.379,-10.044,0.000,-0.322,-8.543
3.060,-4.903,-11.749,17.016,0.038,-0.038,0.068,-0.068,16310.261,-14679.235,3197.672,-2877.905,0.000,0.380,-10.049,0.000,-0.323,-8.547
3.061,-5.035,-11.793,16.975,0.038,-0.038,0.068,-0.068,16315.591,-14684.032,3197.672,-2877.905,0.000,0.381,-10.054,0.000,-0.324,-8.552
3.062,-5.165,-11.839,16.932,0.038,-0.038,0.068,-0.068,16320.920,-14688.828,3197.672,-2877.905,0.000,0.381,-10.060,0.000,-0.324,-8.556
3.063,-5.293,-11.887,16.886,0.038,-0.038,0.068,-0.068,16326.250,-14693.625,3197.672,-2877.905,0.000,0.382,-10.065,0.000,-0.325,-8.560
3.064,-5.420,-11.938,16.838,0.038,-0.038,0.068,-0.068,16331.579,-14698.421,3197.672,-2877.905,0.000,0.383,-10.070,0.000,-0.326,-8.565
3.065,-5.544,-11.991,16.788,0.038,-0.038,0.068,-0.068,16336.909,-14703.218,3197.672,-2877.905,0.000,0.384,-10.075,0.000,-0.327,-8.569
3.066,-5.666,-12.046,16.735,0.038,-0.038,0.068,-0.068,16342.238,-14708.014,3197.672,-2877.905,0.000,0.385,-10.081,0.000,-0.327,-8.573
3.067,-5.786,-12.102,16.680,0.038,-0.038,0.068,-0.068,16347.568,-14712.811,3197.672,-2877.905,0.000,0.386,-10.086,0.000,-0.328,-8.577
3.068,-5.904,-12.161,16.623,0.038,-0.038,0.068,-0.068,16352.897,-14717.607,3197.672,-2877.905,0.000,0.387,-10.091,0.000,-0.329,-8.582
3.069,-6.019,-12.222,16.563,0.038,-0.038,0.068,-0.068,16358.226,-14722.404,3197.672,-2877.905,0.000,0.388,-10.096,0.000,-0.330,-8.586
3.070,-6.131,-12.284,16.501,0.038,-0.038,0.068,-0.068,16363.556,-14727.200,3197.672,-2877.905,0.000,0.389,-10.102,0.000,-0.331,-8.590
3.071,-6.240,-12.348,16.437,0.039,-0.039,0.068,-0.068,16368.885,-14731.997,3197.672,-2877.905,0.000,0.390,-10.107,0.000,-0.331,-8.595
3.072,-6.346,-12.414,16.370,0.039,-0.039,0.068,-0.068,16374.215,-14736.793,3197.672,-2877.905,0.000,0.391,-10.112,0.000,-0.332,-8.599
3.073,-6.450,-12.482,16.301,0.039,-0.039,0.068,-0.068,16379.544,-14741.590,3197.672,-2877.905,0.000,0.391,-10.118,0.000,-0.333,-8.603
3.074,-6.550,-12.551,16.230,0.039,-0.039,0.068,-0.068,16384.874,-14746.386,3197.672,-2877.905,0.000,0.392,-10.123,0.000,-0.334,-8.608
3.075,-6.646,-12.621,16.157,0.039,-0.039,0.068,-0.068,16390.203,-14751.183,3197.672,-2877.905,0.000,0.393,-10.128,0.000,-0.334,-8.612
3.076,-6.739,-12.693,16.082,0.039,-0.039,0.068,-0.068,16395.533,-14755.979,3197.672,-2877.905,0.000,0.394,-10.133,0.000,-0.335,-8.616
3.077,-6.829,-12.766,16.005,0.039,-0.039,0.068,-0.068,16400.862,-14760.776,3197.672,-2877.905,0.000,0.395,-10.139,0.000,-0.336,-8.621
3.078,-6.915,-12.841,15.926,0.039,-0.039,0.068,-0.068,16406.192,-14765.572,3197.672,-2877.905,0.000,0.396,-10.144,0.000,-0.337,-8.625
3.079,-6.996,-12.916,15.845,0.039,-0.039,0.068,-0.068,16411.521,-14770.369,3197.672,-2877.905,0.000,0.397,-10.149,0.000,-0.337,-8.629
3.080,-7.074,-12.993,15.761,0.039,-0.039,0.068,-0.068,16416.850,-14775.165,3197.672,-2877.905,0.000,0.398,-10.154,0.000,-0.338,-8.634
3.081,-7.148,-13.070,15.676,0.039,-0.039,0.068,-0.068,16422.180,-14779.962,3197.672,-2877.905,0.000,0.399,-10.160,0.000,-0.339,-8.638
3.082,-7.218,-13.149,15.590,0.039,-0.039,0.068,-0.068,16427.509,-14784.758,3197.672,-2877.905,0.000,0.400,-10.165,0.000,-0.340,-8.642
3.083,-7.284,-13.228,15.501,0.039,-0.039,0.068,-0.068,16432.839,-14789.555,3197.672,-2877.905,0.000,0.401,-10.170,0.000,-0.341,-8.646
3.084,-7.345,-13.308,15.411,0.039,-0.039,0.068,-0.068,16438.168,-14794.351,3197.672,-2877.905,0.000,0.401,-10.175,0.000,-0.341,-8.651
3.085,-7.401,-13.388,15.319,0.040,-0.040,0.068,-0.068,16443.498,-14799.148,3197.672,-2877.905,0.000,0.402,-10.181,0.000,-0.342,-8.655
3.086,-7.453,-13.469,15.225,0.040,-0.040,0.068,-0.068,16448.827,-14803.944,3197.672,-2877.905,0.000,0.403,-10.186,0.000,-0.343,-8.659
3.087,-7.501,-13.550,15.130,0.040,-0.040,0.068,-0.068,16454.157,-14808.741,3197.672,-2877.905,0.000,0.404,-10.191,0.000,-0.344,-8.664
3.088,-7.543,-13.632,15.034,0.040,-0.040,0.068,-0.068,16459.486,-14813.537,3197.672,-2877.905,0.000,0.405,-10.196,0.000,-0.344,-8.668
3.089,-7.581,-13.714,14.936,0.040,-0.040,0.068,-0.068,16464.816,-14818.334,3197.672,-2877.905,0.000,0.406,-10.202,0.000,-0.345,-8.672
3.090,-7.614,-13.796,14.837,0.040,-0.040,0.068,-0.068,16470.145,-14823.130,3197.672,-2877.905,0.000,0.407,-10.207,0.000,-0.346,-8.677
3.091,-7.642,-13.878,14.737,0.040,-0.040,0.068,-0.068,16475.474,-14827.927,3197.672,-2877.905,0.000,0.408,-10.212,0.000,-0.347,-8.681
3.092,-7.665,-13.960,14.635,0.040,-0.040,0.068,-0.068,16480.804,-14832.723,3197.672,-2877.905,0.000,0.409,-10.217,0.000,-0.348,-8.685
3.093,-7.683,-14.041,14.533,0.040,-0.040,0.068,-0.068,16486.133,-14837.520,3197.672,-2877.905,0.000,0.410,-10.223,0.000,-0.348,-8.690
3.094,-7.696,-14.123,14.430,0.040,-0.040,0.068,-0.068,16491.463,-14842.317,3197.672,-2877.905,0.000,0.411,-10.228,0.000,-0.349,-8.694
3.095,-7.704,-14.204,14.326,0.040,-0.040,0.068,-0.068,16496.792,-14847.113,3197.672,-2877.905,0.000,0.412,-10.233,0.000,-0.350,-8.698
3.096,-7.706,-14.284,14.221,0.040,-0.040,0.068,-0.068,16502.122,-14851.910,3197.672,-2877.905,0.000,0.413,-10.238,0.000,-0.351,-8.702
3.097,-7.703,-14.365,14.116,0.040,-0.040,0.068,-0.068,16507.451,-14856.706,3197.672,-2877.905,0.000,0.413,-10.244,0.000,-0.351,-8.707
3.098,-7.695,-14.444,14.010,0.040,-0.040,0.068,-0.068,16512.781,-14861.503,3197.672,-2877.905,0.000,0.414,-10.249,0.000,-0.352,-8.711
3.099,-7.682,-14.523,13.904,0.040,-0.040,0.068,-0.068,16518.110,-14866.299,3197.672,-2877.905,0.000,0.415,-10.254,0.000,-0.353,-8.715
3.100,-7.663,-14.601,13.798,0.041,-0.041,0.068,-0.068,16523.440,-14871.096,3197.672,-2877.905,0.000,0.416,-10.259,0.000,-0.354,-8.720
3.101,-7.639,-14.678,13.691,0.041,-0.041,0.068,-0.068,16528.769,-14875.892,3197.672,-2877.905,0.000,0.417,-10.265,0.000,-0.355,-8.724
3.102,-7.609,-14.754,13.584,0.041,-0.041,0.068,-0.068,16534.098,-14880.689,3197.672,-2877.905,0.000,0.418,-10.270,0.000,-0.355,-8.728
3.103,-7.575,-14.829,13.478,0.041,-0.041,0.068,-0.068,16539.428,-14885.485,3197.672,-2877.905,0.000,0.419,-10.275,0.000,-0.356,-8.733
3.104,-7.534,-14.903,13.372,0.041,-0.041,0.068,-0.068,16544.757,-14890.282,3197.672,-2877.905,0.000,0.420,-10.280,0.000,-0.357,-8.737
3.105,-7.489,-14.975,13.266,0.041,-0.041,0.068,-0.068,16550.087,-14895.078,3197.672,-2877.905,0.000,0.421,-10.286,0.000,-0.358,-8.741
3.106,-7.438,-15.047,13.160,0.041,-0.041,0.068,-0.068,16555.416,-14899.875,3197.672,-2877.905,0.000,0.422,-10.291,0.000,-0.359,-8.746
3.107,-7.382,-15.116,13.055,0.041,-0.041,0.068,-0.068,16560.746,-14904.671,3197.672,-2877.905,0.000,0.423,-10.296,0.000,-0.359,-8.750
3.108,-7.321,-15.185,12.951,0.041,-0.041,0.068,-0.068,16566.075,-14909.468,3197.672,-2877.905,0.000,0.424,-10.301,0.000,-0.360,-8.754
3.109,-7.255,-15.252,12.847,0.041,-0.041,0.068,-0.068,16571.405,-14914.264,3197.672,-2877.905,0.000,0.425,-10.307,0.000,-0.361,-8.758
3.110,-7.183,-15.317,12.744,0.041,-0.041,0.068,-0.068,16576.734,-14919.061,3197.672,-2877.905,0.000,0.426,-10.312,0.000,-0.362,-8.763
3.111,-7.106,-15.381,12.643,0.041,-0.041,0.068,-0.068,16582.064,-14923.857,3197.672,-2877.905,0.000,0.427,-10.317,0.000,-0.362,-8.767
3.112,-7.025,-15.443,12.543,0.041,-0.041,0.068,-0.068,16587.393,-14928.654,3197.672,-2877.905,0.000,0.427,-10.322,0.000,-0.363,-8.771
3.113,-6.938,-15.503,12.443,0.041,-0.041,0.068,-0.068,16592.722,-14933.450,3197.672,-2877.905,0.000,0.428,-10.328,0.000,-0.364,-8.776
3.114,-6.847,-15.562,12.346,0.042,-0.042,0.068,-0.068,16598.052,-14938.247,3197.672,-2877.905,0.000,0.429,-10.333,0.000,-0.365,-8.780
3.115,-6.751,-15.618,12.250,0.042,-0.042,0.068,-0.068,16603.381,-14943.043,3197.672,-2877.905,0.000,0.430,-10.338,0.000,-0.366,-8.784
3.116,-6.650,-15.673,12.155,0.042,-0.042,0.068,-0.068,16608.711,-14947.840,3197.672,-2877.905,0.000,0.431,-10.343,0.000,-0.366,-8.789
3.117,-6.545,-15.725,12.063,0.042,-0.042,0.068,-0.068,16614.040,-14952.636,3197.672,-2877.905,0.000,0.432,-10.349,0.000,-0.367,-8.793
3.118,-6.435,-15.775,11.972,0.042,-0.042,0.068,-0.068,16619.370,-14957.433,3197.672,-2877.905,0.000,0.433,-10.354,0.000,-0.368,-8.797
3.119,-6.320,-15.824,11.883,0.042,-0.042,0.068,-0.068,16624.699,-14962.229,3197.672,-2877.905,0.000,0.434,-10.359,0.000,-0.369,-8.802
3.120,-6.202,-15.870,11.797,0.042,-0.042,0.068,-0.068,16630.029,-14967.026,3197.672,-2877.905,0.000,0.435,-10.364,0.000,-0.370,-8.806
3.121,-6.079,-15.914,11.713,0.042,-0.042,0.068,-0.068,16635.358,-14971.822,3197.672,-2877.905,0.000,0.436,-10.370,0.000,-0.370,-8.810
3.122,-5.953,-15.956,11.631,0.042,-0.042,0.068,-0.068,16640.688,-14976.619,3197.672,-2877.905,0.000,0.437,-10.375,0.000,-0.371,-8.815
3.123,-5.822,-15.995,11.552,0.042,-0.042,0.068,-0.068,16646.017,-14981.415,3197.672,-2877.905,0.000,0.438,-10.380,0.000,-0.372,-8.819
3.124,-5.688,-16.032,11.475,0.042,-0.042,0.068,-0.068,16651.346,-14986.212,3197.672,-2877.905,0.000,0.439,-10.385,0.000,-0.373,-8.823
3.125,-5.551,-16.067,11.401,0.042,-0.042,0.068,-0.068,16656.676,-14991.008,3197.672,-2877.905,0.000,0.440,-10.391,0.000,-0.374,-8.827
3.126,-5.410,-16.100,11.329,0.042,-0.042,0.068,-0.068,16662.005,-14995.805,3197.672,-2877.905,0.000,0.441,-10.396,0.000,-0.374,-8.832
3.127,-5.266,-16.130,11.261,0.042,-0.042,0.068,-0.068,16667.335,-15000.601,3197.672,-2877.905,0.000,0.442,-10.401,0.000,-0.375,-8.836
3.128,-5.118,-16.158,11.196,0.043,-0.043,0.068,-0.068,16672.664,-15005.398,3197.672,-2877.905,0.000,0.443,-10.406,0.000,-0.376,-8.840
3.129,-4.968,-16.183,11.133,0.043,-0.043,0.068,-0.068,16677.994,-15010.194,3197.672,-2877.905,0.000,0.444,-10.412,0.000,-0.377,-8.845
3.130,-4.816,-16.206,11.074,0.043,-0.043,0.068,-0.068,16683.323,-15014.991,3197.672,-2877.905,0.000,0.445,-10.417,0.000,-0.378,-8.849
3.131,-4.660,-16.226,11.018,0.043,-0.043,0.068,-0.068,16688.653,-15019.787,3197.672,-2877.905,0.000,0.445,-10.422,0.000,-0.378,-8.853
3.132,-4.503,-16.244,10.965,0.043,-0.043,0.068,-0.068,16693.982,-15024.584,3197.672,-2877.905,0.000,0.446,-10.427,0.000,-0.379,-8.858
3.133,-4.343,-16.259,10.916,0.043,-0.043,0.068,-0.068,16699.312,-15029.380,3197.672,-2877.905,0.000,0.447,-10.433,0.000,-0.380,-8.862
3.134,-4.181,-16.272,10.870,0.043,-0.043,0.068,-0.068,16704.641,-15034.177,3197.672,-2877.905,0.000,0.448,-10.438,0.000,-0.381,-8.866
3.135,-4.018,-16.283,10.827,0.043,-0.043,0.068,-0.068,16709.970,-15038.973,3197.672,-2877.905,0.000,0.449,-10.443,0.000,-0.382,-8.871
3.136,-3.853,-16.290,10.789,0.043,-0.043,0.068,-0.068,16715.300,-15043.770,3197.672,-2877.905,0.000,0.450,-10.448,0.000,-0.382,-8.875
3.137,-3.687,-16.296,10.753,0.043,-0.043,0.068,-0.068,16720.629,-15048.566,3197.672,-2877.905,0.000,0.451,-10.454,0.000,-0.383,-8.879
3.138,-3.519,-16.298,10.722,0.043,-0.043,0.068,-0.068,16725.959,-15053.363,3197.672,-2877.905,0.000,0.452,-10.459,0.000,-0.384,-8.883
3.139,-3.351,-16.299,10.693,0.043,-0.043,0.068,-0.068,16731.288,-15058.159,3197.672,-2877.905,0.000,0.453,-10.464,0.000,-0.385,-8.888
3.140,-3.182,-16.296,10.669,0.043,-0.043,0.068,-0.068,16736.618,-15062.956,3197.672,-2877.905,0.000,0.454,-10.469,0.000,-0.386,-8.892
3.141,-3.013,-16.292,10.648,0.043,-0.043,0.068,-0.068,16741.947,-15067.752,3197.672,-2877.905,0.000,0.455,-10.475,0.000,-0.386,-8.896
3.142,-2.843,-16.284,10.632,0.043,-0.043,0.068,-0.068,16747.277,-15072.549,3197.672,-2877.905,0.000,0.456,-10.480,0.000,-0.387,-8.901
3.143,-2.673,-16.274,10.618,0.044,-0.044,0.068,-0.068,16752.606,-15077.345,3197.672,-2877.905,0.000,0.457,-10.485,0.000,-0.388,-8.905
3.144,-2.504,-16.262,10.609,0.044,-0.044,0.068,-0.068,16757.936,-15082.142,3197.672,-2877.905,0.000,0.458,-10.490,0.000,-0.389,-8.909
3.145,-2.335,-16.247,10.603,0.044,-0.044,0.068,-0.068,16763.265,-15086.938,3197.672,-2877.905,0.000,0.459,-10.496,0.000,-0.390,-8.914
3.146,-2.166,-16.230,10.601,0.044,-0.044,0.068,-0.068,16768.594,-15091.735,3197.672,-2877.905,0.000,0.460,-10.501,0.000,-0.391,-8.918
3.147,-1.998,-16.210,10.603,0.044,-0.044,0.068,-0.068,16773.924,-15096.531,3197.672,-2877.905,0.000,0.461,-10.506,0.000,-0.391,-8.922
3.148,-1.832,-16.188,10.609,0.044,-0.044,0.068,-0.068,16779.253,-15101.328,3197.672,-2877.905,0.000,0.462,-10.511,0.000,-0.392,-8.926
3.149,-1.667,-16.163,10.618,0.044,-0.044,0.068,-0.068,16784.583,-15106.124,3197.672,-2877.905,0.000,0.463,-10.517,0.000,-0.393,-8.931
3.150,-1.503,-16.136,10.631,0.044,-0.044,0.068,-0.068,16789.912,-15110.921,3197.672,-2877.905,0.000,0.464,-10.522,0.000,-0.394,-8.935
3.151,-1.341,-16.107,10.647,0.044,-0.044,0.068,-0.068,16795.242,-15115.718,3197.672,-2877.905,0.000,0.465,-10.527,0.000,-0.395,-8.939
3.152,-1.181,-16.075,10.668,0.044,-0.044,0.068,-0.068,16800.571,-15120.514,3197.672,-2877.905,0.000,0.466,-10.532,0.000,-0.395,-8.944
3.153,-1.023,-16.041,10.691,0.044,-0.044,0.068,-0.068,16805.901,-15125.311,3197.672,-2877.905,0.000,0.467,-10.538,0.000,-0.396,-8.948
3.154,-0.867,-16.004,10.718,0.044,-0.044,0.068,-0.068,16811.230,-15130.107,3197.672,-2877.905,0.000,0.468,-10.543,0.000,-0.397,-8.952
3.155,-0.714,-15.966,10.749,0.044,-0.044,0.068,-0.068,16816.559,-15134.904,3197.672,-2877.905,0.000,0.469,-10.548,0.000,-0.398,-8.957
3.156,-0.564,-15.925,10.783,0.044,-0.044,0.068,-0.068,16821.889,-15139.700,3197.672,-2877.905,0.000,0.470,-10.553,0.000,-0.399,-8.961
3.157,-0.417,-15.882,10.820,0.045,-0.045,0.068,-0.068,16827.218,-15144.497,3197.672,-2877.905,0.000,0.471,-10.559,0.000,-0.400,-8.965
3.158,-0.273,-15.836,10.861,0.045,-0.045,0.068,-0.068,16832.548,-15149.293,3197.672,-2877.905,0.000,0.471,-10.564,0.000,-0.400,-8.970
3.159,-0.132,-15.789,10.905,0.045,-0.045,0.068,-0.068,16837.877,-15154.090,3197.672,-2877.905,0.000,0.472,-10.569,0.000,-0.401,-8.974
3.160,0.005,-15.739,10.951,0.045,-0.045,0.068,-0.068,16843.207,-15158.886,3197.672,-2877.905,0.000,0.473,-10.574,0.000,-0.402,-8.978
3.161,0.138,-15.688,11.001,0.045,-0.045,0.068,-0.068,16848.536,-15163.683,3197.672,-2877.905,0.000,0.474,-10.580,0.000,-0.403,-8.982
3.162,0.268,-15.634,11.054,0.045,-0.045,0.068,-0.068,16853.866,-15168.479,3197.672,-2877.905,0.000,0.475,-10.585,0.000,-0.404,-8.987
3.163,0.393,-15.579,11.109,0.045,-0.045,0.068,-0.068,16859.195,-15173.276,3197.672,-2877.905,0.000,0.476,-10.590,0.000,-0.404,-8.991
3.164,0.514,-15.522,11.168,0.045,-0.045,0.068,-0.068,16864.525,-15178.072,3197.672,-2877.905,0.000,0.477,-10.595,0.000,-0.405,-8.995
3.165,0.630,-15.462,11.228,0.045,-0.045,0.068,-0.068,16869.854,-15182.869,3197.672,-2877.905,0.000,0.478,-10.601,0.000,-0.406,-9.000
3.166,0.742,-15.401,11.292,0.045,-0.045,0.068,-0.068,16875.183,-15187.665,3197.672,-2877.905,0.000,0.479,-10.606,0.000,-0.407,-9.004
3.167,0.849,-15.339,11.358,0.045,-0.045,0.068,-0.068,16880.513,-15192.462,3197.672,-2877.905,0.000,0.480,-10.611,0.000,-0.408,-9.008
3.168,0.951,-15.274,11.425,0.045,-0.045,0.068,-0.068,16885.842,-15197.258,3197.672,-2877.905,0.000,0.481,-10.616,0.000,-0.409,-9.013
3.169,1.048,-15.208,11.496,0.045,-0.045,0.068,-0.068,16891.172,-15202.055,3197.672,-2877.905,0.000,0.482,-10.622,0.000,-0.409,-9.017
3.170,1.140,-15.141,11.568,0.045,-0.045,0.068,-0.068,16896.501,-15206.851,3197.672,-2877.905,0.000,0.483,-10.627,0.000,-0.410,-9.021
3.171,1.227,-15.072,11.642,0.046,-0.046,0.068,-0.068,16901.831,-15211.648,3197.672,-2877.905,0.000,0.484,-10.632,0.000,-0.411,-9.026
3.172,1.308,-15.002,11.718,0.046,-0.046,0.068,-0.068,16907.160,-15216.444,3197.672,-2877.905,0.000,0.485,-10.637,0.000,-0.412,-9.030
3.173,1.383,-14.930,11.795,0.046,-0.046,0.068,-0.068,16912.490,-15221.241,3197.672,-2877.905,0.000,0.486,-10.642,0.000,-0.413,-9.034
3.174,1.453,-14.857,11.875,0.046,-0.046,0.068,-0.068,16917.819,-15226.037,3197.672,-2877.905,0.000,0.487,-10.648,0.000,-0.414,-9.038
3.175,1.517,-14.783,11.955,0.046,-0.046,0.068,-0.068,16923.149,-15230.834,3197.672,-2877.905,0.000,0.488,-10.653,0.000,-0.414,-9.043
3.176,1.575,-14.708,12.037,0.046,-0.046,0.068,-0.068,16928.478,-15235.630,3197.672,-2877.905,0.000,0.489,-10.658,0.000,-0.415,-9.047
3.177,1.627,-14.632,12.120,0.046,-0.046,0.068,-0.068,16933.807,-15240.427,3197.672,-2877.905,0.000,0.490,-10.663,0.000,-0.416,-9.051
3.178,1.673,-14.555,12.204,0.046,-0.046,0.068,-0.068,16939.137,-15245.223,3197.672,-2877.905,0.000,0.491,-10.669,0.000,-0.417,-9.056
3.179,1.713,-14.477,12.289,0.046,-0.046,0.068,-0.068,16944.466,-15250.020,3197.672,-2877.905,0.000,0.492,-10.674,0.000,-0.418,-9.060
3.180,1.746,-14.398,12.375,0.046,-0.046,0.068,-0.068,16949.796,-15254.816,3197.672,-2877.905,0.000,0.493,-10.679,0.000,-0.418,-9.064
3.181,1.774,-14.319,12.461,0.046,-0.046,0.068,-0.068,16955.125,-15259.613,3197.672,-2877.905,0.000,0.494,-10.684,0.000,-0.419,-9.069
3.182,1.795,-14.239,12.548,0.046,-0.046,0.068,-0.068,16960.455,-15264.409,3197.672,-2877.905,0.000,0.495,-10.690,0.000,-0.420,-9.073
3.183,1.810,-14.159,12.635,0.046,-0.046,0.068,-0.068,16965.784,-15269.206,3197.672,-2877.905,0.000,0.496,-10.695,0.000,-0.421,-9.077
3.184,1.818,-14.078,12.722,0.046,-0.046,0.068,-0.068,16971.114,-15274.002,3197.672,-2877.905,0.000,0.497,-10.700,0.000,-0.422,-9.081
3.185,1.820,-13.997,12.810,0.046,-0.046,0.068,-0.068,16976.443,-15278.799,3197.672,-2877.905,0.000,0.498,-10.705,0.000,-0.423,-9.086
3.186,1.816,-13.916,12.897,0.047,-0.047,0.068,-0.068,16981.773,-15283.595,3197.672,-2877.905,0.000,0.499,-10.711,0.000,-0.424,-9.090
3.187,1.805,-13.835,12.985,0.047,-0.047,0.068,-0.068,16987.102,-15288.392,3197.672,-2877.905,0.000,0.500,-10.716,0.000,-0.424,-9.094
3.188,1.788,-13.754,13.072,0.047,-0.047,0.068,-0.068,16992.431,-15293.188,3197.672,-2877.905,0.000,0.501,-10.721,0.000,-0.425,-9.099
3.189,1.764,-13.674,13.158,0.047,-0.047,0.068,-0.068,16997.761,-15297.985,3197.672,-2877.905,0.000,0.502,-10.726,0.000,-0.426,-9.103
3.190,1.734,-13.593,13.245,0.047,-0.047,0.068,-0.068,17003.090,-15302.781,3197.672,-2877.905,0.000,0.503,-10.732,0.000,-0.427,-9.107
3.191,1.698,-13.513,13.330,0.047,-0.047,0.068,-0.068,17008.420,-15307.578,3197.672,-2877.905,0.000,0.504,-10.737,0.000,-0.428,-9.112
3.192,1.655,-13.433,13.415,0.047,-0.047,0.068,-0.068,17013.749,-15312.374,3197.672,-2877.905,0.000,0.505,-10.742,0.000,-0.429,-9.116
3.193,1.606,-13.354,13.499,0.047,-0.047,0.068,-0.068,17019.079,-15317.171,3197.672,-2877.905,0.000,0.506,-10.747,0.000,-0.429,-9.120
3.194,1.551,-13.276,13.581,0.047,-0.047,0.068,-0.068,17024.408,-15321.967,3197.672,-2877.905,0.000,0.507,-10.753,0.000,-0.430,-9.125
3.195,1.489,-13.198,13.663,0.047,-0.047,0.068,-0.068,17029.738,-15326.764,3197.672,-2877.905,0.000,0.508,-10.758,0.000,-0.431,-9.129
3.196,1.422,-13.122,13.743,0.047,-0.047,0.068,-0.068,17035.067,-15331.560,3197.672,-2877.905,0.000,0.509,-10.763,0.000,-0.432,-9.133
3.197,1.348,-13.046,13.823,0.047,-0.047,0.068,-0.068,17040.397,-15336.357,3197.672,-2877.905,0.000,0.510,-10.768,0.000,-0.433,-9.137
3.198,1.269,-12.972,13.900,0.047,-0.047,0.068,-0.068,17045.726,-15341.153,3197.672,-2877.905,0.000,0.511,-10.774,0.000,-0.434,-9.142
3.199,1.183,-12.899,13.976,0.047,-0.047,0.068,-0.068,17051.055,-15345.950,3197.672,-2877.905,0.000,0.512,-10.779,0.000,-0.434,-9.146
3.200,1.092,-12.827,14.051,0.048,-0.048,0.068,-0.068,17056.385,-15350.746,3197.672,-2877.905,0.000,0.513,-10.784,0.000,-0.435,-9.150
3.201,0.995,-12.757,14.123,0.048,-0.048,0.068,-0.068,17061.714,-15355.543,3197.672,-2877.905,0.000,0.514,-10.789,0.000,-0.436,-9.155
3.202,0.893,-12.688,14.194,0.048,-0.048,0.068,-0.068,17067.044,-15360.339,3197.672,-2877.905,0.000,0.515,-10.795,0.000,-0.437,-9.159
3.203,0.785,-12.621,14.263,0.048,-0.048,0.068,-0.068,17072.373,-15365.136,3197.672,-2877.905,0.000,0.516,-10.800,0.000,-0.438,-9.163
3.204,0.672,-12.556,14.329,0.048,-0.048,0.068,-0.068,17077.703,-15369.932,3197.672,-2877.905,0.000,0.517,-10.805,0.000,-0.439,-9.168
3.205,0.553,-12.493,14.394,0.048,-0.048,0.068,-0.068,17083.032,-15374.729,3197.672,-2877.905,0.000,0.518,-10.810,0.000,-0.440,-9.172
3.206,0.430,-12.431,14.456,0.048,-0.048,0.068,-0.068,17088.362,-15379.525,3197.672,-2877.905,0.000,0.519,-10.816,0.000,-0.440,-9.176
3.207,0.302,-12.372,14.516,0.048,-0.048,0.068,-0.068,17093.691,-15384.322,3197.672,-2877.905,0.000,0.520,-10.821,0.000,-0.441,-9.180
3.208,0.168,-12.315,14.574,0.048,-0.048,0.068,-0.068,17099.021,-15389.119,3197.672,-2877.905,0.000,0.521,-10.826,0.000,-0.442,-9.185
3.209,0.031,-12.260,14.629,0.048,-0.048,0.068,-0.068,17104.350,-15393.915,3197.672,-2877.905,0.000,0.522,-10.831,0.000,-0.443,-9.189
3.210,-0.112,-12.208,14.682,0.048,-0.048,0.068,-0.068,17109.679,-15398.712,3197.672,-2877.905,0.000,0.523,-10.837,0.000,-0.444,-9.193
3.211,-0.258,-12.158,14.732,0.048,-0.048,0.068,-0.068,17115.009,-15403.508,3197.672,-2877.905,0.000,0.524,-10.842,0.000,-0.445,-9.198
3.212,-0.409,-12.111,14.779,0.048,-0.048,0.068,-0.068,17120.338,-15408.305,3197.672,-2877.905,0.000,0.525,-10.847,0.000,-0.445,-9.202
3.213,-0.564,-12.066,14.824,0.048,-0.048,0.068,-0.068,17125.668,-15413.101,3197.672,-2877.905,0.000,0.526,-10.852,0.000,-0.446,-9.206
3.214,-0.722,-12.024,14.865,0.049,-0.049,0.068,-0.068,17130.997,-15417.898,3197.672,-2877.905,0.000,0.527,-10.857,0.000,-0.447,-9.211
3.215,-0.884,-11.985,14.904,0.049,-0.049,0.068,-0.068,17136.327,-15422.694,3197.672,-2877.905,0.000,0.528,-10.863,0.000,-0.448,-9.215
3.216,-1.050,-11.948,14.940,0.049,-0.049,0.068,-0.068,17141.656,-15427.491,3197.672,-2877.905,0.000,0.529,-10.868,0.000,-0.449,-9.219
3.217,-1.218,-11.915,14.973,0.049,-0.049,0.068,-0.068,17146.986,-15432.287,3197.672,-2877.905,0.000,0.530,-10.873,0.000,-0.450,-9.223
3.218,-1.390,-11.884,15.002,0.049,-0.049,0.068,-0.068,17152.315,-15437.084,3197.672,-2877.905,0.000,0.531,-10.878,0.000,-0.451,-9.228
3.219,-1.564,-11.857,15.029,0.049,-0.049,0.068,-0.068,17157.645,-15441.880,3197.672,-2877.905,0.000,0.532,-10.884,0.000,-0.451,-9.232
3.220,-1.741,-11.833,15.052,0.049,-0.049,0.068,-0.068,17162.974,-15446.677,3197.672,-2877.905,0.000,0.533,-10.889,0.000,-0.452,-9.236
3.221,-1.921,-11.811,15.073,0.049,-0.049,0.068,-0.068,17168.303,-15451.473,3197.672,-2877.905,0.000,0.534,-10.894,0.000,-0.453,-9.241
3.222,-2.102,-11.793,15.090,0.049,-0.049,0.068,-0.068,17173.633,-15456.270,3197.672,-2877.905,0.000,0.535,-10.899,0.000,-0.454,-9.245
3.223,-2.286,-11.778,15.103,0.049,-0.049,0.068,-0.068,17178.962,-15461.066,3197.672,-2877.905,0.000,0.536,-10.905,0.000,-0.455,-9.249
3.224,-2.471,-11.767,15.113,0.049,-0.049,0.068,-0.068,17184.292,-15465.863,3197.672,-2877.905,0.000,0.537,-10.910,0.000,-0.456,-9.254
3.225,-2.658,-11.759,15.120,0.049,-0.049,0.068,-0.068,17189.621,-15470.659,3197.672,-2877.905,0.000,0.538,-10.915,0.000,-0.457,-9.258
3.226,-2.846,-11.753,15.124,0.049,-0.049,0.068,-0.068,17194.951,-15475.456,3197.672,-2877.905,0.000,0.539,-10.920,0.000,-0.457,-9.262
3.227,-3.035,-11.752,15.124,0.049,-0.049,0.068,-0.068,17200.280,-15480.252,3197.672,-2877.905,0.000,0.540,-10.926,0.000,-0.458,-9.266
3.228,-3.225,-11.753,15.120,0.049,-0.049,0.068,-0.068,17205.610,-15485.049,3197.672,-2877.905,0.000,0.541,-10.931,0.000,-0.459,-9.271
3.229,-3.415,-11.758,15.113,0.050,-0.050,0.068,-0.068,17210.939,-15489.845,3197.672,-2877.905,0.000,0.542,-10.936,0.000,-0.460,-9.275
3.230,-3.606,-11.766,15.102,0.050,-0.050,0.068,-0.068,17216.269,-15494.642,3197.672,-2877.905,0.000,0.543,-10.941,0.000,-0.461,-9.279
3.231,-3.797,-11.778,15.088,0.050,-0.050,0.068,-0.068,17221.598,-15499.438,3197.672,-2877.905,0.000,0.544,-10.947,0.000,-0.462,-9.284
3.232,-3.987,-11.793,15.070,0.050,-0.050,0.068,-0.068,17226.927,-15504.235,3197.672,-2877.905,0.000,0.545,-10.952,0.000,-0.463,-9.288
3.233,-4.177,-11.811,15.049,0.050,-0.050,0.068,-0.068,17232.257,-15509.031,3197.672,-2877.905,0.000,0.547,-10.957,0.000,-0.463,-9.292
3.234,-4.367,-11.832,15.023,0.050,-0.050,0.068,-0.068,17237.586,-15513.828,3197.672,-2877.905,0.000,0.548,-10.962,0.000,-0.464,-9.297
3.235,-4.556,-11.857,14.995,0.050,-0.050,0.068,-0.068,17242.916,-15518.624,3197.672,-2877.905,0.000,0.549,-10.968,0.000,-0.465,-9.301
3.236,-4.743,-11.885,14.962,0.050,-0.050,0.068,-0.068,17248.245,-15523.421,3197.672,-2877.905,0.000,0.550,-10.973,0.000,-0.466,-9.305
3.237,-4.929,-11.916,14.926,0.050,-0.050,0.068,-0.068,17253.575,-15528.217,3197.672,-2877.905,0.000,0.551,-10.978,0.000,-0.467,-9.309
3.238,-5.114,-11.950,14.886,0.050,-0.050,0.068,-0.068,17258.904,-15533.014,3197.672,-2877.905,0.000,0.552,-10.983,0.000,-0.468,-9.314
3.239,-5.296,-11.987,14.843,0.050,-0.050,0.068,-0.068,17264.234,-15537.810,3197.672,-2877.905,0.000,0.553,-10.989,0.000,-0.469,-9.318
3.240,-5.477,-12.027,14.796,0.050,-0.050,0.068,-0.068,17269.563,-15542.607,3197.672,-2877.905,0.000,0.554,-10.994,0.000,-0.470,-9.322
3.241,-5.655,-12.070,14.745,0.050,-0.050,0.068,-0.068,17274.893,-15547.403,3197.672,-2877.905,0.000,0.555,-10.999,0.000,-0.470,-9.327
3.242,-5.830,-12.116,14.691,0.050,-0.050,0.068,-0.068,17280.222,-15552.200,3197.672,-2877.905,0.000,0.556,-11.004,0.000,-0.471,-9.331
3.243,-6.003,-12.165,14.633,0.051,-0.051,0.068,-0.068,17285.551,-15556.996,3197.672,-2877.905,0.000,0.557,-11.009,0.000,-0.472,-9.335
3.244,-6.172,-12.217,14.571,0.051,-0.051,0.068,-0.068,17290.881,-15561.793,3197.672,-2877.905,0.000,0.558,-11.015,0.000,-0.473,-9.340
3.245,-6.338,-12.271,14.506,0.051,-0.051,0.068,-0.068,17296.210,-15566.589,3197.672,-2877.905,0.000,0.559,-11.020,0.000,-0.474,-9.344
3.246,-6.501,-12.328,14.438,0.051,-0.051,0.068,-0.068,17301.540,-15571.386,3197.672,-2877.905,0.000,0.560,-11.025,0.000,-0.475,-9.348
3.247,-6.659,-12.387,14.365,0.051,-0.051,0.068,-0.068,17306.869,-15576.182,3197.672,-2877.905,0.000,0.561,-11.030,0.000,-0.476,-9.352
3.248,-6.814,-12.449,14.290,0.051,-0.051,0.068,-0.068,17312.199,-15580.979,3197.672,-2877.905,0.000,0.562,-11.036,0.000,-0.477,-9.357
3.249,-6.964,-12.513,14.211,0.051,-0.051,0.068,-0.068,17317.528,-15585.775,3197.672,-2877.905,0.000,0.563,-11.041,0.000,-0.477,-9.361
3.250,-7.110,-12.579,14.128,0.051,-0.051,0.068,-0.068,17322.858,-15590.572,3197.672,-2877.905,0.000,0.564,-11.046,0.000,-0.478,-9.365
3.251,-7.251,-12.647,14.043,0.051,-0.051,0.068,-0.068,17328.187,-15595.368,3197.672,-2877.905,0.000,0.565,-11.051,0.000,-0.479,-9.370
3.252,-7.387,-12.717,13.954,0.051,-0.051,0.068,-0.068,17333.517,-15600.165,3197.672,-2877.905,0.000,0.566,-11.057,0.000,-0.480,-9.374
3.253,-7.517,-12.789,13.862,0.051,-0.051,0.068,-0.068,17338.846,-15604.961,3197.672,-2877.905,0.000,0.567,-11.062,0.000,-0.481,-9.378
3.254,-7.643,-12.862,13.767,0.051,-0.051,0.068,-0.068,17344.175,-15609.758,3197.672,-2877.905,0.000,0.568,-11.067,0.000,-0.482,-9.383
3.255,-7.762,-12.937,13.668,0.051,-0.051,0.068,-0.068,17349.505,-15614.554,3197.672,-2877.905,0.000,0.569,-11.072,0.000,-0.483,-9.387
3.256,-7.876,-13.014,13.567,0.051,-0.051,0.068,-0.068,17354.834,-15619.351,3197.672,-2877.905,0.000,0.570,-11.078,0.000,-0.484,-9.391
3.257,-7.984,-13.092,13.463,0.052,-0.052,0.068,-0.068,17360.164,-15624.147,3197.672,-2877.905,0.000,0.571,-11.083,0.000,-0.484,-9.395
3.258,-8.086,-13.171,13.356,0.052,-0.052,0.068,-0.068,17365.493,-15628.944,3197.672,-2877.905,0.000,0.572,-11.088,0.000,-0.485,-9.400
3.259,-8.181,-13.251,13.247,0.052,-0.052,0.068,-0.068,17370.823,-15633.740,3197.672,-2877.905,0.000,0.573,-11.093,0.000,-0.486,-9.404
3.260,-8.270,-13.332,13.135,0.052,-0.052,0.068,-0.068,17376.152,-15638.537,3197.672,-2877.905,0.000,0.575,-11.099,0.000,-0.487,-9.408
3.261,-8.352,-13.414,13.021,0.052,-0.052,0.068,-0.068,17381.482,-15643.333,3197.672,-2877.905,0.000,0.576,-11.104,0.000,-0.488,-9.413
3.262,-8.427,-13.496,12.904,0.052,-0.052,0.068,-0.068,17386.811,-15648.130,3197.672,-2877.905,0.000,0.577,-11.109,0.000,-0.489,-9.417
3.263,-8.496,-13.579,12.785,0.052,-0.052,0.068,-0.068,17392.141,-15652.926,3197.672,-2877.905,0.000,0.578,-11.114,0.000,-0.490,-9.421
3.264,-8.557,-13.663,12.664,0.052,-0.052,0.068,-0.068,17397.470,-15657.723,3197.672,-2877.905,0.000,0.579,-11.119,0.000,-0.491,-9.426
3.265,-8.610,-13.746,12.541,0.052,-0.052,0.068,-0.068,17402.799,-15662.520,3197.672,-2877.905,0.000,0.580,-11.125,0.000,-0.491,-9.430
3.266,-8.657,-13.830,12.416,0.052,-0.052,0.068,-0.068,17408.129,-15667.316,3197.672,-2877.905,0.000,0.581,-11.130,0.000,-0.492,-9.434
3.267,-8.695,-13.914,12.290,0.052,-0.052,0.068,-0.068,17413.458,-15672.113,3197.672,-2877.905,0.000,0.582,-11.135,0.000,-0.493,-9.438
3.268,-8.727,-13.997,12.162,0.052,-0.052,0.068,-0.068,17418.788,-15676.909,3197.672,-2877.905,0.000,0.583,-11.140,0.000,-0.494,-9.443
3.269,-8.750,-14.080,12.033,0.052,-0.052,0.068,-0.068,17424.117,-15681.706,3197.672,-2877.905,0.000,0.584,-11.146,0.000,-0.495,-9.447
3.270,-8.766,-14.163,11.903,0.052,-0.052,0.068,-0.068,17429.447,-15686.502,3197.672,-2877.905,0.000,0.585,-11.151,0.000,-0.496,-9.451
3.271,-8.773,-14.246,11.772,0.052,-0.052,0.068,-0.068,17434.776,-15691.299,3197.672,-2877.905,0.000,0.586,-11.156,0.000,-0.497,-9.456
3.272,-8.773,-14.327,11.640,0.053,-0.053,0.068,-0.068,17440.106,-15696.095,3197.672,-2877.905,0.000,0.587,-11.161,0.000,-0.498,-9.460
3.273,-8.765,-14.408,11.507,0.053,-0.053,0.068,-0.068,17445.435,-15700.892,3197.672,-2877.905,0.000,0.588,-11.167,0.000,-0.499,-9.464
3.274,-8.749,-14.488,11.374,0.053,-0.053,0.068,-0.068,17450.765,-15705.688,3197.672,-2877.905,0.000,0.589,-11.172,0.000,-0.499,-9.468
3.275,-8.725,-14.566,11.241,0.053,-0.053,0.068,-0.068,17456.094,-15710.485,3197.672,-2877.905,0.000,0.590,-11.177,0.000,-0.500,-9.473
3.276,-8.693,-14.644,11.107,0.053,-0.053,0.068,-0.068,17461.423,-15715.281,3197.672,-2877.905,0.000,0.591,-11.182,0.000,-0.501,-9.477
3.277,-8.653,-14.720,10.974,0.053,-0.053,0.068,-0.068,17466.753,-15720.078,3197.672,-2877.905,0.000,0.592,-11.188,0.000,-0.502,-9.481
3.278,-8.604,-14.795,10.841,0.053,-0.053,0.068,-0.068,17472.082,-15724.874,3197.672,-2877.905,0.000,0.594,-11.193,0.000,-0.503,-9.486
3.279,-8.548,-14.868,10.709,0.053,-0.053,0.068,-0.068,17477.412,-15729.671,3197.672,-2877.905,0.000,0.595,-11.198,0.000,-0.504,-9.490
3.280,-8.484,-14.940,10.577,0.053,-0.053,0.068,-0.068,17482.741,-15734.467,3197.672,-2877.905,0.000,0.596,-11.203,0.000,-0.505,-9.494
3.281,-8.412,-15.010,10.446,0.053,-0.053,0.068,-0.068,17488.071,-15739.264,3197.672,-2877.905,0.000,0.597,-11.209,0.000,-0.506,-9.499
3.282,-8.332,-15.078,10.317,0.053,-0.053,0.068,-0.068,17493.400,-15744.060,3197.672,-2877.905,0.000,0.598,-11.214,0.000,-0.507,-9.503
3.283,-8.244,-15.144,10.188,0.053,-0.053,0.068,-0.068,17498.730,-15748.857,3197.672,-2877.905,0.000,0.599,-11.219,0.000,-0.507,-9.507
3.284,-8.149,-15.208,10.061,0.053,-0.053,0.068,-0.068,17504.059,-15753.653,3197.672,-2877.905,0.000,0.600,-11.224,0.000,-0.508,-9.511
3.285,-8.046,-15.270,9.936,0.053,-0.053,0.068,-0.068,17509.389,-15758.450,3197.672,-2877.905,0.000,0.601,-11.229,0.000,-0.509,-9.516
3.286,-7.936,-15.330,9.813,0.054,-0.054,0.068,-0.068,17514.718,-15763.246,3197.672,-2877.905,0.000,0.602,-11.235,0.000,-0.510,-9.520
3.287,-7.819,-15.388,9.692,0.054,-0.054,0.068,-0.068,17520.047,-15768.043,3197.672,-2877.905,0.000,0.603,-11.240,0.000,-0.511,-9.524
3.288,-7.694,-15.443,9.573,0.054,-0.054,0.068,-0.068,17525.377,-15772.839,3197.672,-2877.905,0.000,0.604,-11.245,0.000,-0.512,-9.529
3.289,-7.563,-15.496,9.457,0.054,-0.054,0.068,-0.068,17530.706,-15777.636,3197.672,-2877.905,0.000,0.605,-11.250,0.000,-0.513,-9.533
3.290,-7.424,-15.546,9.343,0.054,-0.054,0.068,-0.068,17536.036,-15782.432,3197.672,-2877.905,0.000,0.606,-11.256,0.000,-0.514,-9.537
3.291,-7.279,-15.594,9.233,0.054,-0.054,0.068,-0.068,17541.365,-15787.229,3197.672,-2877.905,0.000,0.607,-11.261,0.000,-0.515,-9.542
3.292,-7.128,-15.639,9.125,0.054,-0.054,0.068,-0.068,17546.695,-15792.025,3197.672,-2877.905,0.000,0.608,-11.266,0.000,-0.516,-9.546
3.293,-6.970,-15.682,9.021,0.054,-0.054,0.068,-0.068,17552.024,-15796.822,3197.672,-2877.905,0.000,0.610,-11.271,0.000,-0.516,-9.550
3.294,-6.806,-15.722,8.920,0.054,-0.054,0.068,-0.068,17557.354,-15801.618,3197.672,-2877.905,0.000,0.611,-11.277,0.000,-0.517,-9.554
3.295,-6.637,-15.759,8.822,0.054,-0.054,0.068,-0.068,17562.683,-15806.415,3197.672,-2877.905,0.000,0.612,-11.282,0.000,-0.518,-9.559
3.296,-6.462,-15.794,8.729,0.054,-0.054,0.068,-0.068,17568.013,-15811.211,3197.672,-2877.905,0.000,0.613,-11.287,0.000,-0.519,-9.563
3.297,-6.282,-15.825,8.639,0.054,-0.054,0.068,-0.068,17573.342,-15816.008,3197.672,-2877.905,0.000,0.614,-11.292,0.000,-0.520,-9.567
3.298,-6.097,-15.854,8.554,0.054,-0.054,0.068,-0.068,17578.671,-15820.804,3197.672,-2877.905,0.000,0.615,-11.298,0.000,-0.521,-9.572
3.299,-5.907,-15.880,8.472,0.054,-0.054,0.068,-0.068,17584.001,-15825.601,3197.672,-2877.905,0.000,0.616,-11.303,0.000,-0.522,-9.576
3.300,-5.713,-15.903,8.395,0.055,-0.055,0.068,-0.068,17589.330,-15830.397,3197.672,-2877.905,0.000,0.617,-11.308,0.000,-0.523,-9.580
3.301,-5.515,-15.924,8.323,0.055,-0.055,0.068,-0.068,17594.660,-15835.194,3197.672,-2877.905,0.000,0.618,-11.313,0.000,-0.524,-9.584
3.302,-5.312,-15.941,8.255,0.055,-0.055,0.068,-0.068,17599.989,-15839.990,3197.672,-2877.905,0.000,0.619,-11.318,0.000,-0.525,-9.589
3.303,-5.107,-15.955,8.192,0.055,-0.055,0.068,-0.068,17605.319,-15844.787,3197.672,-2877.905,0.000,0.620,-11.324,0.000,-0.525,-9.593
3.304,-4.898,-15.967,8.134,0.055,-0.055,0.068,-0.068,17610.648,-15849.583,3197.672,-2877.905,0.000,0.621,-11.329,0.000,-0.526,-9.597
3.305,-4.686,-15.975,8.081,0.055,-0.055,0.068,-0.068,17615.978,-15854.380,3197.672,-2877.905,0.000,0.622,-11.334,0.000,-0.527,-9.602
3.306,-4.471,-15.980,8.032,0.055,-0.055,0.068,-0.068,17621.307,-15859.176,3197.672,-2877.905,0.000,0.624,-11.339,0.000,-0.528,-9.606
3.307,-4.255,-15.983,7.989,0.055,-0.055,0.068,-0.068,17626.637,-15863.973,3197.672,-2877.905,0.000,0.625,-11.345,0.000,-0.529,-9.610
3.308,-4.036,-15.982,7.951,0.055,-0.055,0.068,-0.068,17631.966,-15868.769,3197.672,-2877.905,0.000,0.626,-11.350,0.000,-0.530,-9.615
3.309,-3.816,-15.979,7.918,0.055,-0.055,0.068,-0.068,17637.295,-15873.566,3197.672,-2877.905,0.000,0.627,-11.355,0.000,-0.531,-9.619
3.310,-3.595,-15.972,7.891,0.055,-0.055,0.068,-0.068,17642.625,-15878.362,3197.672,-2877.905,0.000,0.628,-11.360,0.000,-0.532,-9.623
3.311,-3.373,-15.963,7.869,0.055,-0.055,0.068,-0.068,17647.954,-15883.159,3197.672,-2877.905,0.000,0.629,-11.366,0.000,-0.533,-9.627
3.312,-3.151,-15.951,7.852,0.055,-0.055,0.068,-0.068,17653.284,-15887.955,3197.672,-2877.905,0.000,0.630,-11.371,0.000,-0.534,-9.632
3.313,-2.928,-15.935,7.841,0.055,-0.055,0.068,-0.068,17658.613,-15892.752,3197.672,-2877.905,0.000,0.631,-11.376,0.000,-0.535,-9.636
3.314,-2.706,-15.917,7.835,0.055,-0.055,0.068,-0.068,17663.943,-15897.548,3197.672,-2877.905,0.000,0.632,-11.381,0.000,-0.535,-9.640
3.315,-2.484,-15.896,7.834,0.056,-0.056,0.068,-0.068,17669.272,-15902.345,3197.672,-2877.905,0.000,0.633,-11.386,0.000,-0.536,-9.645
3.316,-2.263,-15.872,7.839,0.056,-0.056,0.068,-0.068,17674.602,-15907.141,3197.672,-2877.905,0.000,0.634,-11.392,0.000,-0.537,-9.649
3.317,-2.044,-15.845,7.849,0.056,-0.056,0.068,-0.068,17679.931,-15911.938,3197.672,-2877.905,0.000,0.635,-11.397,0.000,-0.538,-9.653
3.318,-1.826,-15.815,7.864,0.056,-0.056,0.068,-0.068,17685.261,-15916.734,3197.672,-2877.905,0.000,0.637,-11.402,0.000,-0.539,-9.657
3.319,-1.611,-15.782,7.885,0.056,-0.056,0.068,-0.068,17690.590,-15921.531,3197.672,-2877.905,0.000,0.638,-11.407,0.000,-0.540,-9.662
3.320,-1.397,-15.747,7.911,0.056,-0.056,0.068,-0.068,17695.919,-15926.327,3197.672,-2877.905,0.000,0.639,-11.413,0.000,-0.541,-9.666
3.321,-1.187,-15.708,7.942,0.056,-0.056,0.068,-0.068,17701.249,-15931.124,3197.672,-2877.905,0.000,0.640,-11.418,0.000,-0.542,-9.670
3.322,-0.980,-15.667,7.978,0.056,-0.056,0.068,-0.068,17706.578,-15935.920,3197.672,-2877.905,0.000,0.641,-11.423,0.000,-0.543,-9.675
3.323,-0.776,-15.624,8.019,0.056,-0.056,0.068,-0.068,17711.908,-15940.717,3197.672,-2877.905,0.000,0.642,-11.428,0.000,-0.544,-9.679
3.324,-0.576,-15.577,8.065,0.056,-0.056,0.068,-0.068,17717.237,-15945.514,3197.672,-2877.905,0.000,0.643,-11.434,0.000,-0.545,-9.683
3.325,-0.380,-15.528,8.115,0.056,-0.056,0.068,-0.068,17722.567,-15950.310,3197.672,-2877.905,0.000,0.644,-11.439,0.000,-0.546,-9.688
3.326,-0.188,-15.476,8.171,0.056,-0.056,0.068,-0.068,17727.896,-15955.107,3197.672,-2877.905,0.000,0.645,-11.444,0.000,-0.546,-9.692
3.327,-0.001,-15.422,8.231,0.056,-0.056,0.068,-0.068,17733.226,-15959.903,3197.672,-2877.905,0.000,0.646,-11.449,0.000,-0.547,-9.696
3.328,0.180,-15.366,8.295,0.056,-0.056,0.068,-0.068,17738.555,-15964.700,3197.672,-2877.905,0.000,0.647,-11.454,0.000,-0.548,-9.700
3.329,0.356,-15.306,8.364,0.057,-0.057,0.068,-0.068,17743.885,-15969.496,3197.672,-2877.905,0.000,0.649,-11.460,0.000,-0.549,-9.705
3.330,0.527,-15.245,8.437,0.057,-0.057,0.068,-0.068,17749.214,-15974.293,3197.672,-2877.905,0.000,0.650,-11.465,0.000,-0.550,-9.709
3.331,0.691,-15.181,8.514,0.057,-0.057,0.068,-0.068,17754.543,-15979.089,3197.672,-2877.905,0.000,0.651,-11.470,0.000,-0.551,-9.713
3.332,0.849,-15.115,8.595,0.057,-0.057,0.068,-0.068,17759.873,-15983.886,3197.672,-2877.905,0.000,0.652,-11.475,0.000,-0.552,-9.718
3.333,1.001,-15.046,8.679,0.057,-0.057,0.068,-0.068,17765.202,-15988.682,3197.672,-2877.905,0.000,0.653,-11.481,0.000,-0.553,-9.722
3.334,1.146,-14.976,8.767,0.057,-0.057,0.068,-0.068,17770.532,-15993.479,3197.672,-2877.905,0.000,0.654,-11.486,0.000,-0.554,-9.726
3.335,1.284,-14.903,8.859,0.057,-0.057,0.068,-0.068,17775.861,-15998.275,3197.672,-2877.905,0.000,0.655,-11.491,0.000,-0.555,-9.731
3.336,1.414,-14.829,8.953,0.057,-0.057,0.068,-0.068,17781.191,-16003.072,3197.672,-2877.905,0.000,0.656,-11.496,0.000,-0.556,-9.736
3.337,1.537,-14.753,9.051,0.057,-0.057,0.068,-0.068,17786.520,-16007.868,3197.672,-2877.905,0.000,0.657,-11.502,0.000,-0.557,-9.741
3.338,1.652,-14.674,9.151,0.057,-0.057,0.068,-0.068,17791.850,-16012.665,3197.672,-2877.905,0.000,0.659,-11.507,0.000,-0.558,-9.745
3.339,1.759,-14.594,9.254,0.057,-0.057,0.068,-0.068,17797.179,-16017.461,3197.672,-2877.905,0.000,0.660,-11.512,0.000,-0.559,-9.750
3.340,1.859,-14.513,9.359,0.057,-0.057,0.068,-0.068,17802.509,-16022.258,3197.672,-2877.905,0.000,0.661,-11.517,0.000,-0.560,-9.755
3.341,1.949,-14.430,9.467,0.057,-0.057,0.068,-0.068,17807.838,-16027.054,3197.672,-2877.905,0.000,0.662,-11.522,0.000,-0.561,-9.759
3.342,2.032,-14.345,9.576,0.057,-0.057,0.068,-0.068,17813.167,-16031.851,3197.672,-2877.905,0.000,0.663,-11.528,0.000,-0.562,-9.764
3.343,2.105,-14.260,9.688,0.058,-0.058,0.068,-0.068,17818.497,-16036.647,3197.672,-2877.905,0.000,0.664,-11.533,0.000,-0.562,-9.769
3.344,2.170,-14.173,9.801,0.058,-0.058,0.068,-0.068,17823.826,-16041.444,3197.672,-2877.905,0.000,0.665,-11.538,0.000,-0.563,-9.774
3.345,2.226,-14.085,9.915,0.058,-0.058,0.068,-0.068,17829.156,-16046.240,3197.672,-2877.905,0.000,0.666,-11.543,0.000,-0.564,-9.778
3.346,2.273,-13.996,10.030,0.058,-0.058,0.068,-0.068,17834.485,-16051.037,3197.672,-2877.905,0.000,0.667,-11.549,0.000,-0.565,-9.783
3.347,2.311,-13.906,10.146,0.058,-0.058,0.068,-0.068,17839.815,-16055.833,3197.672,-2877.905,0.000,0.668,-11.554,0.000,-0.566,-9.788
3.348,2.340,-13.815,10.263,0.058,-0.058,0.068,-0.068,17845.144,-16060.630,3197.672,-2877.905,0.000,0.670,-11.559,0.000,-0.567,-9.792
3.349,2.359,-13.724,10.381,0.058,-0.058,0.068,-0.068,17850.474,-16065.426,3197.672,-2877.905,0.000,0.671,-11.564,0.000,-0.568,-9.797
3.350,2.370,-13.632,10.499,0.058,-0.058,0.068,-0.068,17855.803,-16070.223,3197.672,-2877.905,0.000,0.672,-11.570,0.000,-0.569,-9.802
3.351,2.371,-13.540,10.617,0.058,-0.058,0.068,-0.068,17861.133,-16075.019,3197.672,-2877.905,0.000,0.673,-11.575,0.000,-0.570,-9.807
3.352,2.362,-13.448,10.735,0.058,-0.058,0.068,-0.068,17866.462,-16079.816,3197.672,-2877.905,0.000,0.674,-11.580,0.000,-0.571,-9.811
3.353,2.345,-13.356,10.852,0.058,-0.058,0.068,-0.068,17871.791,-16084.612,3197.672,-2877.905,0.000,0.675,-11.585,0.000,-0.572,-9.816
3.354,2.318,-13.263,10.969,0.058,-0.058,0.068,-0.068,17877.121,-16089.409,3197.672,-2877.905,0.000,0.676,-11.590,0.000,-0.573,-9.821
3.355,2.281,-13.172,11.086,0.058,-0.058,0.068,-0.068,17882.450,-16094.205,3197.672,-2877.905,0.000,0.677,-11.596,0.000,-0.574,-9.825
3.356,2.236,-13.080,11.201,0.058,-0.058,0.068,-0.068,17887.780,-16099.002,3197.672,-2877.905,0.000,0.679,-11.601,0.000,-0.575,-9.830
3.357,2.181,-12.989,11.315,0.058,-0.058,0.068,-0.068,17893.109,-16103.798,3197.672,-2877.905,0.000,0.680,-11.606,0.000,-0.576,-9.835
3.358,2.117,-12.899,11.429,0.059,-0.059,0.068,-0.068,17898.439,-16108.595,3197.672,-2877.905,0.000,0.681,-11.611,0.000,-0.577,-9.839
3.359,2.044,-12.809,11.540,0.059,-0.059,0.068,-0.068,17903.768,-16113.391,3197.672,-2877.905,0.000,0.682,-11.617,0.000,-0.578,-9.844
3.360,1.962,-12.721,11.650,0.059,-0.059,0.068,-0.068,17909.098,-16118.188,3197.672,-2877.905,0.000,0.683,-11.622,0.000,-0.579,-9.849
3.361,1.871,-12.634,11.758,0.059,-0.059,0.068,-0.068,17914.427,-16122.984,3197.672,-2877.905,0.000,0.684,-11.627,0.000,-0.580,-9.854
3.362,1.772,-12.548,11.864,0.059,-0.059,0.068,-0.068,17919.756,-16127.781,3197.672,-2877.905,0.000,0.685,-11.632,0.000,-0.581,-9.858
3.363,1.664,-12.463,11.968,0.059,-0.059,0.068,-0.068,17925.086,-16132.577,3197.672,-2877.905,0.000,0.686,-11.638,0.000,-0.582,-9.863
3.364,1.547,-12.380,12.069,0.059,-0.059,0.068,-0.068,17930.415,-16137.374,3197.672,-2877.905,0.000,0.687,-11.643,0.000,-0.583,-9.868
3.365,1.422,-12.299,12.168,0.059,-0.059,0.068,-0.068,17935.745,-16142.170,3197.672,-2877.905,0.000,0.689,-11.648,0.000,-0.584,-9.872
3.366,1.289,-12.220,12.264,0.059,-0.059,0.068,-0.068,17941.074,-16146.967,3197.672,-2877.905,0.000,0.690,-11.653,0.000,-0.585,-9.877
3.367,1.148,-12.143,12.358,0.059,-0.059,0.068,-0.068,17946.404,-16151.763,3197.672,-2877.905,0.000,0.691,-11.658,0.000,-0.586,-9.882
3.368,1.000,-12.068,12.448,0.059,-0.059,0.068,-0.068,17951.733,-16156.560,3197.672,-2877.905,0.000,0.692,-11.664,0.000,-0.587,-9.887
3.369,0.844,-11.996,12.535,0.059,-0.059,0.068,-0.068,17957.063,-16161.356,3197.672,-2877.905,0.000,0.693,-11.669,0.000,-0.588,-9.891
3.370,0.681,-11.925,12.620,0.059,-0.059,0.068,-0.068,17962.392,-16166.153,3197.672,-2877.905,0.000,0.694,-11.674,0.000,-0.589,-9.896
3.371,0.510,-11.858,12.700,0.059,-0.059,0.068,-0.068,17967.722,-16170.949,3197.672,-2877.905,0.000,0.695,-11.679,0.000,-0.589,-9.901
3.372,0.333,-11.794,12.777,0.060,-0.060,0.068,-0.068,17973.051,-16175.746,3197.672,-2877.905,0.000,0.697,-11.685,0.000,-0.590,-9.905
3.373,0.150,-11.732,12.851,0.060,-0.060,0.068,-0.068,17978.380,-16180.542,3197.672,-2877.905,0.000,0.698,-11.690,0.000,-0.591,-9.910
3.374,-0.040,-11.673,12.920,0.060,-0.060,0.068,-0.068,17983.710,-16185.339,3197.672,-2877.905,0.000,0.699,-11.695,0.000,-0.592,-9.915
3.375,-0.236,-11.618,12.986,0.060,-0.060,0.068,-0.068,17989.039,-16190.135,3197.672,-2877.905,0.000,0.700,-11.700,0.000,-0.593,-9.920
3.376,-0.438,-11.565,13.048,0.060,-0.060,0.068,-0.068,17994.369,-16194.932,3197.672,-2877.905,0.000,0.701,-11.705,0.000,-0.594,-9.924
3.377,-0.645,-11.517,13.106,0.060,-0.060,0.068,-0.068,17999.698,-16199.728,3197.672,-2877.905,0.000,0.702,-11.711,0.000,-0.595,-9.929
3.378,-0.857,-11.471,13.159,0.060,-0.060,0.068,-0.068,18005.028,-16204.525,3197.672,-2877.905,0.000,0.703,-11.716,0.000,-0.596,-9.934
3.379,-1.074,-11.429,13.208,0.060,-0.060,0.068,-0.068,18010.357,-16209.321,3197.672,-2877.905,0.000,0.704,-11.721,0.000,-0.597,-9.938
3.380,-1.295,-11.391,13.253,0.060,-0.060,0.068,-0.068,18015.687,-16214.118,3197.672,-2877.905,0.000,0.706,-11.726,0.000,-0.598,-9.943
3.381,-1.520,-11.357,13.294,0.060,-0.060,0.068,-0.068,18021.016,-16218.915,3197.672,-2877.905,0.000,0.707,-11.732,0.000,-0.599,-9.948
3.382,-1.750,-11.326,13.329,0.060,-0.060,0.068,-0.068,18026.346,-16223.711,3197.672,-2877.905,0.000,0.708,-11.737,0.000,-0.600,-9.952
3.383,-1.982,-11.300,13.361,0.060,-0.060,0.068,-0.068,18031.675,-16228.508,3197.672,-2877.905,0.000,0.709,-11.742,0.000,-0.601,-9.957
3.384,-2.218,-11.277,13.387,0.060,-0.060,0.068,-0.068,18037.004,-16233.304,3197.672,-2877.905,0.000,0.710,-11.747,0.000,-0.602,-9.962
3.385,-2.457,-11.259,13.409,0.060,-0.060,0.068,-0.068,18042.334,-16238.101,3197.672,-2877.905,0.000,0.711,-11.753,0.000,-0.603,-9.967
3.386,-2.697,-11.244,13.426,0.061,-0.061,0.068,-0.068,18047.663,-16242.897,3197.672,-2877.905,0.000,0.712,-11.758,0.000,-0.604,-9.971
3.387,-2.940,-11.234,13.438,0.061,-0.061,0.068,-0.068,18052.993,-16247.694,3197.672,-2877.905,0.000,0.714,-11.763,0.000,-0.605,-9.976
3.388,-3.185,-11.227,13.445,0.061,-0.061,0.068,-0.068,18058.322,-16252.490,3197.672,-2877.905,0.000,0.715,-11.768,0.000,-0.606,-9.981
3.389,-3.431,-11.225,13.447,0.061,-0.061,0.068,-0.068,18063.652,-16257.287,3197.672,-2877.905,0.000,0.716,-11.773,0.000,-0.607,-9.985
3.390,-3.678,-11.227,13.444,0.061,-0.061,0.068,-0.068,18068.981,-16262.083,3197.672,-2877.905,0.000,0.717,-11.779,0.000,-0.608,-9.990
3.391,-3.925,-11.233,13.436,0.061,-0.061,0.068,-0.068,18074.311,-16266.880,3197.672,-2877.905,0.000,0.718,-11.784,0.000,-0.609,-9.995
3.392,-4.172,-11.243,13.423,0.061,-0.061,0.068,-0.068,18079.640,-16271.676,3197.672,-2877.905,0.000,0.719,-11.789,0.000,-0.610,-10.000
3.393,-4.420,-11.258,13.404,0.061,-0.061,0.068,-0.068,18084.970,-16276.473,3197.672,-2877.905,0.000,0.720,-11.794,0.000,-0.611,-10.004
3.394,-4.666,-11.276,13.381,0.061,-0.061,0.068,-0.068,18090.299,-16281.269,3197.672,-2877.905,0.000,0.722,-11.800,0.000,-0.612,-10.009
3.395,-4.912,-11.299,13.352,0.061,-0.061,0.068,-0.068,18095.628,-16286.066,3197.672,-2877.905,0.000,0.723,-11.805,0.000,-0.613,-10.014
3.396,-5.156,-11.326,13.319,0.061,-0.061,0.068,-0.068,18100.958,-16290.862,3197.672,-2877.905,0.000,0.724,-11.810,0.000,-0.614,-10.018
3.397,-5.398,-11.356,13.280,0.061,-0.061,0.068,-0.068,18106.287,-16295.659,3197.672,-2877.905,0.000,0.725,-11.815,0.000,-0.615,-10.023
3.398,-5.638,-11.391,13.236,0.061,-0.061,0.068,-0.068,18111.617,-16300.455,3197.672,-2877.905,0.000,0.726,-11.820,0.000,-0.616,-10.028
3.399,-5.875,-11.429,13.186,0.061,-0.061,0.068,-0.068,18116.946,-16305.252,3197.672,-2877.905,0.000,0.727,-11.826,0.000,-0.617,-10.032
3.400,-6.109,-11.471,13.132,0.061,-0.061,0.068,-0.068,18122.276,-16310.048,3197.672,-2877.905,0.000,0.728,-11.831,0.000,-0.618,-10.037
3.401,-6.340,-11.517,13.072,0.062,-0.062,0.068,-0.068,18127.605,-16314.845,3197.672,-2877.905,0.000,0.730,-11.836,0.000,-0.619,-10.042
3.402,-6.567,-11.567,13.008,0.062,-0.062,0.068,-0.068,18132.935,-16319.641,3197.672,-2877.905,0.000,0.731,-11.841,0.000,-0.620,-10.047
3.403,-6.790,-11.620,12.938,0.062,-0.062,0.068,-0.068,18138.264,-16324.438,3197.672,-2877.905,0.000,0.732,-11.847,0.000,-0.621,-10.051
3.404,-7.008,-11.676,12.863,0.062,-0.062,0.068,-0.068,18143.594,-16329.234,3197.672,-2877.905,0.000,0.733,-11.852,0.000,-0.622,-10.056
3.405,-7.221,-11.735,12.783,0.062,-0.062,0.068,-0.068,18148.923,-16334.031,3197.672,-2877.905,0.000,0.734,-11.857,0.000,-0.623,-10.061
3.406,-7.429,-11.798,12.698,0.062,-0.062,0.068,-0.068,18154.252,-16338.827,3197.672,-2877.905,0.000,0.735,-11.862,0.000,-0.624,-10.065
3.407,-7.631,-11.863,12.609,0.062,-0.062,0.068,-0.068,18159.582,-16343.624,3197.672,-2877.905,0.000,0.737,-11.867,0.000,-0.625,-10.070
3.408,-7.827,-11.932,12.514,0.062,-0.062,0.068,-0.068,18164.911,-16348.420,3197.672,-2877.905,0.000,0.738,-11.873,0.000,-0.626,-10.075
3.409,-8.017,-12.003,12.415,0.062,-0.062,0.068,-0.068,18170.241,-16353.217,3197.672,-2877.905,0.000,0.739,-11.878,0.000,-0.627,-10.079
3.410,-8.199,-12.076,12.312,0.062,-0.062,0.068,-0.068,18175.570,-16358.013,3197.672,-2877.905,0.000,0.740,-11.883,0.000,-0.628,-10.084
3.411,-8.375,-12.152,12.203,0.062,-0.062,0.068,-0.068,18180.900,-16362.810,3197.672,-2877.905,0.000,0.741,-11.888,0.000,-0.629,-10.089
3.412,-8.543,-12.230,12.091,0.062,-0.062,0.068,-0.068,18186.229,-16367.606,3197.672,-2877.905,0.000,0.742,-11.894,0.000,-0.630,-10.094
3.413,-8.703,-12.311,11.974,0.062,-0.062,0.068,-0.068,18191.559,-16372.403,3197.672,-2877.905,0.000,0.743,-11.899,0.000,-0.631,-10.098
3.414,-8.855,-12.393,11.853,0.062,-0.062,0.068,-0.068,18196.888,-16377.199,3197.672,-2877.905,0.000,0.745,-11.904,0.000,-0.632,-10.103
3.415,-8.999,-12.476,11.728,0.063,-0.063,0.068,-0.068,18202.218,-16381.996,3197.672,-2877.905,0.000,0.746,-11.909,0.000,-0.633,-10.108
3.416,-9.134,-12.561,11.599,0.063,-0.063,0.068,-0.068,18207.547,-16386.792,3197.672,-2877.905,0.000,0.747,-11.914,0.000,-0.634,-10.112
3.417,-9.260,-12.648,11.466,0.063,-0.063,0.068,-0.068,18212.876,-16391.589,3197.672,-2877.905,0.000,0.748,-11.920,0.000,-0.635,-10.117
3.418,-9.376,-12.735,11.330,0.063,-0.063,0.068,-0.068,18218.206,-16396.385,3197.672,-2877.905,0.000,0.749,-11.925,0.000,-0.636,-10.122
3.419,-9.483,-12.824,11.190,0.063,-0.063,0.068,-0.068,18223.535,-16401.182,3197.672,-2877.905,0.000,0.750,-11.930,0.000,-0.637,-10.127
3.420,-9.580,-12.913,11.048,0.063,-0.063,0.068,-0.068,18228.865,-16405.978,3197.672,-2877.905,0.000,0.752,-11.935,0.000,-0.638,-10.131
3.421,-9.667,-13.003,10.902,0.063,-0.063,0.068,-0.068,18234.194,-16410.775,3197.672,-2877.905,0.000,0.753,-11.941,0.000,-0.639,-10.136
3.422,-9.744,-13.093,10.754,0.063,-0.063,0.068,-0.068,18239.524,-16415.571,3197.672,-2877.905,0.000,0.754,-11.946,0.000,-0.640,-10.141
3.423,-9.811,-13.183,10.603,0.063,-0.063,0.068,-0.068,18244.853,-16420.368,3197.672,-2877.905,0.000,0.755,-11.951,0.000,-0.641,-10.145
3.424,-9.866,-13.273,10.450,0.063,-0.063,0.068,-0.068,18250.183,-16425.164,3197.672,-2877.905,0.000,0.756,-11.956,0.000,-0.642,-10.150
3.425,-9.911,-13.363,10.294,0.063,-0.063,0.068,-0.068,18255.512,-16429.961,3197.672,-2877.905,0.000,0.757,-11.961,0.000,-0.643,-10.155
3.426,-9.945,-13.453,10.137,0.063,-0.063,0.068,-0.068,18260.842,-16434.757,3197.672,-2877.905,0.000,0.759,-11.967,0.000,-0.644,-10.159
3.427,-9.968,-13.542,9.978,0.063,-0.063,0.068,-0.068,18266.171,-16439.554,3197.672,-2877.905,0.000,0.760,-11.972,0.000,-0.645,-10.164
3.428,-9.980,-13.630,9.818,0.063,-0.063,0.068,-0.068,18271.500,-16444.350,3197.672,-2877.905,0.000,0.761,-11.977,0.000,-0.646,-10.169
3.429,-9.980,-13.717,9.657,0.064,-0.064,0.068,-0.068,18276.830,-16449.147,3197.672,-2877.905,0.000,0.762,-11.982,0.000,-0.647,-10.174
3.430,-9.969,-13.804,9.495,0.064,-0.064,0.068,-0.068,18282.159,-16453.943,3197.672,-2877.905,0.000,0.763,-11.988,0.000,-0.648,-10.178
3.431,-9.947,-13.889,9.333,0.064,-0.064,0.068,-0.068,18287.489,-16458.740,3197.672,-2877.905,0.000,0.764,-11.993,0.000,-0.649,-10.183
3.432,-9.913,-13.972,9.170,0.064,-0.064,0.068,-0.068,18292.818,-16463.536,3197.672,-2877.905,0.000,0.766,-11.998,0.000,-0.650,-10.188
3.433,-9.868,-14.054,9.008,0.064,-0.064,0.068,-0.068,18298.148,-16468.333,3197.672,-2877.905,0.000,0.767,-12.003,0.000,-0.651,-10.192
3.434,-9.812,-14.134,8.846,0.064,-0.064,0.068,-0.068,18303.477,-16473.129,3197.672,-2877.905,0.000,0.768,-12.008,0.000,-0.652,-10.197
3.435,-9.744,-14.213,8.684,0.064,-0.064,0.068,-0.068,18308.807,-16477.926,3197.672,-2877.905,0.000,0.769,-12.014,0.000,-0.653,-10.202
3.436,-9.665,-14.289,8.524,0.064,-0.064,0.068,-0.068,18314.136,-16482.722,3197.672,-2877.905,0.000,0.770,-12.019,0.000,-0.654,-10.206
3.437,-9.575,-14.363,8.365,0.064,-0.064,0.068,-0.068,18319.466,-16487.519,3197.672,-2877.905,0.000,0.772,-12.024,0.000,-0.655,-10.211
3.438,-9.473,-14.435,8.207,0.064,-0.064,0.068,-0.068,18324.795,-16492.316,3197.672,-2877.905,0.000,0.773,-12.029,0.000,-0.656,-10.216
3.439,-9.361,-14.504,8.051,0.064,-0.064,0.068,-0.068,18330.124,-16497.112,3197.672,-2877.905,0.000,0.774,-12.035,0.000,-0.657,-10.221
3.440,-9.238,-14.571,7.898,0.064,-0.064,0.068,-0.068,18335.454,-16501.909,3197.672,-2877.905,0.000,0.775,-12.040,0.000,-0.658,-10.225
3.441,-9.104,-14.636,7.746,0.064,-0.064,0.068,-0.068,18340.783,-16506.705,3197.672,-2877.905,0.000,0.776,-12.045,0.000,-0.659,-10.230
3.442,-8.960,-14.697,7.598,0.064,-0.064,0.068,-0.068,18346.113,-16511.502,3197.672,-2877.905,0.000,0.777,-12.050,0.000,-0.660,-10.235
3.443,-8.805,-14.756,7.453,0.064,-0.064,0.068,-0.068,18351.442,-16516.298,3197.672,-2877.905,0.000,0.779,-12.055,0.000,-0.661,-10.239
3.444,-8.641,-14.812,7.311,0.065,-0.065,0.068,-0.068,18356.772,-16521.095,3197.672,-2877.905,0.000,0.780,-12.061,0.000,-0.662,-10.244
3.445,-8.467,-14.865,7.173,0.065,-0.065,0.068,-0.068,18362.101,-16525.891,3197.672,-2877.905,0.000,0.781,-12.066,0.000,-0.663,-10.249
3.446,-8.283,-14.915,7.039,0.065,-0.065,0.068,-0.068,18367.431,-16530.688,3197.672,-2877.905,0.000,0.782,-12.071,0.000,-0.664,-10.253
3.447,-8.091,-14.962,6.909,0.065,-0.065,0.068,-0.068,18372.760,-16535.484,3197.672,-2877.905,0.000,0.783,-12.076,0.000,-0.665,-10.258
3.448,-7.889,-15.006,6.783,0.065,-0.065,0.068,-0.068,18378.090,-16540.281,3197.672,-2877.905,0.000,0.785,-12.082,0.000,-0.666,-10.263
3.449,-7.680,-15.047,6.662,0.065,-0.065,0.068,-0.068,18383.419,-16545.077,3197.672,-2877.905,0.000,0.786,-12.087,0.000,-0.667,-10.268
3.450,-7.462,-15.084,6.547,0.065,-0.065,0.068,-0.068,18388.748,-16549.874,3197.672,-2877.905,0.000,0.787,-12.092,0.000,-0.668,-10.272
3.451,-7.236,-15.118,6.436,0.065,-0.065,0.068,-0.068,18394.078,-16554.670,3197.672,-2877.905,0.000,0.788,-12.097,0.000,-0.669,-10.277
3.452,-7.003,-15.149,6.331,0.065,-0.065,0.068,-0.068,18399.407,-16559.467,3197.672,-2877.905,0.000,0.789,-12.102,0.000,-0.671,-10.282
3.453,-6.763,-15.176,6.232,0.065,-0.065,0.068,-0.068,18404.737,-16564.263,3197.672,-2877.905,0.000,0.790,-12.108,0.000,-0.672,-10.286
3.454,-6.517,-15.200,6.138,0.065,-0.065,0.068,-0.068,18410.066,-16569.060,3197.672,-2877.905,0.000,0.792,-12.113,0.000,-0.673,-10.291
3.455,-6.265,-15.221,6.051,0.065,-0.065,0.068,-0.068,18415.396,-16573.856,3197.672,-2877.905,0.000,0.793,-12.118,0.000,-0.674,-10.296
3.456,-6.007,-15.238,5.970,0.065,-0.065,0.068,-0.068,18420.725,-16578.653,3197.672,-2877.905,0.000,0.794,-12.123,0.000,-0.675,-10.300
3.457,-5.744,-15.251,5.896,0.065,-0.065,0.068,-0.068,18426.055,-16583.449,3197.672,-2877.905,0.000,0.795,-12.129,0.000,-0.676,-10.305
3.458,-5.477,-15.262,5.828,0.066,-0.066,0.068,-0.068,18431.384,-16588.246,3197.672,-2877.905,0.000,0.796,-12.134,0.000,-0.677,-10.310
3.459,-5.206,-15.268,5.767,0.066,-0.066,0.068,-0.068,18436.714,-16593.042,3197.672,-2877.905,0.000,0.798,-12.139,0.000,-0.678,-10.315
3.460,-4.930,-15.272,5.713,0.066,-0.066,0.068,-0.068,18442.043,-16597.839,3197.672,-2877.905,0.000,0.799,-12.144,0.000,-0.679,-10.319
3.461,-4.652,-15.271,5.666,0.066,-0.066,0.068,-0.068,18447.372,-16602.635,3197.672,-2877.905,0.000,0.800,-12.149,0.000,-0.680,-10.324
3.462,-4.372,-15.268,5.626,0.066,-0.066,0.068,-0.068,18452.702,-16607.432,3197.672,-2877.905,0.000,0.801,-12.155,0.000,-0.681,-10.329
3.463,-4.089,-15.261,5.593,0.066,-0.066,0.068,-0.068,18458.031,-16612.228,3197.672,-2877.905,0.000,0.802,-12.160,0.000,-0.682,-10.333
3.464,-3.805,-15.250,5.567,0.066,-0.066,0.068,-0.068,18463.361,-16617.025,3197.672,-2877.905,0.000,0.804,-12.165,0.000,-0.683,-10.338
3.465,-3.520,-15.236,5.549,0.066,-0.066,0.068,-0.068,18468.690,-16621.821,3197.672,-2877.905,0.000,0.805,-12.170,0.000,-0.684,-10.343
3.466,-3.235,-15.219,5.538,0.066,-0.066,0.068,-0.068,18474.020,-16626.618,3197.672,-2877.905,0.000,0.806,-12.175,0.000,-0.685,-10.347
3.467,-2.950,-15.198,5.534,0.066,-0.066,0.068,-0.068,18479.349,-16631.414,3197.672,-2877.905,0.000,0.807,-12.181,0.000,-0.686,-10.352
3.468,-2.665,-15.174,5.538,0.066,-0.066,0.068,-0.068,18484.679,-16636.211,3197.672,-2877.905,0.000,0.808,-12.186,0.000,-0.687,-10.357
3.469,-2.382,-15.147,5.549,0.066,-0.066,0.068,-0.068,18490.008,-16641.007,3197.672,-2877.905,0.000,0.810,-12.191,0.000,-0.688,-10.362
3.470,-2.101,-15.116,5.568,0.066,-0.066,0.068,-0.068,18495.338,-16645.804,3197.672,-2877.905,0.000,0.811,-12.196,0.000,-0.689,-10.366
3.471,-1.822,-15.082,5.593,0.066,-0.066,0.068,-0.068,18500.667,-16650.600,3197.672,-2877.905,0.000,0.812,-12.202,0.000,-0.690,-10.371
3.472,-1.546,-15.044,5.626,0.067,-0.067,0.068,-0.068,18505.996,-16655.397,3197.672,-2877.905,0.000,0.813,-12.207,0.000,-0.691,-10.376
3.473,-1.274,-15.004,5.666,0.067,-0.067,0.068,-0.068,18511.326,-16660.193,3197.672,-2877.905,0.000,0.814,-12.212,0.000,-0.692,-10.380
3.474,-1.005,-14.960,5.713,0.067,-0.067,0.068,-0.068,18516.655,-16664.990,3197.672,-2877.905,0.000,0.816,-12.217,0.000,-0.693,-10.385
3.475,-0.742,-14.913,5.767,0.067,-0.067,0.068,-0.068,18521.985,-16669.786,3197.672,-2877.905,0.000,0.817,-12.222,0.000,-0.694,-10.390
3.476,-0.483,-14.863,5.828,0.067,-0.067,0.068,-0.068,18527.314,-16674.583,3197.672,-2877.905,0.000,0.818,-12.228,0.000,-0.695,-10.394
3.477,-0.230,-14.810,5.895,0.067,-0.067,0.068,-0.068,18532.644,-16679.379,3197.672,-2877.905,0.000,0.819,-12.233,0.000,-0.696,-10.399
3.478,0.017,-14.753,5.969,0.067,-0.067,0.068,-0.068,18537.973,-16684.176,3197.672,-2877.905,0.000,0.820,-12.238,0.000,-0.697,-10.404
3.479,0.257,-14.694,6.049,0.067,-0.067,0.068,-0.068,18543.303,-16688.972,3197.672,-2877.905,0.000,0.822,-12.243,0.000,-0.698,-10.409
3.480,0.491,-14.632,6.135,0.067,-0.067,0.068,-0.068,18548.632,-16693.769,3197.672,-2877.905,0.000,0.823,-12.249,0.000,-0.700,-10.413
3.481,0.716,-14.567,6.227,0.067,-0.067,0.068,-0.068,18553.962,-16698.565,3197.672,-2877.905,0.000,0.824,-12.254,0.000,-0.701,-10.418
3.482,0.934,-14.499,6.324,0.067,-0.067,0.068,-0.068,18559.291,-16703.362,3197.672,-2877.905,0.000,0.825,-12.259,0.000,-0.702,-10.423
3.483,1.143,-14.428,6.428,0.067,-0.067,0.068,-0.068,18564.620,-16708.158,3197.672,-2877.905,0.000,0.826,-12.264,0.000,-0.703,-10.427
3.484,1.343,-14.355,6.536,0.067,-0.067,0.068,-0.068,18569.950,-16712.955,3197.672,-2877.905,0.000,0.828,-12.269,0.000,-0.704,-10.432
3.485,1.534,-14.279,6.649,0.067,-0.067,0.068,-0.068,18575.279,-16717.751,3197.672,-2877.905,0.000,0.829,-12.275,0.000,-0.705,-10.437
3.486,1.716,-14.200,6.767,0.067,-0.067,0.068,-0.068,18580.609,-16722.548,3197.672,-2877.905,0.000,0.830,-12.280,0.000,-0.706,-10.441
3.487,1.887,-14.119,6.889,0.068,-0.068,0.068,-0.068,18585.938,-16727.344,3197.672,-2877.905,0.000,0.831,-12.285,0.000,-0.707,-10.446
3.488,2.047,-14.036,7.016,0.068,-0.068,0.068,-0.068,18591.268,-16732.141,3197.672,-2877.905,0.000,0.833,-12.290,0.000,-0.708,-10.451
3.489,2.197,-13.950,7.146,0.068,-0.068,0.068,-0.068,18596.597,-16736.937,3197.672,-2877.905,0.000,0.834,-12.295,0.000,-0.709,-10.455
3.490,2.336,-13.863,7.280,0.068,-0.068,0.068,-0.068,18601.927,-16741.734,3197.672,-2877.905,0.000,0.835,-12.301,0.000,-0.710,-10.460
3.491,2.464,-13.773,7.418,0.068,-0.068,0.068,-0.068,18607.256,-16746.530,3197.672,-2877.905,0.000,0.836,-12.306,0.000,-0.711,-10.465
3.492,2.580,-13.681,7.558,0.068,-0.068,0.068,-0.068,18612.586,-16751.327,3197.672,-2877.905,0.000,0.837,-12.311,0.000,-0.712,-10.470
3.493,2.684,-13.588,7.701,0.068,-0.068,0.068,-0.068,18617.915,-16756.123,3197.672,-2877.905,0.000,0.839,-12.316,0.000,-0.713,-10.474
3.494,2.776,-13.493,7.846,0.068,-0.068,0.068,-0.068,18623.244,-16760.920,3197.672,-2877.905,0.000,0.840,-12.322,0.000,-0.714,-10.479
3.495,2.855,-13.397,7.994,0.068,-0.068,0.068,-0.068,18628.574,-16765.717,3197.672,-2877.905,0.000,0.841,-12.327,0.000,-0.715,-10.484
3.496,2.922,-13.299,8.143,0.068,-0.068,0.068,-0.068,18633.903,-16770.513,3197.672,-2877.905,0.000,0.842,-12.332,0.000,-0.716,-10.488
3.497,2.977,-13.200,8.294,0.068,-0.068,0.068,-0.068,18639.233,-16775.310,3197.672,-2877.905,0.000,0.843,-12.337,0.000,-0.717,-10.493
3.498,3.018,-13.100,8.445,0.068,-0.068,0.068,-0.068,18644.562,-16780.106,3197.672,-2877.905,0.000,0.845,-12.342,0.000,-0.718,-10.498
3.499,3.047,-12.999,8.598,0.068,-0.068,0.068,-0.068,18649.892,-16784.903,3197.672,-2877.905,0.000,0.846,-12.348,0.000,-0.720,-10.502
3.500,3.063,-12.897,8.751,0.068,-0.068,0.068,-0.068,18655.221,-16789.699,3197.672,-2877.905,0.000,0.847,-12.353,0.000,-0.721,-10.507
3.501,3.065,-12.795,8.904,0.069,-0.069,0.068,-0.068,18660.551,-16794.496,3197.672,-2877.905,0.000,0.848,-12.358,0.000,-0.722,-10.512
3.502,3.055,-12.693,9.057,0.069,-0.069,0.068,-0.068,18665.880,-16799.292,3197.672,-2877.905,0.000,0.850,-12.363,0.000,-0.723,-10.517
3.503,3.032,-12.590,9.210,0.069,-0.069,0.068,-0.068,18671.210,-16804.089,3197.672,-2877.905,0.000,0.851,-12.368,0.000,-0.724,-10.521
3.504,2.995,-12.487,9.362,0.069,-0.069,0.068,-0.068,18676.539,-16808.885,3197.672,-2877.905,0.000,0.852,-12.374,0.000,-0.725,-10.526
3.505,2.946,-12.385,9.512,0.069,-0.069,0.068,-0.068,18681.868,-16813.682,3197.672,-2877.905,0.000,0.853,-12.379,0.000,-0.726,-10.531
3.506,2.883,-12.283,9.662,0.069,-0.069,0.068,-0.068,18687.198,-16818.478,3197.672,-2877.905,0.000,0.855,-12.384,0.000,-0.727,-10.535
3.507,2.808,-12.182,9.810,0.069,-0.069,0.068,-0.068,18692.527,-16823.275,3197.672,-2877.905,0.000,0.856,-12.389,0.000,-0.728,-10.540
3.508,2.720,-12.081,9.955,0.069,-0.069,0.068,-0.068,18697.857,-16828.071,3197.672,-2877.905,0.000,0.857,-12.395,0.000,-0.729,-10.545
3.509,2.619,-11.982,10.099,0.069,-0.069,0.068,-0.068,18703.186,-16832.868,3197.672,-2877.905,0.000,0.858,-12.400,0.000,-0.730,-10.549
3.510,2.506,-11.884,10.240,0.069,-0.069,0.068,-0.068,18708.516,-16837.664,3197.672,-2877.905,0.000,0.859,-12.405,0.000,-0.731,-10.554
3.511,2.381,-11.788,10.379,0.069,-0.069,0.068,-0.068,18713.845,-16842.461,3197.672,-2877.905,0.000,0.861,-12.410,0.000,-0.732,-10.559
3.512,2.244,-11.693,10.514,0.069,-0.069,0.068,-0.068,18719.175,-16847.257,3197.672,-2877.905,0.000,0.862,-12.415,0.000,-0.733,-10.563
3.513,2.095,-11.600,10.646,0.069,-0.069,0.068,-0.068,18724.504,-16852.054,3197.672,-2877.905,0.000,0.863,-12.421,0.000,-0.734,-10.568
3.514,1.934,-11.509,10.775,0.069,-0.069,0.068,-0.068,18729.834,-16856.850,3197.672,-2877.905,0.000,0.864,-12.426,0.000,-0.735,-10.573
3.515,1.762,-11.421,10.900,0.070,-0.070,0.068,-0.068,18735.163,-16861.647,3197.672,-2877.905,0.000,0.866,-12.431,0.000,-0.737,-10.578
3.516,1.579,-11.335,11.020,0.070,-0.070,0.068,-0.068,18740.492,-16866.443,3197.672,-2877.905,0.000,0.867,-12.436,0.000,-0.738,-10.582
3.517,1.386,-11.251,11.137,0.070,-0.070,0.068,-0.068,18745.822,-16871.240,3197.672,-2877.905,0.000,0.868,-12.441,0.000,-0.739,-10.587
3.518,1.182,-11.171,11.249,0.070,-0.070,0.068,-0.068,18751.151,-16876.036,3197.672,-2877.905,0.000,0.869,-12.447,0.000,-0.740,-10.592
3.519,0.968,-11.094,11.357,0.070,-0.070,0.068,-0.068,18756.481,-16880.833,3197.672,-2877.905,0.000,0.871,-12.452,0.000,-0.741,-10.596
3.520,0.745,-11.020,11.460,0.070,-0.070,0.068,-0.068,18761.810,-16885.629,3197.672,-2877.905,0.000,0.872,-12.457,0.000,-0.742,-10.601
3.521,0.512,-10.950,11.558,0.070,-0.070,0.068,-0.068,18767.140,-16890.426,3197.672,-2877.905,0.000,0.873,-12.462,0.000,-0.743,-10.606
3.522,0.270,-10.884,11.651,0.070,-0.070,0.068,-0.068,18772.469,-16895.222,3197.672,-2877.905,0.000,0.874,-12.467,0.000,-0.744,-10.610
3.523,0.021,-10.821,11.738,0.070,-0.070,0.068,-0.068,18777.799,-16900.019,3197.672,-2877.905,0.000,0.875,-12.473,0.000,-0.745,-10.615
3.524,-0.237,-10.762,11.820,0.070,-0.070,0.068,-0.068,18783.128,-16904.815,3197.672,-2877.905,0.000,0.877,-12.478,0.000,-0.746,-10.620
3.525,-0.503,-10.708,11.896,0.070,-0.070,0.068,-0.068,18788.458,-16909.612,3197.672,-2877.905,0.000,0.878,-12.483,0.000,-0.747,-10.624
3.526,-0.775,-10.658,11.966,0.070,-0.070,0.068,-0.068,18793.787,-16914.408,3197.672,-2877.905,0.000,0.879,-12.488,0.000,-0.748,-10.629
3.527,-1.054,-10.612,12.030,0.070,-0.070,0.068,-0.068,18799.116,-16919.205,3197.672,-2877.905,0.000,0.880,-12.494,0.000,-0.749,-10.634
3.528,-1.339,-10.571,12.089,0.070,-0.070,0.068,-0.068,18804.446,-16924.001,3197.672,-2877.905,0.000,0.882,-12.499,0.000,-0.750,-10.639
3.529,-1.629,-10.535,12.141,0.070,-0.070,0.068,-0.068,18809.775,-16928.798,3197.672,-2877.905,0.000,0.883,-12.504,0.000,-0.752,-10.643
3.530,-1.924,-10.504,12.186,0.071,-0.071,0.068,-0.068,18815.105,-16933.594,3197.672,-2877.905,0.000,0.884,-12.509,0.000,-0.753,-10.648
3.531,-2.224,-10.477,12.226,0.071,-0.071,0.068,-0.068,18820.434,-16938.391,3197.672,-2877.905,0.000,0.885,-12.514,0.000,-0.754,-10.653
3.532,-2.528,-10.456,12.258,0.071,-0.071,0.068,-0.068,18825.764,-16943.187,3197.672,-2877.905,0.000,0.887,-12.520,0.000,-0.755,-10.657
3.533,-2.835,-10.439,12.284,0.071,-0.071,0.068,-0.068,18831.093,-16947.984,3197.672,-2877.905,0.000,0.888,-12.525,0.000,-0.756,-10.662
3.534,-3.145,-10.428,12.304,0.071,-0.071,0.068,-0.068,18836.423,-16952.780,3197.672,-2877.905,0.000,0.889,-12.530,0.000,-0.757,-10.667
3.535,-3.457,-10.421,12.316,0.071,-0.071,0.068,-0.068,18841.752,-16957.577,3197.672,-2877.905,0.000,0.890,-12.535,0.000,-0.758,-10.671
3.536,-3.771,-10.420,12.322,0.071,-0.071,0.068,-0.068,18847.082,-16962.373,3197.672,-2877.905,0.000,0.892,-12.540,0.000,-0.759,-10.676
3.537,-4.086,-10.425,12.321,0.071,-0.071,0.068,-0.068,18852.411,-16967.170,3197.672,-2877.905,0.000,0.893,-12.546,0.000,-0.760,-10.681
3.538,-4.402,-10.434,12.313,0.071,-0.071,0.068,-0.068,18857.740,-16971.966,3197.672,-2877.905,0.000,0.894,-12.551,0.000,-0.761,-10.685
3.539,-4.717,-10.448,12.297,0.071,-0.071,0.068,-0.068,18863.070,-16976.763,3197.672,-2877.905,0.000,0.895,-12.556,0.000,-0.762,-10.690
3.540,-5.032,-10.468,12.275,0.071,-0.071,0.068,-0.068,18868.399,-16981.559,3197.672,-2877.905,0.000,0.897,-12.561,0.000,-0.763,-10.695
3.541,-5.345,-10.493,12.246,0.071,-0.071,0.068,-0.068,18873.729,-16986.356,3197.672,-2877.905,0.000,0.898,-12.566,0.000,-0.765,-10.700
3.542,-5.657,-10.523,12.209,0.071,-0.071,0.068,-0.068,18879.058,-16991.152,3197.672,-2877.905,0.000,0.899,-12.572,0.000,-0.766,-10.704
3.543,-5.966,-10.557,12.165,0.071,-0.071,0.068,-0.068,18884.388,-16995.949,3197.672,-2877.905,0.000,0.900,-12.577,0.000,-0.767,-10.709
3.544,-6.272,-10.597,12.115,0.072,-0.072,0.068,-0.068,18889.717,-17000.745,3197.672,-2877.905,0.000,0.902,-12.582,0.000,-0.768,-10.714
3.545,-6.574,-10.641,12.057,0.072,-0.072,0.068,-0.068,18895.047,-17005.542,3197.672,-2877.905,0.000,0.903,-12.587,0.000,-0.769,-10.718
3.546,-6.872,-10.690,11.992,0.072,-0.072,0.068,-0.068,18900.376,-17010.338,3197.672,-2877.905,0.000,0.904,-12.593,0.000,-0.770,-10.723
3.547,-7.165,-10.744,11.920,0.072,-0.072,0.068,-0.068,18905.706,-17015.135,3197.672,-2877.905,0.000,0.905,-12.598,0.000,-0.771,-10.728
3.548,-7.452,-10.802,11.841,0.072,-0.072,0.068,-0.068,18911.035,-17019.931,3197.672,-2877.905,0.000,0.907,-12.603,0.000,-0.772,-10.732
3.549,-7.734,-10.864,11.755,0.072,-0.072,0.068,-0.068,18916.364,-17024.728,3197.672,-2877.905,0.000,0.908,-12.608,0.000,-0.773,-10.737
3.550,-8.008,-10.930,11.663,0.072,-0.072,0.068,-0.068,18921.694,-17029.524,3197.672,-2877.905,0.000,0.909,-12.613,0.000,-0.774,-10.742
3.551,-8.276,-11.001,11.563,0.072,-0.072,0.068,-0.068,18927.023,-17034.321,3197.672,-2877.905,0.000,0.911,-12.619,0.000,-0.775,-10.746
3.552,-8.536,-11.074,11.457,0.072,-0.072,0.068,-0.068,18932.353,-17039.117,3197.672,-2877.905,0.000,0.912,-12.624,0.000,-0.777,-10.751
3.553,-8.787,-11.152,11.344,0.072,-0.072,0.068,-0.068,18937.682,-17043.914,3197.672,-2877.905,0.000,0.913,-12.628,0.000,-0.778,-10.756
3.554,-9.029,-11.232,11.225,0.072,-0.072,0.068,-0.068,18943.012,-17048.711,3197.672,-2877.905,0.000,0.914,-12.633,0.000,-0.779,-10.761
3.555,-9.262,-11.316,11.100,0.072,-0.072,0.068,-0.068,18948.341,-17053.507,3197.672,-2877.905,0.000,0.915,-12.638,0.000,-0.780,-10.765
3.556,-9.485,-11.403,10.968,0.072,-0.072,0.068,-0.068,18953.671,-17058.304,3197.672,-2877.905,0.000,0.917,-12.643,0.000,-0.781,-10.770
3.557,-9.697,-11.492,10.831,0.072,-0.072,0.068,-0.068,18959.000,-17063.100,3197.672,-2877.905,0.000,0.918,-12.648,0.000,-0.782,-10.775
3.558,-9.898,-11.584,10.688,0.073,-0.073,0.068,-0.068,18964.330,-17067.897,3197.672,-2877.905,0.000,0.919,-12.652,0.000,-0.783,-10.779
3.559,-10.088,-11.677,10.539,0.073,-0.073,0.068,-0.068,18969.659,-17072.693,3197.672,-2877.905,0.000,0.920,-12.657,0.000,-0.784,-10.784
3.560,-10.266,-11.773,10.385,0.073,-0.073,0.068,-0.068,18974.988,-17077.490,3197.672,-2877.905,0.000,0.922,-12.662,0.000,-0.785,-10.789
3.561,-10.431,-11.870,10.225,0.073,-0.073,0.068,-0.068,18980.318,-17082.286,3197.672,-2877.905,0.000,0.923,-12.667,0.000,-0.786,-10.793
3.562,-10.584,-11.969,10.061,0.073,-0.073,0.068,-0.068,18985.647,-17087.083,3197.672,-2877.905,0.000,0.924,-12.671,0.000,-0.787,-10.798
3.563,-10.723,-12.068,9.892,0.073,-0.073,0.068,-0.068,18990.977,-17091.879,3197.672,-2877.905,0.000,0.925,-12.676,0.000,-0.789,-10.803
3.564,-10.849,-12.169,9.719,0.073,-0.073,0.068,-0.068,18996.306,-17096.676,3197.672,-2877.905,0.000,0.927,-12.681,0.000,-0.790,-10.807
3.565,-10.960,-12.270,9.542,0.073,-0.073,0.068,-0.068,19001.636,-17101.472,3197.672,-2877.905,0.000,0.928,-12.686,0.000,-0.791,-10.812
3.566,-11.058,-12.371,9.361,0.073,-0.073,0.068,-0.068,19006.965,-17106.269,3197.672,-2877.905,0.000,0.929,-12.691,0.000,-0.792,-10.817
3.567,-11.141,-12.473,9.177,0.073,-0.073,0.068,-0.068,19012.295,-17111.065,3197.672,-2877.905,0.000,0.930,-12.695,0.000,-0.793,-10.821
3.568,-11.209,-12.574,8.990,0.073,-0.073,0.068,-0.068,19017.624,-17115.862,3197.672,-2877.905,0.000,0.932,-12.700,0.000,-0.794,-10.826
3.569,-11.262,-12.675,8.800,0.073,-0.073,0.068,-0.068,19022.953,-17120.658,3197.672,-2877.905,0.000,0.933,-12.705,0.000,-0.795,-10.831
3.570,-11.300,-12.775,8.607,0.073,-0.073,0.068,-0.068,19028.283,-17125.455,3197.672,-2877.905,0.000,0.934,-12.710,0.000,-0.796,-10.836
3.571,-11.323,-12.874,8.413,0.073,-0.073,0.068,-0.068,19033.612,-17130.251,3197.672,-2877.905,0.000,0.935,-12.715,0.000,-0.797,-10.840
3.572,-11.329,-12.972,8.217,0.073,-0.073,0.068,-0.068,19038.942,-17135.048,3197.672,-2877.905,0.000,0.937,-12.719,0.000,-0.799,-10.845
3.573,-11.321,-13.069,8.020,0.074,-0.074,0.068,-0.068,19044.271,-17139.844,3197.672,-2877.905,0.000,0.938,-12.724,0.000,-0.800,-10.850
3.574,-11.296,-13.164,7.823,0.074,-0.074,0.068,-0.068,19049.601,-17144.641,3197.672,-2877.905,0.000,0.939,-12.729,0.000,-0.801,-10.854
3.575,-11.255,-13.257,7.624,0.074,-0.074,0.068,-0.068,19054.930,-17149.437,3197.672,-2877.905,0.000,0.940,-12.734,0.000,-0.802,-10.859
3.576,-11.199,-13.348,7.426,0.074,-0.074,0.068,-0.068,19060.260,-17154.234,3197.672,-2877.905,0.000,0.942,-12.739,0.000,-0.803,-10.864
3.577,-11.127,-13.437,7.229,0.074,-0.074,0.068,-0.068,19065.589,-17159.030,3197.672,-2877.905,0.000,0.943,-12.743,0.000,-0.804,-10.868
3.578,-11.039,-13.523,7.033,0.074,-0.074,0.068,-0.068,19070.919,-17163.827,3197.672,-2877.905,0.000,0.944,-12.748,0.000,-0.805,-10.873
3.579,-10.936,-13.607,6.838,0.074,-0.074,0.068,-0.068,19076.248,-17168.623,3197.672,-2877.905,0.000,0.945,-12.753,0.000,-0.806,-10.878
3.580,-10.817,-13.688,6.644,0.074,-0.074,0.068,-0.068,19081.577,-17173.420,3197.672,-2877.905,0.000,0.947,-12.758,0.000,-0.807,-10.882
3.581,-10.683,-13.766,6.454,0.074,-0.074,0.068,-0.068,19086.907,-17178.216,3197.672,-2877.905,0.000,0.948,-12.762,0.000,-0.809,-10.887
3.582,-10.533,-13.841,6.266,0.074,-0.074,0.068,-0.068,19092.236,-17183.013,3197.672,-2877.905,0.000,0.949,-12.767,0.000,-0.810,-10.892
3.583,-10.369,-13.912,6.081,0.074,-0.074,0.068,-0.068,19097.566,-17187.809,3197.672,-2877.905,0.000,0.950,-12.772,0.000,-0.811,-10.896
3.584,-10.191,-13.981,5.900,0.074,-0.074,0.068,-0.068,19102.895,-17192.606,3197.672,-2877.905,0.000,0.952,-12.777,0.000,-0.812,-10.901
3.585,-9.998,-14.046,5.722,0.074,-0.074,0.068,-0.068,19108.225,-17197.402,3197.672,-2877.905,0.000,0.953,-12.782,0.000,-0.813,-10.906
3.586,-9.791,-14.107,5.550,0.074,-0.074,0.068,-0.068,19113.554,-17202.199,3197.672,-2877.905,0.000,0.954,-12.786,0.000,-0.814,-10.911
3.587,-9.571,-14.165,5.382,0.075,-0.075,0.068,-0.068,19118.884,-17206.995,3197.672,-2877.905,0.000,0.955,-12.791,0.000,-0.815,-10.915
3.588,-9.338,-14.219,5.220,0.075,-0.075,0.068,-0.068,19124.213,-17211.792,3197.672,-2877.905,0.000,0.957,-12.796,0.000,-0.816,-10.920
3.589,-9.092,-14.270,5.063,0.075,-0.075,0.068,-0.068,19129.543,-17216.588,3197.672,-2877.905,0.000,0.958,-12.801,0.000,-0.817,-10.925
3.590,-8.834,-14.316,4.913,0.075,-0.075,0.068,-0.068,19134.872,-17221.385,3197.672,-2877.905,0.000,0.959,-12.806,0.000,-0.819,-10.929
3.591,-8.565,-14.359,4.769,0.075,-0.075,0.068,-0.068,19140.201,-17226.181,3197.672,-2877.905,0.000,0.960,-12.810,0.000,-0.820,-10.934
3.592,-8.284,-14.398,4.632,0.075,-0.075,0.068,-0.068,19145.531,-17230.978,3197.672,-2877.905,0.000,0.962,-12.815,0.000,-0.821,-10.939
3.593,-7.993,-14.433,4.503,0.075,-0.075,0.068,-0.068,19150.860,-17235.774,3197.672,-2877.905,0.000,0.963,-12.820,0.000,-0.822,-10.943
3.594,-7.692,-14.464,4.381,0.075,-0.075,0.068,-0.068,19156.190,-17240.571,3197.672,-2877.905,0.000,0.964,-12.825,0.000,-0.823,-10.948
3.595,-7.383,-14.490,4.267,0.075,-0.075,0.068,-0.068,19161.519,-17245.367,3197.672,-2877.905,0.000,0.965,-12.829,0.000,-0.824,-10.953
3.596,-7.064,-14.513,4.161,0.075,-0.075,0.068,-0.068,19166.849,-17250.164,3197.672,-2877.905,0.000,0.967,-12.834,0.000,-0.825,-10.957
3.597,-6.738,-14.532,4.063,0.075,-0.075,0.068,-0.068,19172.178,-17254.960,3197.672,-2877.905,0.000,0.968,-12.839,0.000,-0.826,-10.962
3.598,-6.405,-14.547,3.974,0.075,-0.075,0.068,-0.068,19177.508,-17259.757,3197.672,-2877.905,0.000,0.969,-12.844,0.000,-0.828,-10.967
3.599,-6.065,-14.557,3.894,0.075,-0.075,0.068,-0.068,19182.837,-17264.553,3197.672,-2877.905,0.000,0.970,-12.849,0.000,-0.829,-10.971
3.600,-5.719,-14.564,3.824,0.075,-0.075,0.068,-0.068,19188.167,-17269.350,3197.672,-2877.905,0.000,0.972,-12.853,0.000,-0.830,-10.976
3.601,-5.369,-14.566,3.762,0.076,-0.076,0.068,-0.068,19193.496,-17274.146,3197.672,-2877.905,0.000,0.973,-12.858,0.000,-0.831,-10.981
3.602,-5.015,-14.565,3.711,0.076,-0.076,0.068,-0.068,19198.825,-17278.943,3197.672,-2877.905,0.000,0.974,-12.863,0.000,-0.832,-10.986
3.603,-4.657,-14.560,3.668,0.076,-0.076,0.068,-0.068,19204.155,-17283.739,3197.672,-2877.905,0.000,0.975,-12.868,0.000,-0.833,-10.990
3.604,-4.297,-14.550,3.636,0.076,-0.076,0.068,-0.068,19209.484,-17288.536,3197.672,-2877.905,0.000,0.977,-12.872,0.000,-0.834,-10.995
3.605,-3.935,-14.537,3.613,0.076,-0.076,0.068,-0.068,19214.814,-17293.332,3197.672,-2877.905,0.000,0.978,-12.877,0.000,-0.835,-11.000
3.606,-3.572,-14.519,3.601,0.076,-0.076,0.068,-0.068,19220.143,-17298.129,3197.672,-2877.905,0.000,0.979,-12.882,0.000,-0.837,-11.004
3.607,-3.209,-14.498,3.598,0.076,-0.076,0.068,-0.068,19225.473,-17302.925,3197.672,-2877.905,0.000,0.981,-12.887,0.000,-0.838,-11.009
3.608,-2.847,-14.473,3.605,0.076,-0.076,0.068,-0.068,19230.802,-17307.722,3197.672,-2877.905,0.000,0.982,-12.892,0.000,-0.839,-11.014
3.609,-2.487,-14.443,3.622,0.076,-0.076,0.068,-0.068,19236.132,-17312.518,3197.672,-2877.905,0.000,0.983,-12.896,0.000,-0.840,-11.018
3.610,-2.128,-14.410,3.649,0.076,-0.076,0.068,-0.068,19241.461,-17317.315,3197.672,-2877.905,0.000,0.984,-12.901,0.000,-0.841,-11.023
3.611,-1.774,-14.374,3.686,0.076,-0.076,0.068,-0.068,19246.791,-17322.112,3197.672,-2877.905,0.000,0.986,-12.906,0.000,-0.842,-11.028
3.612,-1.423,-14.333,3.732,0.076,-0.076,0.068,-0.068,19252.120,-17326.908,3197.672,-2877.905,0.000,0.987,-12.911,0.000,-0.843,-11.032
3.613,-1.077,-14.288,3.788,0.076,-0.076,0.068,-0.068,19257.449,-17331.705,3197.672,-2877.905,0.000,0.988,-12.916,0.000,-0.844,-11.037
3.614,-0.736,-14.240,3.853,0.076,-0.076,0.068,-0.068,19262.779,-17336.501,3197.672,-2877.905,0.000,0.989,-12.920,0.000,-0.846,-11.042
3.615,-0.403,-14.188,3.928,0.076,-0.076,0.068,-0.068,19268.108,-17341.298,3197.672,-2877.905,0.000,0.991,-12.925,0.000,-0.847,-11.046
3.616,-0.076,-14.133,4.012,0.077,-0.077,0.068,-0.068,19273.438,-17346.094,3197.672,-2877.905,0.000,0.992,-12.930,0.000,-0.848,-11.051
3.617,0.243,-14.073,4.104,0.077,-0.077,0.068,-0.068,19278.767,-17350.891,3197.672,-2877.905,0.000,0.993,-12.935,0.000,-0.849,-11.056
3.618,0.553,-14.011,4.205,0.077,-0.077,0.068,-0.068,19284.097,-17355.687,3197.672,-2877.905,0.000,0.995,-12.939,0.000,-0.850,-11.060
3.619,0.853,-13.944,4.315,0.077,-0.077,0.068,-0.068,19289.426,-17360.484,3197.672,-2877.905,0.000,0.996,-12.944,0.000,-0.851,-11.065
3.620,1.143,-13.875,4.432,0.077,-0.077,0.068,-0.068,19294.756,-17365.280,3197.672,-2877.905,0.000,0.997,-12.949,0.000,-0.852,-11.070
3.621,1.423,-13.801,4.557,0.077,-0.077,0.068,-0.068,19300.085,-17370.077,3197.672,-2877.905,0.000,0.998,-12.954,0.000,-0.854,-11.075
3.622,1.690,-13.725,4.690,0.077,-0.077,0.068,-0.068,19305.415,-17374.873,3197.672,-2877.905,0.000,1.000,-12.959,0.000,-0.855,-11.079
3.623,1.946,-13.645,4.830,0.077,-0.077,0.068,-0.068,19310.744,-17379.670,3197.672,-2877.905,0.000,1.001,-12.963,0.000,-0.856,-11.084
3.624,2.189,-13.562,4.976,0.077,-0.077,0.068,-0.068,19316.073,-17384.466,3197.672,-2877.905,0.000,1.002,-12.968,0.000,-0.857,-11.089
3.625,2.418,-13.476,5.129,0.077,-0.077,0.068,-0.068,19321.403,-17389.263,3197.672,-2877.905,0.000,1.003,-12.973,0.000,-0.858,-11.093
3.626,2.634,-13.387,5.287,0.077,-0.077,0.068,-0.068,19326.732,-17394.059,3197.672,-2877.905,0.000,1.005,-12.978,0.000,-0.859,-11.098
3.627,2.835,-13.296,5.452,0.077,-0.077,0.068,-0.068,19332.062,-17398.856,3197.672,-2877.905,0.000,1.006,-12.982,0.000,-0.860,-11.103
3.628,3.021,-13.201,5.621,0.077,-0.077,0.068,-0.068,19337.391,-17403.652,3197.672,-2877.905,0.000,1.007,-12.987,0.000,-0.862,-11.107
3.629,3.191,-13.104,5.795,0.077,-0.077,0.068,-0.068,19342.721,-17408.449,3197.672,-2877.905,0.000,1.009,-12.992,0.000,-0.863,-11.112
3.630,3.346,-13.004,5.973,0.078,-0.078,0.068,-0.068,19348.050,-17413.245,3197.672,-2877.905,0.000,1.010,-12.997,0.000,-0.864,-11.117
3.631,3.484,-12.902,6.155,0.078,-0.078,0.068,-0.068,19353.380,-17418.042,3197.672,-2877.905,0.000,1.011,-13.002,0.000,-0.865,-11.121
3.632,3.606,-12.798,6.340,0.078,-0.078,0.068,-0.068,19358.709,-17422.838,3197.672,-2877.905,0.000,1.012,-13.006,0.000,-0.866,-11.126
3.633,3.711,-12.692,6.529,0.078,-0.078,0.068,-0.068,19364.039,-17427.635,3197.672,-2877.905,0.000,1.014,-13.011,0.000,-0.867,-11.131
3.634,3.799,-12.585,6.719,0.078,-0.078,0.068,-0.068,19369.368,-17432.431,3197.672,-2877.905,0.000,1.015,-13.016,0.000,-0.868,-11.135
3.635,3.870,-12.475,6.912,0.078,-0.078,0.068,-0.068,19374.697,-17437.228,3197.672,-2877.905,0.000,1.016,-13.021,0.000,-0.870,-11.140
3.636,3.923,-12.364,7.106,0.078,-0.078,0.068,-0.068,19380.027,-17442.024,3197.672,-2877.905,0.000,1.018,-13.025,0.000,-0.871,-11.145
3.637,3.958,-12.252,7.301,0.078,-0.078,0.068,-0.068,19385.356,-17446.821,3197.672,-2877.905,0.000,1.019,-13.030,0.000,-0.872,-11.149
3.638,3.975,-12.139,7.497,0.078,-0.078,0.068,-0.068,19390.686,-17451.617,3197.672,-2877.905,0.000,1.020,-13.035,0.000,-0.873,-11.154
3.639,3.974,-12.026,7.693,0.078,-0.078,0.068,-0.068,19396.015,-17456.414,3197.672,-2877.905,0.000,1.021,-13.040,0.000,-0.874,-11.159
3.640,3.955,-11.912,7.888,0.078,-0.078,0.068,-0.068,19401.345,-17461.210,3197.672,-2877.905,0.000,1.023,-13.045,0.000,-0.875,-11.163
3.641,3.919,-11.797,8.083,0.078,-0.078,0.068,-0.068,19406.674,-17466.007,3197.672,-2877.905,0.000,1.024,-13.049,0.000,-0.876,-11.168
3.642,3.864,-11.683,8.276,0.078,-0.078,0.068,-0.068,19412.004,-17470.803,3197.672,-2877.905,0.000,1.025,-13.054,0.000,-0.878,-11.173
3.643,3.791,-11.569,8.468,0.078,-0.078,0.068,-0.068,19417.333,-17475.600,3197.672,-2877.905,0.000,1.027,-13.059,0.000,-0.879,-11.178
3.644,3.701,-11.456,8.658,0.079,-0.079,0.068,-0.068,19422.663,-17480.396,3197.672,-2877.905,0.000,1.028,-13.064,0.000,-0.880,-11.182
3.645,3.593,-11.343,8.845,0.079,-0.079,0.068,-0.068,19427.992,-17485.193,3197.672,-2877.905,0.000,1.029,-13.068,0.000,-0.881,-11.187
3.646,3.468,-11.232,9.029,0.079,-0.079,0.068,-0.068,19433.321,-17489.989,3197.672,-2877.905,0.000,1.031,-13.073,0.000,-0.882,-11.192
3.647,3.325,-11.122,9.210,0.079,-0.079,0.068,-0.068,19438.651,-17494.786,3197.672,-2877.905,0.000,1.032,-13.078,0.000,-0.883,-11.196
3.648,3.166,-11.014,9.387,0.079,-0.079,0.068,-0.068,19443.980,-17499.582,3197.672,-2877.905,0.000,1.033,-13.083,0.000,-0.884,-11.201
3.649,2.990,-10.908,9.560,0.079,-0.079,0.068,-0.068,19449.310,-17504.379,3197.672,-2877.905,0.000,1.034,-13.088,0.000,-0.886,-11.206
3.650,2.798,-10.804,9.728,0.079,-0.079,0.068,-0.068,19454.639,-17509.175,3197.672,-2877.905,0.000,1.036,-13.092,0.000,-0.887,-11.210
3.651,2.590,-10.703,9.892,0.079,-0.079,0.068,-0.068,19459.969,-17513.972,3197.672,-2877.905,0.000,1.037,-13.097,0.000,-0.888,-11.215
3.652,2.367,-10.604,10.050,0.079,-0.079,0.068,-0.068,19465.298,-17518.768,3197.672,-2877.905,0.000,1.038,-13.102,0.000,-0.889,-11.220
3.653,2.129,-10.509,10.203,0.079,-0.079,0.068,-0.068,19470.628,-17523.565,3197.672,-2877.905,0.000,1.040,-13.107,0.000,-0.890,-11.224
3.654,1.876,-10.418,10.350,0.079,-0.079,0.068,-0.068,19475.957,-17528.361,3197.672,-2877.905,0.000,1.041,-13.111,0.000,-0.891,-11.229
3.655,1.610,-10.330,10.490,0.079,-0.079,0.068,-0.068,19481.287,-17533.158,3197.672,-2877.905,0.000,1.042,-13.116,0.000,-0.893,-11.234
3.656,1.330,-10.246,10.624,0.079,-0.079,0.068,-0.068,19486.616,-17537.954,3197.672,-2877.905,0.000,1.043,-13.121,0.000,-0.894,-11.238
3.657,1.037,-10.167,10.752,0.079,-0.079,0.068,-0.068,19491.945,-17542.751,3197.672,-2877.905,0.000,1.045,-13.126,0.000,-0.895,-11.243
3.658,0.733,-10.092,10.872,0.080,-0.080,0.068,-0.068,19497.275,-17547.547,3197.672,-2877.905,0.000,1.046,-13.131,0.000,-0.896,-11.248
3.659,0.416,-10.022,10.986,0.080,-0.080,0.068,-0.068,19502.604,-17552.344,3197.672,-2877.905,0.000,1.047,-13.135,0.000,-0.897,-11.252
3.660,0.089,-9.957,11.091,0.080,-0.080,0.068,-0.068,19507.934,-17557.140,3197.672,-2877.905,0.000,1.049,-13.140,0.000,-0.898,-11.257
3.661,-0.249,-9.897,11.189,0.080,-0.080,0.068,-0.068,19513.263,-17561.937,3197.672,-2877.905,0.000,1.050,-13.145,0.000,-0.900,-11.262
3.662,-0.596,-9.843,11.279,0.080,-0.080,0.068,-0.068,19518.593,-17566.733,3197.672,-2877.905,0.000,1.051,-13.150,0.000,-0.901,-11.266
3.663,-0.952,-9.794,11.361,0.080,-0.080,0.068,-0.068,19523.922,-17571.530,3197.672,-2877.905,0.000,1.053,-13.154,0.000,-0.902,-11.271
3.664,-1.315,-9.752,11.435,0.080,-0.080,0.068,-0.068,19529.252,-17576.326,3197.672,-2877.905,0.000,1.054,-13.159,0.000,-0.903,-11.276
3.665,-1.687,-9.715,11.500,0.080,-0.080,0.068,-0.068,19534.581,-17581.123,3197.672,-2877.905,0.000,1.055,-13.164,0.000,-0.904,-11.280
3.666,-2.064,-9.684,11.556,0.080,-0.080,0.068,-0.068,19539.911,-17585.919,3197.672,-2877.905,0.000,1.057,-13.169,0.000,-0.905,-11.285
3.667,-2.447,-9.660,11.604,0.080,-0.080,0.068,-0.068,19545.240,-17590.716,3197.672,-2877.905,0.000,1.058,-13.174,0.000,-0.907,-11.290
3.668,-2.836,-9.642,11.642,0.080,-0.080,0.068,-0.068,19550.569,-17595.513,3197.672,-2877.905,0.000,1.059,-13.178,0.000,-0.908,-11.295
3.669,-3.228,-9.630,11.672,0.080,-0.080,0.068,-0.068,19555.899,-17600.309,3197.672,-2877.905,0.000,1.060,-13.183,0.000,-0.909,-11.299
3.670,-3.623,-9.625,11.692,0.080,-0.080,0.068,-0.068,19561.228,-17605.106,3197.672,-2877.905,0.000,1.062,-13.188,0.000,-0.910,-11.304
3.671,-4.020,-9.626,11.703,0.080,-0.080,0.068,-0.068,19566.558,-17609.902,3197.672,-2877.905,0.000,1.063,-13.193,0.000,-0.911,-11.309
3.672,-4.419,-9.634,11.704,0.080,-0.080,0.068,-0.068,19571.887,-17614.699,3197.672,-2877.905,0.000,1.064,-13.197,0.000,-0.912,-11.313
3.673,-4.819,-9.649,11.696,0.081,-0.081,0.068,-0.068,19577.217,-17619.495,3197.672,-2877.905,0.000,1.066,-13.202,0.000,-0.914,-11.318
3.674,-5.218,-9.670,11.679,0.081,-0.081,0.068,-0.068,19582.546,-17624.292,3197.672,-2877.905,0.000,1.067,-13.207,0.000,-0.915,-11.323
3.675,-5.616,-9.698,11.651,0.081,-0.081,0.068,-0.068,19587.876,-17629.088,3197.672,-2877.905,0.000,1.068,-13.212,0.000,-0.916,-11.327
3.676,-6.012,-9.732,11.615,0.081,-0.081,0.068,-0.068,19593.205,-17633.885,3197.672,-2877.905,0.000,1.070,-13.217,0.000,-0.917,-11.332
3.677,-6.405,-9.772,11.568,0.081,-0.081,0.068,-0.068,19598.535,-17638.681,3197.672,-2877.905,0.000,1.071,-13.221,0.000,-0.918,-11.337
3.678,-6.794,-9.819,11.512,0.081,-0.081,0.068,-0.068,19603.864,-17643.478,3197.672,-2877.905,0.000,1.072,-13.226,0.000,-0.919,-11.341
3.679,-7.178,-9.871,11.447,0.081,-0.081,0.068,-0.068,19609.193,-17648.274,3197.672,-2877.905,0.000,1.074,-13.231,0.000,-0.921,-11.346
3.680,-7.556,-9.930,11.371,0.081,-0.081,0.068,-0.068,19614.523,-17653.071,3197.672,-2877.905,0.000,1.075,-13.236,0.000,-0.922,-11.351
3.681,-7.928,-9.994,11.287,0.081,-0.081,0.068,-0.068,19619.852,-17657.867,3197.672,-2877.905,0.000,1.076,-13.240,0.000,-0.923,-11.355
3.682,-8.292,-10.063,11.192,0.081,-0.081,0.068,-0.068,19625.182,-17662.664,3197.672,-2877.905,0.000,1.078,-13.245,0.000,-0.924,-11.360
3.683,-8.648,-10.138,11.089,0.081,-0.081,0.068,-0.068,19630.511,-17667.460,3197.672,-2877.905,0.000,1.079,-13.250,0.000,-0.925,-11.365
3.684,-8.994,-10.219,10.976,0.081,-0.081,0.068,-0.068,19635.841,-17672.257,3197.672,-2877.905,0.000,1.080,-13.255,0.000,-0.927,-11.369
3.685,-9.331,-10.303,10.854,0.081,-0.081,0.068,-0.068,19641.170,-17677.053,3197.672,-2877.905,0.000,1.082,-13.260,0.000,-0.928,-11.374
3.686,-9.656,-10.393,10.723,0.081,-0.081,0.068,-0.068,19646.500,-17681.850,3197.672,-2877.905,0.000,1.083,-13.264,0.000,-0.929,-11.379
3.687,-9.969,-10.487,10.583,0.082,-0.082,0.068,-0.068,19651.829,-17686.646,3197.672,-2877.905,0.000,1.084,-13.269,0.000,-0.930,-11.383
3.688,-10.270,-10.584,10.435,0.082,-0.082,0.068,-0.068,19657.159,-17691.443,3197.672,-2877.905,0.000,1.085,-13.274,0.000,-0.931,-11.388
3.689,-10.558,-10.685,10.278,0.082,-0.082,0.068,-0.068,19662.488,-17696.239,3197.672,-2877.905,0.000,1.087,-13.279,0.000,-0.932,-11.393
3.690,-10.831,-10.790,10.113,0.082,-0.082,0.068,-0.068,19667.817,-17701.036,3197.672,-2877.905,0.000,1.088,-13.283,0.000,-0.934,-11.397
3.691,-11.089,-10.897,9.940,0.082,-0.082,0.068,-0.068,19673.147,-17705.832,3197.672,-2877.905,0.000,1.089,-13.288,0.000,-0.935,-11.402
3.692,-11.332,-11.007,9.759,0.082,-0.082,0.068,-0.068,19678.476,-17710.629,3197.672,-2877.905,0.000,1.091,-13.293,0.000,-0.936,-11.407
3.693,-11.558,-11.120,9.571,0.082,-0.082,0.068,-0.068,19683.806,-17715.425,3197.672,-2877.905,0.000,1.092,-13.298,0.000,-0.937,-11.411
3.694,-11.767,-11.234,9.377,0.082,-0.082,0.068,-0.068,19689.135,-17720.222,3197.672,-2877.905,0.000,1.093,-13.302,0.000,-0.938,-11.416
3.695,-11.959,-11.350,9.175,0.082,-0.082,0.068,-0.068,19694.465,-17725.018,3197.672,-2877.905,0.000,1.095,-13.307,0.000,-0.940,-11.421
3.696,-12.132,-11.467,8.968,0.082,-0.082,0.068,-0.068,19699.794,-17729.815,3197.672,-2877.905,0.000,1.096,-13.312,0.000,-0.941,-11.425
3.697,-12.287,-11.584,8.755,0.082,-0.082,0.068,-0.068,19705.124,-17734.611,3197.672,-2877.905,0.000,1.097,-13.317,0.000,-0.942,-11.430
3.698,-12.422,-11.703,8.536,0.082,-0.082,0.068,-0.068,19710.453,-17739.408,3197.672,-2877.905,0.000,1.099,-13.322,0.000,-0.943,-11.435
3.699,-12.538,-11.821,8.313,0.082,-0.082,0.068,-0.068,19715.783,-17744.204,3197.672,-2877.905,0.000,1.100,-13.326,0.000,-0.944,-11.439
3.700,-12.633,-11.939,8.085,0.082,-0.082,0.068,-0.068,19721.112,-17749.001,3197.672,-2877.905,0.000,1.101,-13.331,0.000,-0.946,-11.444
3.701,-12.708,-12.056,7.853,0.083,-0.083,0.068,-0.068,19726.441,-17753.797,3197.672,-2877.905,0.000,1.103,-13.336,0.000,-0.947,-11.449
3.702,-12.762,-12.173,7.618,0.083,-0.083,0.068,-0.068,19731.771,-17758.594,3197.672,-2877.905,0.000,1.104,-13.341,0.000,-0.948,-11.453
3.703,-12.794,-12.288,7.381,0.083,-0.083,0.068,-0.068,19737.100,-17763.390,3197.672,-2877.905,0.000,1.105,-13.345,0.000,-0.949,-11.458
3.704,-12.806,-12.401,7.141,0.083,-0.083,0.068,-0.068,19742.430,-17768.187,3197.672,-2877.905,0.000,1.107,-13.350,0.000,-0.950,-11.463
3.705,-12.795,-12.513,6.899,0.083,-0.083,0.068,-0.068,19747.759,-17772.983,3197.672,-2877.905,0.000,1.108,-13.355,0.000,-0.951,-11.468
3.706,-12.763,-12.622,6.657,0.083,-0.083,0.068,-0.068,19753.089,-17777.780,3197.672,-2877.905,0.000,1.109,-13.360,0.000,-0.953,-11.472
3.707,-12.710,-12.729,6.414,0.083,-0.083,0.068,-0.068,19758.418,-17782.576,3197.672,-2877.905,0.000,1.111,-13.364,0.000,-0.954,-11.477
3.708,-12.635,-12.833,6.171,0.083,-0.083,0.068,-0.068,19763.748,-17787.373,3197.672,-2877.905,0.000,1.112,-13.369,0.000,-0.955,-11.482
3.709,-12.538,-12.934,5.930,0.083,-0.083,0.068,-0.068,19769.077,-17792.169,3197.672,-2877.905,0.000,1.113,-13.374,0.000,-0.956,-11.486
3.710,-12.419,-13.031,5.690,0.083,-0.083,0.068,-0.068,19774.407,-17796.966,3197.672,-2877.905,0.000,1.115,-13.379,0.000,-0.957,-11.491
3.711,-12.279,-13.125,5.452,0.083,-0.083,0.068,-0.068,19779.736,-17801.762,3197.672,-2877.905,0.000,1.116,-13.384,0.000,-0.959,-11.496
3.712,-12.118,-13.216,5.217,0.083,-0.083,0.068,-0.068,19785.065,-17806.559,3197.672,-2877.905,0.000,1.117,-13.388,0.000,-0.960,-11.500
3.713,-11.936,-13.303,4.985,0.083,-0.083,0.068,-0.068,19790.395,-17811.355,3197.672,-2877.905,0.000,1.119,-13.393,0.000,-0.961,-11.505
3.714,-11.734,-13.385,4.758,0.083,-0.083,0.068,-0.068,19795.724,-17816.152,3197.672,-2877.905,0.000,1.120,-13.398,0.000,-0.962,-11.510
3.715,-11.511,-13.464,4.535,0.083,-0.083,0.068,-0.068,19801.054,-17820.948,3197.672,-2877.905,0.000,1.121,-13.403,0.000,-0.963,-11.514
3.716,-11.270,-13.538,4.318,0.084,-0.084,0.068,-0.068,19806.383,-17825.745,3197.672,-2877.905,0.000,1.123,-13.407,0.000,-0.965,-11.519
3.717,-11.008,-13.608,4.107,0.084,-0.084,0.068,-0.068,19811.713,-17830.541,3197.672,-2877.905,0.000,1.124,-13.412,0.000,-0.966,-11.524
3.718,-10.729,-13.673,3.903,0.084,-0.084,0.068,-0.068,19817.042,-17835.338,3197.672,-2877.905,0.000,1.125,-13.417,0.000,-0.967,-11.528
3.719,-10.432,-13.734,3.705,0.084,-0.084,0.068,-0.068,19822.372,-17840.134,3197.672,-2877.905,0.000,1.127,-13.422,0.000,-0.968,-11.533
3.720,-10.117,-13.790,3.516,0.084,-0.084,0.068,-0.068,19827.701,-17844.931,3197.672,-2877.905,0.000,1.128,-13.426,0.000,-0.969,-11.538
3.721,-9.786,-13.841,3.336,0.084,-0.084,0.068,-0.068,19833.031,-17849.727,3197.672,-2877.905,0.000,1.130,-13.431,0.000,-0.971,-11.542
3.722,-9.440,-13.887,3.164,0.084,-0.084,0.068,-0.068,19838.360,-17854.524,3197.672,-2877.905,0.000,1.131,-13.436,0.000,-0.972,-11.547
3.723,-9.078,-13.929,3.002,0.084,-0.084,0.068,-0.068,19843.689,-17859.320,3197.672,-2877.905,0.000,1.132,-13.441,0.000,-0.973,-11.552
3.724,-8.703,-13.966,2.850,0.084,-0.084,0.068,-0.068,19849.019,-17864.117,3197.672,-2877.905,0.000,1.134,-13.446,0.000,-0.974,-11.556
3.725,-8.315,-13.998,2.708,0.084,-0.084,0.068,-0.068,19854.348,-17868.914,3197.672,-2877.905,0.000,1.135,-13.450,0.000,-0.975,-11.561
3.726,-7.915,-14.025,2.577,0.084,-0.084,0.068,-0.068,19859.678,-17873.710,3197.672,-2877.905,0.000,1.136,-13.455,0.000,-0.977,-11.566
3.727,-7.504,-14.048,2.458,0.084,-0.084,0.068,-0.068,19865.007,-17878.507,3197.672,-2877.905,0.000,1.138,-13.460,0.000,-0.978,-11.570
3.728,-7.082,-14.065,2.350,0.084,-0.084,0.068,-0.068,19870.337,-17883.303,3197.672,-2877.905,0.000,1.139,-13.465,0.000,-0.979,-11.575
3.729,-6.652,-14.078,2.254,0.084,-0.084,0.068,-0.068,19875.666,-17888.100,3197.672,-2877.905,0.000,1.140,-13.469,0.000,-0.980,-11.580
3.730,-6.215,-14.086,2.171,0.085,-0.085,0.068,-0.068,19880.996,-17892.896,3197.672,-2877.905,0.000,1.142,-13.474,0.000,-0.982,-11.584
3.731,-5.770,-14.089,2.100,0.085,-0.085,0.068,-0.068,19886.325,-17897.693,3197.672,-2877.905,0.000,1.143,-13.479,0.000,-0.983,-11.589
3.732,-5.320,-14.088,2.043,0.085,-0.085,0.068,-0.068,19891.655,-17902.489,3197.672,-2877.905,0.000,1.144,-13.484,0.000,-0.984,-11.594
3.733,-4.866,-14.081,1.998,0.085,-0.085,0.068,-0.068,19896.984,-17907.286,3197.672,-2877.905,0.000,1.146,-13.488,0.000,-0.985,-11.598
3.734,-4.409,-14.071,1.966,0.085,-0.085,0.068,-0.068,19902.313,-17912.082,3197.672,-2877.905,0.000,1.147,-13.493,0.000,-0.986,-11.603
3.735,-3.949,-14.055,1.948,0.085,-0.085,0.068,-0.068,19907.643,-17916.879,3197.672,-2877.905,0.000,1.148,-13.498,0.000,-0.988,-11.608
3.736,-3.489,-14.035,1.943,0.085,-0.085,0.068,-0.068,19912.972,-17921.675,3197.672,-2877.905,0.000,1.150,-13.503,0.000,-0.989,-11.612
3.737,-3.029,-14.010,1.951,0.085,-0.085,0.068,-0.068,19918.302,-17926.472,3197.672,-2877.905,0.000,1.151,-13.508,0.000,-0.990,-11.617
3.738,-2.571,-13.981,1.973,0.085,-0.085,0.068,-0.068,19923.631,-17931.268,3197.672,-2877.905,0.000,1.152,-13.512,0.000,-0.991,-11.622
3.739,-2.116,-13.947,2.008,0.085,-0.085,0.068,-0.068,19928.961,-17936.065,3197.672,-2877.905,0.000,1.154,-13.517,0.000,-0.992,-11.626
3.740,-1.665,-13.908,2.056,0.085,-0.085,0.068,-0.068,19934.290,-17940.861,3197.672,-2877.905,0.000,1.155,-13.522,0.000,-0.994,-11.631
3.741,-1.220,-13.865,2.118,0.085,-0.085,0.068,-0.068,19939.620,-17945.658,3197.672,-2877.905,0.000,1.157,-13.527,0.000,-0.995,-11.636
3.742,-0.781,-13.818,2.192,0.085,-0.085,0.068,-0.068,19944.949,-17950.454,3197.672,-2877.905,0.000,1.158,-13.531,0.000,-0.996,-11.640
3.743,-0.350,-13.766,2.279,0.085,-0.085,0.068,-0.068,19950.279,-17955.251,3197.672,-2877.905,0.000,1.159,-13.536,0.000,-0.997,-11.645
3.744,0.073,-13.710,2.378,0.086,-0.086,0.068,-0.068,19955.608,-17960.047,3197.672,-2877.905,0.000,1.161,-13.541,0.000,-0.999,-11.650
3.745,0.485,-13.649,2.490,0.086,-0.086,0.068,-0.068,19960.937,-17964.844,3197.672,-2877.905,0.000,1.162,-13.546,0.000,-1.000,-11.654
3.746,0.886,-13.584,2.613,0.086,-0.086,0.068,-0.068,19966.267,-17969.640,3197.672,-2877.905,0.000,1.163,-13.550,0.000,-1.001,-11.659
3.747,1.275,-13.515,2.748,0.086,-0.086,0.068,-0.068,19971.596,-17974.437,3197.672,-2877.905,0.000,1.165,-13.555,0.000,-1.002,-11.664
3.748,1.651,-13.442,2.894,0.086,-0.086,0.068,-0.068,19976.926,-17979.233,3197.672,-2877.905,0.000,1.166,-13.560,0.000,-1.003,-11.668
3.749,2.012,-13.364,3.051,0.086,-0.086,0.068,-0.068,19982.255,-17984.030,3197.672,-2877.905,0.000,1.167,-13.565,0.000,-1.005,-11.673
3.750,2.358,-13.283,3.218,0.086,-0.086,0.068,-0.068,19987.585,-17988.826,3197.672,-2877.905,0.000,1.169,-13.570,0.000,-1.006,-11.678
3.751,2.687,-13.197,3.394,0.086,-0.086,0.068,-0.068,19992.914,-17993.623,3197.672,-2877.905,0.000,1.170,-13.574,0.000,-1.007,-11.682
3.752,2.999,-13.107,3.580,0.086,-0.086,0.068,-0.068,19998.244,-17998.419,3197.672,-2877.905,0.000,1.172,-13.579,0.000,-1.008,-11.687
3.753,3.293,-13.014,3.774,0.086,-0.086,0.068,-0.068,20003.573,-18003.216,3197.672,-2877.905,0.000,1.173,-13.584,0.000,-1.010,-11.692
3.754,3.568,-12.916,3.977,0.086,-0.086,0.068,-0.068,20008.903,-18008.012,3197.672,-2877.905,0.000,1.174,-13.589,0.000,-1.011,-11.696
3.755,3.824,-12.815,4.186,0.086,-0.086,0.068,-0.068,20014.232,-18012.809,3197.672,-2877.905,0.000,1.176,-13.593,0.000,-1.012,-11.701
3.756,4.058,-12.711,4.403,0.086,-0.086,0.068,-0.068,20019.561,-18017.605,3197.672,-2877.905,0.000,1.177,-13.598,0.000,-1.013,-11.706
3.757,4.272,-12.603,4.626,0.086,-0.086,0.068,-0.068,20024.891,-18022.402,3197.672,-2877.905,0.000,1.178,-13.603,0.000,-1.014,-11.710
3.758,4.464,-12.493,4.855,0.086,-0.086,0.068,-0.068,20030.220,-18027.198,3197.672,-2877.905,0.000,1.180,-13.608,0.000,-1.016,-11.715
3.759,4.633,-12.379,5.088,0.087,-0.087,0.068,-0.068,20035.550,-18031.995,3197.672,-2877.905,0.000,1.181,-13.612,0.000,-1.017,-11.720
3.760,4.780,-12.262,5.326,0.087,-0.087,0.068,-0.068,20040.879,-18036.791,3197.672,-2877.905,0.000,1.182,-13.617,0.000,-1.018,-11.724
3.761,4.903,-12.143,5.568,0.087,-0.087,0.068,-0.068,20046.209,-18041.588,3197.672,-2877.905,0.000,1.184,-13.622,0.000,-1.019,-11.729
3.762,5.002,-12.022,5.812,0.087,-0.087,0.068,-0.068,20051.538,-18046.384,3197.672,-2877.905,0.000,1.185,-13.627,0.000,-1.021,-11.734
3.763,5.078,-11.898,6.059,0.087,-0.087,0.068,-0.068,20056.868,-18051.181,3197.672,-2877.905,0.000,1.187,-13.631,0.000,-1.022,-11.738
3.764,5.129,-11.773,6.307,0.087,-0.087,0.068,-0.068,20062.197,-18055.977,3197.672,-2877.905,0.000,1.188,-13.636,0.000,-1.023,-11.743
3.765,5.156,-11.646,6.556,0.087,-0.087,0.068,-0.068,20067.527,-18060.774,3197.672,-2877.905,0.000,1.189,-13.641,0.000,-1.024,-11.748
3.766,5.158,-11.518,6.805,0.087,-0.087,0.068,-0.068,20072.856,-18065.570,3197.672,-2877.905,0.000,1.191,-13.646,0.000,-1.026,-11.752
3.767,5.136,-11.390,7.054,0.087,-0.087,0.068,-0.068,20078.185,-18070.367,3197.672,-2877.905,0.000,1.192,-13.651,0.000,-1.027,-11.757
3.768,5.089,-11.260,7.302,0.087,-0.087,0.068,-0.068,20083.515,-18075.163,3197.672,-2877.905,0.000,1.193,-13.655,0.000,-1.028,-11.762
3.769,5.017,-11.131,7.548,0.087,-0.087,0.068,-0.068,20088.844,-18079.960,3197.672,-2877.905,0.000,1.195,-13.660,0.000,-1.029,-11.766
3.770,4.921,-11.002,7.791,0.087,-0.087,0.068,-0.068,20094.174,-18084.756,3197.672,-2877.905,0.000,1.196,-13.665,0.000,-1.030,-11.771
3.771,4.800,-10.873,8.032,0.087,-0.087,0.068,-0.068,20099.503,-18089.553,3197.672,-2877.905,0.000,1.198,-13.670,0.000,-1.032,-11.776
3.772,4.656,-10.746,8.269,0.087,-0.087,0.068,-0.068,20104.833,-18094.349,3197.672,-2877.905,0.000,1.199,-13.674,0.000,-1.033,-11.780
3.773,4.488,-10.620,8.501,0.088,-0.088,0.068,-0.068,20110.162,-18099.146,3197.672,-2877.905,0.000,1.200,-13.679,0.000,-1.034,-11.785
3.774,4.296,-10.495,8.729,0.088,-0.088,0.068,-0.068,20115.492,-18103.942,3197.672,-2877.905,0.000,1.202,-13.684,0.000,-1.035,-11.790
3.775,4.082,-10.373,8.951,0.088,-0.088,0.068,-0.068,20120.821,-18108.739,3197.672,-2877.905,0.000,1.203,-13.689,0.000,-1.037,-11.794
3.776,3.846,-10.254,9.167,0.088,-0.088,0.068,-0.068,20126.150,-18113.535,3197.672,-2877.905,0.000,1.205,-13.693,0.000,-1.038,-11.799
3.777,3.587,-10.137,9.377,0.088,-0.088,0.068,-0.068,20131.480,-18118.332,3197.672,-2877.905,0.000,1.206,-13.698,0.000,-1.039,-11.804
3.778,3.308,-10.024,9.580,0.088,-0.088,0.068,-0.068,20136.809,-18123.128,3197.672,-2877.905,0.000,1.207,-13.703,0.000,-1.040,-11.808
3.779,3.008,-9.915,9.775,0.088,-0.088,0.068,-0.068,20142.139,-18127.925,3197.672,-2877.905,0.000,1.209,-13.708,0.000,-1.042,-11.813
3.780,2.688,-9.810,9.963,0.088,-0.088,0.068,-0.068,20147.468,-18132.721,3197.672,-2877.905,0.000,1.210,-13.712,0.000,-1.043,-11.818
3.781,2.349,-9.710,10.141,0.088,-0.088,0.068,-0.068,20152.798,-18137.518,3197.672,-2877.905,0.000,1.211,-13.717,0.000,-1.044,-11.822
3.782,1.992,-9.615,10.312,0.088,-0.088,0.068,-0.068,20158.127,-18142.315,3197.672,-2877.905,0.000,1.213,-13.722,0.000,-1.045,-11.827
3.783,1.617,-9.525,10.472,0.088,-0.088,0.068,-0.068,20163.457,-18147.111,3197.672,-2877.905,0.000,1.214,-13.727,0.000,-1.047,-11.832
3.784,1.226,-9.442,10.624,0.088,-0.088,0.068,-0.068,20168.786,-18151.908,3197.672,-2877.905,0.000,1.216,-13.731,0.000,-1.048,-11.836
3.785,0.820,-9.364,10.765,0.088,-0.088,0.068,-0.068,20174.116,-18156.704,3197.672,-2877.905,0.000,1.217,-13.736,0.000,-1.049,-11.841
3.786,0.399,-9.293,10.896,0.088,-0.088,0.068,-0.068,20179.445,-18161.501,3197.672,-2877.905,0.000,1.218,-13.741,0.000,-1.050,-11.846
3.787,-0.035,-9.229,11.016,0.089,-0.089,0.068,-0.068,20184.774,-18166.297,3197.672,-2877.905,0.000,1.220,-13.746,0.000,-1.052,-11.850
3.788,-0.482,-9.171,11.125,0.089,-0.089,0.068,-0.068,20190.104,-18171.094,3197.672,-2877.905,0.000,1.221,-13.751,0.000,-1.053,-11.855
3.789,-0.940,-9.121,11.223,0.089,-0.089,0.068,-0.068,20195.433,-18175.890,3197.672,-2877.905,0.000,1.223,-13.755,0.000,-1.054,-11.860
3.790,-1.408,-9.079,11.310,0.089,-0.089,0.068,-0.068,20200.763,-18180.687,3197.672,-2877.905,0.000,1.224,-13.760,0.000,-1.055,-11.864
3.791,-1.886,-9.045,11.385,0.089,-0.089,0.068,-0.068,20206.092,-18185.483,3197.672,-2877.905,0.000,1.225,-13.765,0.000,-1.057,-11.869
3.792,-2.371,-9.018,11.447,0.089,-0.089,0.068,-0.068,20211.422,-18190.280,3197.672,-2877.905,0.000,1.227,-13.770,0.000,-1.058,-11.874
3.793,-2.862,-9.000,11.498,0.089,-0.089,0.068,-0.068,20216.751,-18195.076,3197.672,-2877.905,0.000,1.228,-13.774,0.000,-1.059,-11.878
3.794,-3.359,-8.990,11.536,0.089,-0.089,0.068,-0.068,20222.081,-18199.873,3197.672,-2877.905,0.000,1.229,-13.779,0.000,-1.060,-11.883
3.795,-3.861,-8.988,11.562,0.089,-0.089,0.068,-0.068,20227.410,-18204.669,3197.672,-2877.905,0.000,1.231,-13.784,0.000,-1.062,-11.888
3.796,-4.365,-8.995,11.575,0.089,-0.089,0.068,-0.068,20232.740,-18209.466,3197.672,-2877.905,0.000,1.232,-13.789,0.000,-1.063,-11.892
3.797,-4.870,-9.010,11.576,0.089,-0.089,0.068,-0.068,20238.069,-18214.262,3197.672,-2877.905,0.000,1.234,-13.793,0.000,-1.064,-11.897
3.798,-5.376,-9.033,11.563,0.089,-0.089,0.068,-0.068,20243.398,-18219.059,3197.672,-2877.905,0.000,1.235,-13.798,0.000,-1.065,-11.902
3.799,-5.881,-9.065,11.538,0.089,-0.089,0.068,-0.068,20248.728,-18223.855,3197.672,-2877.905,0.000,1.236,-13.803,0.000,-1.067,-11.906
3.800,-6.383,-9.105,11.500,0.089,-0.089,0.068,-0.068,20254.057,-18228.652,3197.672,-2877.905,0.000,1.238,-13.808,0.000,-1.068,-11.911
3.801,-6.882,-9.154,11.448,0.089,-0.089,0.068,-0.068,20259.387,-18233.448,3197.672,-2877.905,0.000,1.239,-13.812,0.000,-1.069,-11.916
3.802,-7.376,-9.210,11.384,0.090,-0.090,0.068,-0.068,20264.716,-18238.245,3197.672,-2877.905,0.000,1.241,-13.817,0.000,-1.070,-11.920
3.803,-7.863,-9.274,11.306,0.090,-0.090,0.068,-0.068,20270.046,-18243.041,3197.672,-2877.905,0.000,1.242,-13.822,0.000,-1.072,-11.925
3.804,-8.343,-9.345,11.215,0.090,-0.090,0.068,-0.068,20275.375,-18247.838,3197.672,-2877.905,0.000,1.243,-13.827,0.000,-1.073,-11.930
3.805,-8.813,-9.424,11.112,0.090,-0.090,0.068,-0.068,20280.705,-18252.634,3197.672,-2877.905,0.000,1.245,-13.831,0.000,-1.074,-11.934
3.806,-9.273,-9.510,10.996,0.090,-0.090,0.068,-0.068,20286.034,-18257.431,3197.672,-2877.905,0.000,1.246,-13.836,0.000,-1.075,-11.939
3.807,-9.722,-9.603,10.867,0.090,-0.090,0.068,-0.068,20291.364,-18262.227,3197.672,-2877.905,0.000,1.248,-13.841,0.000,-1.077,-11.944
3.808,-10.157,-9.701,10.725,0.090,-0.090,0.068,-0.068,20296.693,-18267.024,3197.672,-2877.905,0.000,1.249,-13.846,0.000,-1.078,-11.948
3.809,-10.579,-9.806,10.571,0.090,-0.090,0.068,-0.068,20302.022,-18271.820,3197.672,-2877.905,0.000,1.250,-13.850,0.000,-1.079,-11.953
3.810,-10.984,-9.917,10.405,0.090,-0.090,0.068,-0.068,20307.352,-18276.617,3197.672,-2877.905,0.000,1.252,-13.855,0.000,-1.080,-11.958
3.811,-11.373,-10.032,10.227,0.090,-0.090,0.068,-0.068,20312.681,-18281.413,3197.672,-2877.905,0.000,1.253,-13.860,0.000,-1.082,-11.962
3.812,-11.745,-10.153,10.038,0.090,-0.090,0.068,-0.068,20318.011,-18286.210,3197.672,-2877.905,0.000,1.255,-13.865,0.000,-1.083,-11.967
3.813,-12.097,-10.277,9.838,0.090,-0.090,0.068,-0.068,20323.340,-18291.006,3197.672,-2877.905,0.000,1.256,-13.869,0.000,-1.084,-11.972
3.814,-12.429,-10.405,9.626,0.090,-0.090,0.068,-0.068,20328.670,-18295.803,3197.672,-2877.905,0.000,1.258,-13.874,0.000,-1.085,-11.976
3.815,-12.740,-10.537,9.404,0.090,-0.090,0.068,-0.068,20333.999,-18300.599,3197.672,-2877.905,0.000,1.259,-13.879,0.000,-1.087,-11.981
3.816,-13.028,-10.671,9.173,0.091,-0.091,0.068,-0.068,20339.329,-18305.396,3197.672,-2877.905,0.000,1.260,-13.884,0.000,-1.088,-11.986
3.817,-13.293,-10.808,8.931,0.091,-0.091,0.068,-0.068,20344.658,-18310.192,3197.672,-2877.905,0.000,1.262,-13.889,0.000,-1.089,-11.990
3.818,-13.534,-10.946,8.681,0.091,-0.091,0.068,-0.068,20349.988,-18314.989,3197.672,-2877.905,0.000,1.263,-13.893,0.000,-1.091,-11.995
3.819,-13.750,-11.085,8.423,0.091,-0.091,0.068,-0.068,20355.317,-18319.785,3197.672,-2877.905,0.000,1.265,-13.898,0.000,-1.092,-12.000
3.820,-13.940,-11.225,8.157,0.091,-0.091,0.068,-0.068,20360.646,-18324.582,3197.672,-2877.905,0.000,1.266,-13.903,0.000,-1.093,-12.004
3.821,-14.104,-11.366,7.884,0.091,-0.091,0.068,-0.068,20365.976,-18329.378,3197.672,-2877.905,0.000,1.267,-13.908,0.000,-1.094,-12.009
3.822,-14.240,-11.506,7.604,0.091,-0.091,0.068,-0.068,20371.305,-18334.175,3197.672,-2877.905,0.000,1.269,-13.912,0.000,-1.096,-12.014
3.823,-14.348,-11.645,7.319,0.091,-0.091,0.068,-0.068,20376.635,-18338.971,3197.672,-2877.905,0.000,1.270,-13.917,0.000,-1.097,-12.018
3.824,-14.428,-11.783,7.029,0.091,-0.091,0.068,-0.068,20381.964,-18343.768,3197.672,-2877.905,0.000,1.272,-13.922,0.000,-1.098,-12.023
3.825,-14.479,-11.919,6.735,0.091,-0.091,0.068,-0.068,20387.294,-18348.564,3197.672,-2877.905,0.000,1.273,-13.927,0.000,-1.099,-12.028
3.826,-14.501,-12.053,6.438,0.091,-0.091,0.068,-0.068,20392.623,-18353.361,3197.672,-2877.905,0.000,1.274,-13.931,0.000,-1.101,-12.032
3.827,-14.494,-12.184,6.138,0.091,-0.091,0.068,-0.068,20397.953,-18358.157,3197.672,-2877.905,0.000,1.276,-13.936,0.000,-1.102,-12.037
3.828,-14.456,-12.312,5.837,0.091,-0.091,0.068,-0.068,20403.282,-18362.954,3197.672,-2877.905,0.000,1.277,-13.941,0.000,-1.103,-12.042
3.829,-14.389,-12.437,5.536,0.091,-0.091,0.068,-0.068,20408.612,-18367.750,3197.672,-2877.905,0.000,1.279,-13.946,0.000,-1.105,-12.046
3.830,-14.293,-12.558,5.234,0.092,-0.092,0.068,-0.068,20413.941,-18372.547,3197.672,-2877.905,0.000,1.280,-13.950,0.000,-1.106,-12.051
3.831,-14.166,-12.675,4.934,0.092,-0.092,0.068,-0.068,20419.270,-18377.343,3197.672,-2877.905,0.000,1.282,-13.955,0.000,-1.107,-12.056
3.832,-14.010,-12.787,4.637,0.092,-0.092,0.068,-0.068,20424.600,-18382.140,3197.672,-2877.905,0.000,1.283,-13.960,0.000,-1.108,-12.060
3.833,-13.825,-12.895,4.342,0.092,-0.092,0.068,-0.068,20429.929,-18386.936,3197.672,-2877.905,0.000,1.284,-13.965,0.000,-1.110,-12.065
3.834,-13.612,-12.998,4.052,0.092,-0.092,0.068,-0.068,20435.259,-18391.733,3197.672,-2877.905,0.000,1.286,-13.969,0.000,-1.111,-12.069
3.835,-13.369,-13.096,3.767,0.092,-0.092,0.068,-0.068,20440.588,-18396.529,3197.672,-2877.905,0.000,1.287,-13.974,0.000,-1.112,-12.074
3.836,-13.099,-13.188,3.488,0.092,-0.092,0.068,-0.068,20445.918,-18401.326,3197.672,-2877.905,0.000,1.289,-13.979,0.000,-1.113,-12.079
3.837,-12.802,-13.275,3.216,0.092,-0.092,0.068,-0.068,20451.247,-18406.122,3197.672,-2877.905,0.000,1.290,-13.984,0.000,-1.115,-12.083
3.838,-12.479,-13.357,2.952,0.092,-0.092,0.068,-0.068,20456.577,-18410.919,3197.672,-2877.905,0.000,1.291,-13.988,0.000,-1.116,-12.088
3.839,-12.130,-13.432,2.697,0.092,-0.092,0.068,-0.068,20461.906,-18415.715,3197.672,-2877.905,0.000,1.293,-13.993,0.000,-1.117,-12.093
3.840,-11.756,-13.502,2.452,0.092,-0.092,0.068,-0.068,20467.236,-18420.512,3197.672,-2877.905,0.000,1.294,-13.998,0.000,-1.119,-12.097
3.841,-11.359,-13.567,2.217,0.092,-0.092,0.068,-0.068,20472.565,-18425.309,3197.672,-2877.905,0.000,1.296,-14.003,0.000,-1.120,-12.102
3.842,-10.939,-13.625,1.994,0.092,-0.092,0.068,-0.068,20477.894,-18430.105,3197.672,-2877.905,0.000,1.297,-14.007,0.000,-1.121,-12.107
3.843,-10.498,-13.677,1.782,0.092,-0.092,0.068,-0.068,20483.224,-18434.902,3197.672,-2877.905,0.000,1.299,-14.012,0.000,-1.122,-12.111
3.844,-10.037,-13.723,1.584,0.092,-0.092,0.068,-0.068,20488.553,-18439.698,3197.672,-2877.905,0.000,1.300,-14.017,0.000,-1.124,-12.116
3.845,-9.557,-13.764,1.400,0.093,-0.093,0.068,-0.068,20493.883,-18444.495,3197.672,-2877.905,0.000,1.301,-14.022,0.000,-1.125,-12.121
3.846,-9.060,-13.799,1.230,0.093,-0.093,0.068,-0.068,20499.212,-18449.291,3197.672,-2877.905,0.000,1.303,-14.026,0.000,-1.126,-12.125
3.847,-8.547,-13.827,1.075,0.093,-0.093,0.068,-0.068,20504.542,-18454.088,3197.672,-2877.905,0.000,1.304,-14.031,0.000,-1.128,-12.130
3.848,-8.019,-13.850,0.936,0.093,-0.093,0.068,-0.068,20509.871,-18458.884,3197.672,-2877.905,0.000,1.306,-14.036,0.000,-1.129,-12.135
3.849,-7.478,-13.867,0.812,0.093,-0.093,0.068,-0.068,20515.201,-18463.681,3197.672,-2877.905,0.000,1.307,-14.041,0.000,-1.130,-12.139
3.850,-6.926,-13.879,0.706,0.093,-0.093,0.068,-0.068,20520.530,-18468.477,3197.672,-2877.905,0.000,1.309,-14.045,0.000,-1.131,-12.144
3.851,-6.365,-13.885,0.616,0.093,-0.093,0.068,-0.068,20525.860,-18473.274,3197.672,-2877.905,0.000,1.310,-14.050,0.000,-1.133,-12.149
3.852,-5.795,-13.885,0.544,0.093,-0.093,0.068,-0.068,20531.189,-18478.070,3197.672,-2877.905,0.000,1.311,-14.055,0.000,-1.134,-12.153
3.853,-5.219,-13.880,0.489,0.093,-0.093,0.068,-0.068,20536.518,-18482.867,3197.672,-2877.905,0.000,1.313,-14.060,0.000,-1.135,-12.158
3.854,-4.639,-13.869,0.452,0.093,-0.093,0.068,-0.068,20541.848,-18487.663,3197.672,-2877.905,0.000,1.314,-14.064,0.000,-1.137,-12.163
3.855,-4.056,-13.852,0.432,0.093,-0.093,0.068,-0.068,20547.177,-18492.460,3197.672,-2877.905,0.000,1.316,-14.069,0.000,-1.138,-12.167
3.856,-3.472,-13.831,0.431,0.093,-0.093,0.068,-0.068,20552.507,-18497.256,3197.672,-2877.905,0.000,1.317,-14.074,0.000,-1.139,-12.172
3.857,-2.888,-13.804,0.449,0.093,-0.093,0.068,-0.068,20557.836,-18502.053,3197.672,-2877.905,0.000,1.319,-14.079,0.000,-1.141,-12.177
3.858,-2.308,-13.771,0.484,0.093,-0.093,0.068,-0.068,20563.166,-18506.849,3197.672,-2877.905,0.000,1.320,-14.083,0.000,-1.142,-12.181
3.859,-1.731,-13.733,0.537,0.094,-0.094,0.068,-0.068,20568.495,-18511.646,3197.672,-2877.905,0.000,1.322,-14.088,0.000,-1.143,-12.186
3.860,-1.161,-13.690,0.608,0.094,-0.094,0.068,-0.068,20573.825,-18516.442,3197.672,-2877.905,0.000,1.323,-14.093,0.000,-1.144,-12.191
3.861,-0.599,-13.641,0.697,0.094,-0.094,0.068,-0.068,20579.154,-18521.239,3197.672,-2877.905,0.000,1.324,-14.098,0.000,-1.146,-12.195
3.862,-0.047,-13.588,0.803,0.094,-0.094,0.068,-0.068,20584.484,-18526.035,3197.672,-2877.905,0.000,1.326,-14.102,0.000,-1.147,-12.200
3.863,0.495,-13.529,0.926,0.094,-0.094,0.068,-0.068,20589.813,-18530.832,3197.672,-2877.905,0.000,1.327,-14.107,0.000,-1.148,-12.205
3.864,1.022,-13.464,1.065,0.094,-0.094,0.068,-0.068,20595.142,-18535.628,3197.672,-2877.905,0.000,1.329,-14.112,0.000,-1.150,-12.209
3.865,1.536,-13.395,1.221,0.094,-0.094,0.068,-0.068,20600.472,-18540.425,3197.672,-2877.905,0.000,1.330,-14.117,0.000,-1.151,-12.214
3.866,2.032,-13.320,1.393,0.094,-0.094,0.068,-0.068,20605.801,-18545.221,3197.672,-2877.905,0.000,1.332,-14.121,0.000,-1.152,-12.219
3.867,2.511,-13.240,1.579,0.094,-0.094,0.068,-0.068,20611.131,-18550.018,3197.672,-2877.905,0.000,1.333,-14.126,0.000,-1.153,-12.223
3.868,2.970,-13.155,1.780,0.094,-0.094,0.068,-0.068,20616.460,-18554.814,3197.672,-2877.905,0.000,1.334,-14.131,0.000,-1.155,-12.228
3.869,3.408,-13.065,1.995,0.094,-0.094,0.068,-0.068,20621.790,-18559.611,3197.672,-2877.905,0.000,1.336,-14.136,0.000,-1.156,-12.232
3.870,3.824,-12.969,2.222,0.094,-0.094,0.068,-0.068,20627.119,-18564.407,3197.672,-2877.905,0.000,1.337,-14.140,0.000,-1.157,-12.237
3.871,4.216,-12.869,2.462,0.094,-0.094,0.068,-0.068,20632.449,-18569.204,3197.672,-2877.905,0.000,1.339,-14.145,0.000,-1.159,-12.242
3.872,4.582,-12.764,2.714,0.094,-0.094,0.068,-0.068,20637.778,-18574.000,3197.672,-2877.905,0.000,1.340,-14.150,0.000,-1.160,-12.246
3.873,4.923,-12.654,2.976,0.095,-0.095,0.068,-0.068,20643.108,-18578.797,3197.672,-2877.905,0.000,1.342,-14.155,0.000,-1.161,-12.251
3.874,5.236,-12.540,3.248,0.095,-0.095,0.068,-0.068,20648.437,-18583.593,3197.672,-2877.905,0.000,1.343,-14.159,0.000,-1.163,-12.256
3.875,5.520,-12.421,3.529,0.095,-0.095,0.068,-0.068,20653.766,-18588.390,3197.672,-2877.905,0.000,1.345,-14.164,0.000,-1.164,-12.260
3.876,5.776,-12.298,3.818,0.095,-0.095,0.068,-0.068,20659.096,-18593.186,3197.672,-2877.905,0.000,1.346,-14.169,0.000,-1.165,-12.265
3.877,6.000,-12.171,4.114,0.095,-0.095,0.068,-0.068,20664.425,-18597.983,3197.672,-2877.905,0.000,1.348,-14.174,0.000,-1.167,-12.270
3.878,6.194,-12.040,4.415,0.095,-0.095,0.068,-0.068,20669.755,-18602.779,3197.672,-2877.905,0.000,1.349,-14.178,0.000,-1.168,-12.274
3.879,6.356,-11.905,4.722,0.095,-0.095,0.068,-0.068,20675.084,-18607.576,3197.672,-2877.905,0.000,1.350,-14.183,0.000,-1.169,-12.279
3.880,6.486,-11.767,5.033,0.095,-0.095,0.068,-0.068,20680.414,-18612.372,3197.672,-2877.905,0.000,1.352,-14.188,0.000,-1.170,-12.284
3.881,6.583,-11.626,5.347,0.095,-0.095,0.068,-0.068,20685.743,-18617.169,3197.672,-2877.905,0.000,1.353,-14.193,0.000,-1.172,-12.288
3.882,6.647,-11.483,5.663,0.095,-0.095,0.068,-0.068,20691.073,-18621.965,3197.672,-2877.905,0.000,1.355,-14.197,0.000,-1.173,-12.293
3.883,6.677,-11.337,5.981,0.095,-0.095,0.068,-0.068,20696.402,-18626.762,3197.672,-2877.905,0.000,1.356,-14.202,0.000,-1.174,-12.298
3.884,6.673,-11.190,6.298,0.095,-0.095,0.068,-0.068,20701.732,-18631.558,3197.672,-2877.905,0.000,1.358,-14.207,0.000,-1.176,-12.302
3.885,6.636,-11.041,6.614,0.095,-0.095,0.068,-0.068,20707.061,-18636.355,3197.672,-2877.905,0.000,1.359,-14.212,0.000,-1.177,-12.307
3.886,6.566,-10.892,6.929,0.095,-0.095,0.068,-0.068,20712.390,-18641.151,3197.672,-2877.905,0.000,1.361,-14.216,0.000,-1.178,-12.312
3.887,6.461,-10.742,7.240,0.095,-0.095,0.068,-0.068,20717.720,-18645.948,3197.672,-2877.905,0.000,1.362,-14.221,0.000,-1.180,-12.316
3.888,6.324,-10.593,7.548,0.096,-0.096,0.068,-0.068,20723.049,-18650.744,3197.672,-2877.905,0.000,1.364,-14.226,0.000,-1.181,-12.321
3.889,6.153,-10.444,7.851,0.096,-0.096,0.068,-0.068,20728.379,-18655.541,3197.672,-2877.905,0.000,1.365,-14.231,0.000,-1.182,-12.326
3.890,5.950,-10.296,8.149,0.096,-0.096,0.068,-0.068,20733.708,-18660.337,3197.672,-2877.905,0.000,1.366,-14.235,0.000,-1.184,-12.330
3.891,5.714,-10.150,8.440,0.096,-0.096,0.068,-0.068,20739.038,-18665.134,3197.672,-2877.905,0.000,1.368,-14.240,0.000,-1.185,-12.335
3.892,5.448,-10.007,8.724,0.096,-0.096,0.068,-0.068,20744.367,-18669.930,3197.672,-2877.905,0.000,1.369,-14.245,0.000,-1.186,-12.340
3.893,5.151,-9.867,8.999,0.096,-0.096,0.068,-0.068,20749.697,-18674.727,3197.672,-2877.905,0.000,1.371,-14.250,0.000,-1.187,-12.344
3.894,4.824,-9.730,9.266,0.096,-0.096,0.068,-0.068,20755.026,-18679.523,3197.672,-2877.905,0.000,1.372,-14.254,0.000,-1.189,-12.349
3.895,4.468,-9.598,9.524,0.096,-0.096,0.068,-0.068,20760.356,-18684.320,3197.672,-2877.905,0.000,1.374,-14.259,0.000,-1.190,-12.353
3.896,4.084,-9.470,9.771,0.096,-0.096,0.068,-0.068,20765.685,-18689.116,3197.672,-2877.905,0.000,1.375,-14.264,0.000,-1.191,-12.358
3.897,3.673,-9.348,10.007,0.096,-0.096,0.068,-0.068,20771.014,-18693.913,3197.672,-2877.905,0.000,1.377,-14.269,0.000,-1.193,-12.363
3.898,3.236,-9.232,10.231,0.096,-0.096,0.068,-0.068,20776.344,-18698.710,3197.672,-2877.905,0.000,1.378,-14.273,0.000,-1.194,-12.367
3.899,2.775,-9.122,10.443,0.096,-0.096,0.068,-0.068,20781.673,-18703.506,3197.672,-2877.905,0.000,1.380,-14.278,0.000,-1.195,-12.372
3.900,2.291,-9.020,10.643,0.096,-0.096,0.068,-0.068,20787.003,-18708.303,3197.672,-2877.905,0.000,1.381,-14.283,0.000,-1.197,-12.377
3.901,1.785,-8.925,10.829,0.096,-0.096,0.068,-0.068,20792.332,-18713.099,3197.672,-2877.905,0.000,1.383,-14.288,0.000,-1.198,-12.381
3.902,1.259,-8.838,11.002,0.097,-0.097,0.068,-0.068,20797.662,-18717.896,3197.672,-2877.905,0.000,1.384,-14.292,0.000,-1.199,-12.386
3.903,0.713,-8.760,11.160,0.097,-0.097,0.068,-0.068,20802.991,-18722.692,3197.672,-2877.905,0.000,1.385,-14.297,0.000,-1.201,-12.391
3.904,0.151,-8.691,11.303,0.097,-0.097,0.068,-0.068,20808.321,-18727.489,3197.672,-2877.905,0.000,1.387,-14.302,0.000,-1.202,-12.395
3.905,-0.428,-8.632,11.431,0.097,-0.097,0.068,-0.068,20813.650,-18732.285,3197.672,-2877.905,0.000,1.388,-14.307,0.000,-1.203,-12.400
3.906,-1.021,-8.582,11.544,0.097,-0.097,0.068,-0.068,20818.980,-18737.082,3197.672,-2877.905,0.000,1.390,-14.311,0.000,-1.205,-12.405
3.907,-1.626,-8.542,11.640,0.097,-0.097,0.068,-0.068,20824.309,-18741.878,3197.672,-2877.905,0.000,1.391,-14.316,0.000,-1.206,-12.409
3.908,-2.241,-8.513,11.721,0.097,-0.097,0.068,-0.068,20829.638,-18746.675,3197.672,-2877.905,0.000,1.393,-14.321,0.000,-1.207,-12.414
3.909,-2.866,-8.494,11.785,0.097,-0.097,0.068,-0.068,20834.968,-18751.471,3197.672,-2877.905,0.000,1.394,-14.326,0.000,-1.209,-12.419
3.910,-3.498,-8.486,11.832,0.097,-0.097,0.068,-0.068,20840.297,-18756.268,3197.672,-2877.905,0.000,1.396,-14.330,0.000,-1.210,-12.423
3.911,-4.135,-8.489,11.863,0.097,-0.097,0.068,-0.068,20845.627,-18761.064,3197.672,-2877.905,0.000,1.397,-14.335,0.000,-1.211,-12.428
3.912,-4.775,-8.503,11.876,0.097,-0.097,0.068,-0.068,20850.956,-18765.861,3197.672,-2877.905,0.000,1.399,-14.340,0.000,-1.213,-12.433
3.913,-5.417,-8.528,11.872,0.097,-0.097,0.068,-0.068,20856.286,-18770.657,3197.672,-2877.905,0.000,1.400,-14.345,0.000,-1.214,-12.437
3.914,-6.058,-8.564,11.850,0.097,-0.097,0.068,-0.068,20861.615,-18775.454,3197.672,-2877.905,0.000,1.402,-14.349,0.000,-1.215,-12.442
3.915,-6.697,-8.610,11.811,0.097,-0.097,0.068,-0.068,20866.945,-18780.250,3197.672,-2877.905,0.000,1.403,-14.354,0.000,-1.217,-12.446
3.916,-7.332,-8.667,11.754,0.098,-0.098,0.068,-0.068,20872.274,-18785.047,3197.672,-2877.905,0.000,1.405,-14.359,0.000,-1.218,-12.451
3.917,-7.960,-8.735,11.679,0.098,-0.098,0.068,-0.068,20877.604,-18789.843,3197.672,-2877.905,0.000,1.406,-14.364,0.000,-1.219,-12.456
3.918,-8.581,-8.813,11.587,0.098,-0.098,0.068,-0.068,20882.933,-18794.640,3197.672,-2877.905,0.000,1.408,-14.368,0.000,-1.221,-12.460
3.919,-9.190,-8.901,11.477,0.098,-0.098,0.068,-0.068,20888.262,-18799.436,3197.672,-2877.905,0.000,1.409,-14.373,0.000,-1.222,-12.465
3.920,-9.788,-8.998,11.350,0.098,-0.098,0.068,-0.068,20893.592,-18804.233,3197.672,-2877.905,0.000,1.410,-14.378,0.000,-1.223,-12.470
3.921,-10.372,-9.105,11.205,0.098,-0.098,0.068,-0.068,20898.921,-18809.029,3197.672,-2877.905,0.000,1.412,-14.383,0.000,-1.225,-12.474
3.922,-10.939,-9.220,11.043,0.098,-0.098,0.068,-0.068,20904.251,-18813.826,3197.672,-2877.905,0.000,1.413,-14.387,0.000,-1.226,-12.479
3.923,-11.489,-9.343,10.864,0.098,-0.098,0.068,-0.068,20909.580,-18818.622,3197.672,-2877.905,0.000,1.415,-14.392,0.000,-1.227,-12.484
3.924,-12.019,-9.474,10.668,0.098,-0.098,0.068,-0.068,20914.910,-18823.419,3197.672,-2877.905,0.000,1.416,-14.397,0.000,-1.229,-12.488
3.925,-12.527,-9.611,10.456,0.098,-0.098,0.068,-0.068,20920.239,-18828.215,3197.672,-2877.905,0.000,1.418,-14.401,0.000,-1.230,-12.493
3.926,-13.012,-9.755,10.228,0.098,-0.098,0.068,-0.068,20925.569,-18833.012,3197.672,-2877.905,0.000,1.419,-14.406,0.000,-1.231,-12.498
3.927,-13.472,-9.905,9.984,0.098,-0.098,0.068,-0.068,20930.898,-18837.808,3197.672,-2877.905,0.000,1.421,-14.411,0.000,-1.233,-12.502
3.928,-13.905,-10.059,9.726,0.098,-0.098,0.068,-0.068,20936.228,-18842.605,3197.672,-2877.905,0.000,1.422,-14.416,0.000,-1.234,-12.507
3.929,-14.309,-10.218,9.453,0.098,-0.098,0.068,-0.068,20941.557,-18847.401,3197.672,-2877.905,0.000,1.424,-14.420,0.000,-1.235,-12.512
3.930,-14.684,-10.380,9.166,0.098,-0.098,0.068,-0.068,20946.886,-18852.198,3197.672,-2877.905,0.000,1.425,-14.425,0.000,-1.237,-12.516
3.931,-15.027,-10.545,8.866,0.099,-0.099,0.068,-0.068,20952.216,-18856.994,3197.672,-2877.905,0.000,1.427,-14.430,0.000,-1.238,-12.521
3.932,-15.337,-10.713,8.554,0.099,-0.099,0.068,-0.068,20957.545,-18861.791,3197.672,-2877.905,0.000,1.428,-14.435,0.000,-1.239,-12.525
3.933,-15.613,-10.881,8.230,0.099,-0.099,0.068,-0.068,20962.875,-18866.587,3197.672,-2877.905,0.000,1.430,-14.439,0.000,-1.241,-12.530
3.934,-15.854,-11.050,7.896,0.099,-0.099,0.068,-0.068,20968.204,-18871.384,3197.672,-2877.905,0.000,1.431,-14.444,0.000,-1.242,-12.535
3.935,-16.058,-11.219,7.553,0.099,-0.099,0.068,-0.068,20973.534,-18876.180,3197.672,-2877.905,0.000,1.433,-14.449,0.000,-1.243,-12.539
3.936,-16.225,-11.387,7.201,0.099,-0.099,0.068,-0.068,20978.863,-18880.977,3197.672,-2877.905,0.000,1.434,-14.454,0.000,-1.245,-12.544
3.937,-16.353,-11.553,6.841,0.099,-0.099,0.068,-0.068,20984.193,-18885.773,3197.672,-2877.905,0.000,1.436,-14.458,0.000,-1.246,-12.549
3.938,-16.443,-11.717,6.475,0.099,-0.099,0.068,-0.068,20989.522,-18890.570,3197.672,-2877.905,0.000,1.437,-14.463,0.000,-1.247,-12.553
3.939,-16.492,-11.879,6.104,0.099,-0.099,0.068,-0.068,20994.852,-18895.366,3197.672,-2877.905,0.000,1.439,-14.468,0.000,-1.249,-12.558
3.940,-16.502,-12.036,5.729,0.099,-0.099,0.068,-0.068,21000.181,-18900.163,3197.672,-2877.905,0.000,1.440,-14.473,0.000,-1.250,-12.563
3.941,-16.471,-12.190,5.352,0.099,-0.099,0.068,-0.068,21005.510,-18904.959,3197.672,-2877.905,0.000,1.442,-14.477,0.000,-1.251,-12.567
3.942,-16.399,-12.339,4.973,0.099,-0.099,0.068,-0.068,21010.840,-18909.756,3197.672,-2877.905,0.000,1.443,-14.482,0.000,-1.253,-12.572
3.943,-16.287,-12.483,4.594,0.099,-0.099,0.068,-0.068,21016.169,-18914.552,3197.672,-2877.905,0.000,1.445,-14.487,0.000,-1.254,-12.577
3.944,-16.134,-12.621,4.217,0.099,-0.099,0.068,-0.068,21021.499,-18919.349,3197.672,-2877.905,0.000,1.446,-14.492,0.000,-1.256,-12.581
3.945,-15.941,-12.754,3.843,0.100,-0.100,0.068,-0.068,21026.828,-18924.145,3197.672,-2877.905,0.000,1.448,-14.496,0.000,-1.257,-12.586
3.946,-15.707,-12.880,3.473,0.100,-0.100,0.068,-0.068,21032.158,-18928.942,3197.672,-2877.905,0.000,1.449,-14.501,0.000,-1.258,-12.591
3.947,-15.434,-13.000,3.108,0.100,-0.100,0.068,-0.068,21037.487,-18933.738,3197.672,-2877.905,0.000,1.451,-14.506,0.000,-1.260,-12.595
3.948,-15.123,-13.113,2.751,0.100,-0.100,0.068,-0.068,21042.817,-18938.535,3197.672,-2877.905,0.000,1.452,-14.511,0.000,-1.261,-12.599
3.949,-14.773,-13.218,2.402,0.100,-0.100,0.068,-0.068,21048.146,-18943.331,3197.672,-2877.905,0.000,1.454,-14.515,0.000,-1.262,-12.603
3.950,-14.387,-13.317,2.063,0.100,-0.100,0.068,-0.068,21053.476,-18948.128,3197.672,-2877.905,0.000,1.455,-14.520,0.000,-1.263,-12.608
3.951,-13.965,-13.408,1.736,0.100,-0.100,0.068,-0.068,21058.805,-18952.924,3197.672,-2877.905,0.000,1.457,-14.525,0.000,-1.265,-12.612
3.952,-13.508,-13.492,1.421,0.100,-0.100,0.068,-0.068,21064.134,-18957.721,3197.672,-2877.905,0.000,1.458,-14.529,0.000,-1.266,-12.616
3.953,-13.018,-13.569,1.119,0.100,-0.100,0.068,-0.068,21069.464,-18962.517,3197.672,-2877.905,0.000,1.460,-14.534,0.000,-1.267,-12.621
3.954,-12.497,-13.638,0.833,0.100,-0.100,0.068,-0.068,21074.793,-18967.314,3197.672,-2877.905,0.000,1.461,-14.539,0.000,-1.269,-12.625
3.955,-11.946,-13.699,0.563,0.100,-0.100,0.068,-0.068,21080.123,-18972.111,3197.672,-2877.905,0.000,1.463,-14.544,0.000,-1.270,-12.629
3.956,-11.366,-13.754,0.311,0.100,-0.100,0.068,-0.068,21085.452,-18976.907,3197.672,-2877.905,0.000,1.464,-14.548,0.000,-1.271,-12.633
3.957,-10.761,-13.801,0.076,0.100,-0.100,0.068,-0.068,21090.782,-18981.704,3197.672,-2877.905,0.000,1.466,-14.553,0.000,-1.273,-12.638
3.958,-10.131,-13.840,-0.138,0.100,-0.100,0.068,-0.068,21096.111,-18986.500,3197.672,-2877.905,0.000,1.467,-14.558,0.000,-1.274,-12.642
3.959,-9.480,-13.873,-0.333,0.101,-0.101,0.068,-0.068,21101.441,-18991.297,3197.672,-2877.905,0.000,1.469,-14.563,0.000,-1.275,-12.646
3.960,-8.808,-13.898,-0.506,0.101,-0.101,0.068,-0.068,21106.770,-18996.093,3197.672,-2877.905,0.000,1.470,-14.567,0.000,-1.277,-12.650
3.961,-8.119,-13.917,-0.657,0.101,-0.101,0.068,-0.068,21112.100,-19000.890,3197.672,-2877.905,0.000,1.472,-14.572,0.000,-1.278,-12.655
3.962,-7.415,-13.929,-0.786,0.101,-0.101,0.068,-0.068,21117.429,-19005.686,3197.672,-2877.905,0.000,1.473,-14.577,0.000,-1.279,-12.659
3.963,-6.697,-13.934,-0.892,0.101,-0.101,0.068,-0.068,21122.758,-19010.483,3197.672,-2877.905,0.000,1.475,-14.582,0.000,-1.281,-12.663
3.964,-5.970,-13.932,-0.974,0.101,-0.101,0.068,-0.068,21128.088,-19015.279,3197.672,-2877.905,0.000,1.476,-14.586,0.000,-1.282,-12.667
3.965,-5.234,-13.924,-1.031,0.101,-0.101,0.068,-0.068,21133.417,-19020.076,3197.672,-2877.905,0.000,1.478,-14.591,0.000,-1.283,-12.672
3.966,-4.494,-13.910,-1.065,0.101,-0.101,0.068,-0.068,21138.747,-19024.872,3197.672,-2877.905,0.000,1.479,-14.596,0.000,-1.285,-12.676
3.967,-3.750,-13.889,-1.074,0.101,-0.101,0.068,-0.068,21144.076,-19029.669,3197.672,-2877.905,0.000,1.481,-14.601,0.000,-1.286,-12.680
3.968,-3.007,-13.862,-1.059,0.101,-0.101,0.068,-0.068,21149.406,-19034.465,3197.672,-2877.905,0.000,1.482,-14.605,0.000,-1.287,-12.685
3.969,-2.266,-13.828,-1.018,0.101,-0.101,0.068,-0.068,21154.735,-19039.262,3197.672,-2877.905,0.000,1.484,-14.610,0.000,-1.289,-12.689
3.970,-1.530,-13.788,-0.954,0.101,-0.101,0.068,-0.068,21160.065,-19044.058,3197.672,-2877.905,0.000,1.485,-14.615,0.000,-1.290,-12.693
3.971,-0.803,-13.742,-0.865,0.101,-0.101,0.068,-0.068,21165.394,-19048.855,3197.672,-2877.905,0.000,1.487,-14.620,0.000,-1.291,-12.697
3.972,-0.085,-13.690,-0.752,0.101,-0.101,0.068,-0.068,21170.724,-19053.651,3197.672,-2877.905,0.000,1.488,-14.624,0.000,-1.293,-12.702
3.973,0.619,-13.631,-0.615,0.101,-0.101,0.068,-0.068,21176.053,-19058.448,3197.672,-2877.905,0.000,1.490,-14.629,0.000,-1.294,-12.706
3.974,1.308,-13.566,-0.456,0.102,-0.102,0.068,-0.068,21181.382,-19063.244,3197.672,-2877.905,0.000,1.491,-14.634,0.000,-1.295,-12.710
3.975,1.979,-13.495,-0.273,0.102,-0.102,0.068,-0.068,21186.712,-19068.041,3197.672,-2877.905,0.000,1.493,-14.638,0.000,-1.297,-12.714
3.976,2.629,-13.417,-0.069,0.102,-0.102,0.068,-0.068,21192.041,-19072.837,3197.672,-2877.905,0.000,1.494,-14.643,0.000,-1.298,-12.719
3.977,3.257,-13.333,0.156,0.102,-0.102,0.068,-0.068,21197.371,-19077.634,3197.672,-2877.905,0.000,1.496,-14.648,0.000,-1.299,-12.723
3.978,3.859,-13.242,0.401,0.102,-0.102,0.068,-0.068,21202.700,-19082.430,3197.672,-2877.905,0.000,1.497,-14.653,0.000,-1.301,-12.727
3.979,4.434,-13.145,0.666,0.102,-0.102,0.068,-0.068,21208.030,-19087.227,3197.672,-2877.905,0.000,1.499,-14.657,0.000,-1.302,-12.731
3.980,4.980,-13.042,0.949,0.102,-0.102,0.068,-0.068,21213.359,-19092.023,3197.672,-2877.905,0.000,1.500,-14.662,0.000,-1.303,-12.736
3.981,5.494,-12.932,1.249,0.102,-0.102,0.068,-0.068,21218.689,-19096.820,3197.672,-2877.905,0.000,1.502,-14.667,0.000,-1.305,-12.740
3.982,5.974,-12.816,1.566,0.102,-0.102,0.068,-0.068,21224.018,-19101.616,3197.672,-2877.905,0.000,1.503,-14.672,0.000,-1.306,-12.744
3.983,6.420,-12.693,1.897,0.102,-0.102,0.068,-0.068,21229.347,-19106.413,3197.672,-2877.905,0.000,1.505,-14.676,0.000,-1.307,-12.749
3.984,6.828,-12.565,2.242,0.102,-0.102,0.068,-0.068,21234.677,-19111.209,3197.672,-2877.905,0.000,1.506,-14.681,0.000,-1.309,-12.753
3.985,7.197,-12.430,2.599,0.102,-0.102,0.068,-0.068,21240.006,-19116.006,3197.672,-2877.905,0.000,1.508,-14.686,0.000,-1.310,-12.757
3.986,7.527,-12.290,2.967,0.102,-0.102,0.068,-0.068,21245.336,-19120.802,3197.672,-2877.905,0.000,1.510,-14.691,0.000,-1.311,-12.761
3.987,7.815,-12.144,3.345,0.102,-0.102,0.068,-0.068,21250.665,-19125.599,3197.672,-2877.905,0.000,1.511,-14.695,0.000,-1.313,-12.766
3.988,8.061,-11.993,3.731,0.103,-0.103,0.068,-0.068,21255.995,-19130.395,3197.672,-2877.905,0.000,1.513,-14.700,0.000,-1.314,-12.770
3.989,8.263,-11.836,4.123,0.103,-0.103,0.068,-0.068,21261.324,-19135.192,3197.672,-2877.905,0.000,1.514,-14.705,0.000,-1.315,-12.774
3.990,8.421,-11.675,4.521,0.103,-0.103,0.068,-0.068,21266.654,-19139.988,3197.672,-2877.905,0.000,1.516,-14.709,0.000,-1.317,-12.778
3.991,8.534,-11.510,4.923,0.103,-0.103,0.068,-0.068,21271.983,-19144.785,3197.672,-2877.905,0.000,1.517,-14.714,0.000,-1.318,-12.783
3.992,8.602,-11.342,5.326,0.103,-0.103,0.068,-0.068,21277.313,-19149.581,3197.672,-2877.905,0.000,1.519,-14.719,0.000,-1.319,-12.787
3.993,8.623,-11.170,5.731,0.103,-0.103,0.068,-0.068,21282.642,-19154.378,3197.672,-2877.905,0.000,1.520,-14.724,0.000,-1.321,-12.791
3.994,8.599,-10.995,6.135,0.103,-0.103,0.068,-0.068,21287.971,-19159.174,3197.672,-2877.905,0.000,1.522,-14.728,0.000,-1.322,-12.795
3.995,8.528,-10.819,6.537,0.103,-0.103,0.068,-0.068,21293.301,-19163.971,3197.672,-2877.905,0.000,1.523,-14.733,0.000,-1.323,-12.800
3.996,8.412,-10.641,6.936,0.103,-0.103,0.068,-0.068,21298.630,-19168.767,3197.672,-2877.905,0.000,1.525,-14.738,0.000,-1.325,-12.804
3.997,8.250,-10.463,7.329,0.103,-0.103,0.068,-0.068,21303.960,-19173.564,3197.672,-2877.905,0.000,1.526,-14.743,0.000,-1.326,-12.808
3.998,8.043,-10.285,7.717,0.103,-0.103,0.068,-0.068,21309.289,-19178.360,3197.672,-2877.905,0.000,1.528,-14.747,0.000,-1.327,-12.812
3.999,7.791,-10.109,8.097,0.103,-0.103,0.068,-0.068,21314.619,-19183.157,3197.672,-2877.905,0.000,1.529,-14.752,0.000,-1.329,-12.817
4.000,7.495,-9.934,8.468,0.103,-0.103,0.068,-0.068,21319.948,-19187.953,3197.672,-2877.905,0.000,1.531,-14.757,0.000,-1.330,-12.821
4.001,7.157,-9.761,8.830,0.103,-0.103,0.068,-0.068,21325.278,-19192.750,3197.672,-2877.905,0.000,1.532,-14.762,0.000,-1.331,-12.825
4.002,6.776,-9.592,9.180,0.104,-0.104,0.068,-0.068,21330.607,-19197.546,3197.672,-2877.905,0.000,1.534,-14.766,0.000,-1.333,-12.830
4.003,6.355,-9.428,9.518,0.104,-0.104,0.068,-0.068,21335.937,-19202.343,3197.672,-2877.905,0.000,1.535,-14.771,0.000,-1.334,-12.834
4.004,5.895,-9.269,9.843,0.104,-0.104,0.068,-0.068,21341.266,-19207.139,3197.672,-2877.905,0.000,1.537,-14.776,0.000,-1.335,-12.838
4.005,5.397,-9.116,10.153,0.104,-0.104,0.068,-0.068,21346.595,-19211.936,3197.672,-2877.905,0.000,1.539,-14.780,0.000,-1.337,-12.842
4.006,4.863,-8.970,10.448,0.104,-0.104,0.068,-0.068,21351.925,-19216.732,3197.672,-2877.905,0.000,1.540,-14.785,0.000,-1.338,-12.847
4.007,4.294,-8.832,10.727,0.104,-0.104,0.068,-0.068,21357.254,-19221.529,3197.672,-2877.905,0.000,1.542,-14.790,0.000,-1.340,-12.851
4.008,3.693,-8.703,10.989,0.104,-0.104,0.068,-0.068,21362.584,-19226.325,3197.672,-2877.905,0.000,1.543,-14.795,0.000,-1.341,-12.855
4.009,3.061,-8.583,11.233,0.104,-0.104,0.068,-0.068,21367.913,-19231.122,3197.672,-2877.905,0.000,1.545,-14.799,0.000,-1.342,-12.859
4.010,2.400,-8.474,11.459,0.104,-0.104,0.068,-0.068,21373.243,-19235.918,3197.672,-2877.905,0.000,1.546,-14.804,0.000,-1.344,-12.864
4.011,1.713,-8.375,11.665,0.104,-0.104,0.068,-0.068,21378.572,-19240.715,3197.672,-2877.905,0.000,1.548,-14.809,0.000,-1.345,-12.868
4.012,1.002,-8.288,11.852,0.104,-0.104,0.068,-0.068,21383.902,-19245.512,3197.672,-2877.905,0.000,1.549,-14.814,0.000,-1.346,-12.872
4.013,0.269,-8.214,12.018,0.104,-0.104,0.068,-0.068,21389.231,-19250.308,3197.672,-2877.905,0.000,1.551,-14.818,0.000,-1.348,-12.876
4.014,-0.484,-8.152,12.164,0.104,-0.104,0.068,-0.068,21394.561,-19255.105,3197.672,-2877.905,0.000,1.552,-14.823,0.000,-1.349,-12.881
4.015,-1.254,-8.104,12.287,0.104,-0.104,0.068,-0.068,21399.890,-19259.901,3197.672,-2877.905,0.000,1.554,-14.828,0.000,-1.350,-12.885
4.016,-2.038,-8.069,12.389,0.104,-0.104,0.068,-0.068,21405.219,-19264.698,3197.672,-2877.905,0.000,1.555,-14.832,0.000,-1.352,-12.889
4.017,-2.835,-8.048,12.469,0.105,-0.105,0.068,-0.068,21410.549,-19269.494,3197.672,-2877.905,0.000,1.557,-14.837,0.000,-1.353,-12.893
4.018,-3.641,-8.041,12.525,0.105,-0.105,0.068,-0.068,21415.878,-19274.291,3197.672,-2877.905,0.000,1.559,-14.842,0.000,-1.354,-12.898
4.019,-4.453,-8.049,12.559,0.105,-0.105,0.068,-0.068,21421.208,-19279.087,3197.672,-2877.905,0.000,1.560,-14.847,0.000,-1.356,-12.902
4.020,-5.269,-8.072,12.570,0.105,-0.105,0.068,-0.068,21426.537,-19283.884,3197.672,-2877.905,0.000,1.562,-14.851,0.000,-1.357,-12.906
4.021,-6.086,-8.109,12.557,0.105,-0.105,0.068,-0.068,21431.867,-19288.680,3197.672,-2877.905,0.000,1.563,-14.856,0.000,-1.358,-12.910
4.022,-6.902,-8.160,12.520,0.105,-0.105,0.068,-0.068,21437.196,-19293.477,3197.672,-2877.905,0.000,1.565,-14.861,0.000,-1.360,-12.915
4.023,-7.713,-8.226,12.459,0.105,-0.105,0.068,-0.068,21442.526,-19298.273,3197.672,-2877.905,0.000,1.566,-14.866,0.000,-1.361,-12.919
4.024,-8.516,-8.305,12.375,0.105,-0.105,0.068,-0.068,21447.855,-19303.070,3197.672,-2877.905,0.000,1.568,-14.870,0.000,-1.363,-12.923
4.025,-9.310,-8.398,12.266,0.105,-0.105,0.068,-0.068,21453.185,-19307.866,3197.672,-2877.905,0.000,1.569,-14.875,0.000,-1.364,-12.928
4.026,-10.090,-8.505,12.134,0.105,-0.105,0.068,-0.068,21458.514,-19312.663,3197.672,-2877.905,0.000,1.571,-14.880,0.000,-1.365,-12.932
4.027,-10.854,-8.624,11.978,0.105,-0.105,0.068,-0.068,21463.843,-19317.459,3197.672,-2877.905,0.000,1.573,-14.885,0.000,-1.367,-12.936
4.028,-11.600,-8.755,11.798,0.105,-0.105,0.068,-0.068,21469.173,-19322.256,3197.672,-2877.905,0.000,1.574,-14.889,0.000,-1.368,-12.940
4.029,-12.324,-8.897,11.595,0.105,-0.105,0.068,-0.068,21474.502,-19327.052,3197.672,-2877.905,0.000,1.576,-14.894,0.000,-1.369,-12.945
4.030,-13.023,-9.050,11.368,0.105,-0.105,0.068,-0.068,21479.832,-19331.849,3197.672,-2877.905,0.000,1.577,-14.899,0.000,-1.371,-12.949
4.031,-13.696,-9.213,11.119,0.106,-0.106,0.068,-0.068,21485.161,-19336.645,3197.672,-2877.905,0.000,1.579,-14.903,0.000,-1.372,-12.953
4.032,-14.338,-9.384,10.848,0.106,-0.106,0.068,-0.068,21490.491,-19341.442,3197.672,-2877.905,0.000,1.580,-14.908,0.000,-1.373,-12.957
4.033,-14.949,-9.564,10.555,0.106,-0.106,0.068,-0.068,21495.820,-19346.238,3197.672,-2877.905,0.000,1.582,-14.913,0.000,-1.375,-12.962
4.034,-15.524,-9.750,10.241,0.106,-0.106,0.068,-0.068,21501.150,-19351.035,3197.672,-2877.905,0.000,1.583,-14.918,0.000,-1.376,-12.966
4.035,-16.062,-9.942,9.907,0.106,-0.106,0.068,-0.068,21506.479,-19355.831,3197.672,-2877.905,0.000,1.585,-14.922,0.000,-1.378,-12.970
4.036,-16.560,-10.139,9.554,0.106,-0.106,0.068,-0.068,21511.809,-19360.628,3197.672,-2877.905,0.000,1.586,-14.927,0.000,-1.379,-12.974
4.037,-17.017,-10.340,9.182,0.106,-0.106,0.068,-0.068,21517.138,-19365.424,3197.672,-2877.905,0.000,1.588,-14.932,0.000,-1.380,-12.979
4.038,-17.429,-10.543,8.793,0.106,-0.106,0.068,-0.068,21522.467,-19370.221,3197.672,-2877.905,0.000,1.590,-14.937,0.000,-1.382,-12.983
4.039,-17.795,-10.748,8.388,0.106,-0.106,0.068,-0.068,21527.797,-19375.017,3197.672,-2877.905,0.000,1.591,-14.941,0.000,-1.383,-12.987
4.040,-18.114,-10.954,7.968,0.106,-0.106,0.068,-0.068,21533.126,-19379.814,3197.672,-2877.905,0.000,1.593,-14.946,0.000,-1.384,-12.991
4.041,-18.383,-11.159,7.535,0.106,-0.106,0.068,-0.068,21538.456,-19384.610,3197.672,-2877.905,0.000,1.594,-14.951,0.000,-1.386,-12.996
4.042,-18.601,-11.362,7.089,0.106,-0.106,0.068,-0.068,21543.785,-19389.407,3197.672,-2877.905,0.000,1.596,-14.955,0.000,-1.387,-13.000
4.043,-18.767,-11.562,6.634,0.106,-0.106,0.068,-0.068,21549.115,-19394.203,3197.672,-2877.905,0.000,1.597,-14.960,0.000,-1.389,-13.004
4.044,-18.879,-11.760,6.169,0.106,-0.106,0.068,-0.068,21554.444,-19399.000,3197.672,-2877.905,0.000,1.599,-14.965,0.000,-1.390,-13.008
4.045,-18.937,-11.952,5.698,0.107,-0.107,0.068,-0.068,21559.774,-19403.796,3197.672,-2877.905,0.000,1.601,-14.970,0.000,-1.391,-13.013
4.046,-18.940,-12.139,5.222,0.107,-0.107,0.068,-0.068,21565.103,-19408.593,3197.672,-2877.905,0.000,1.602,-14.974,0.000,-1.393,-13.017
4.047,-18.887,-12.321,4.742,0.107,-0.107,0.068,-0.068,21570.433,-19413.389,3197.672,-2877.905,0.000,1.604,-14.979,0.000,-1.394,-13.021
4.048,-18.779,-12.495,4.261,0.107,-0.107,0.068,-0.068,21575.762,-19418.186,3197.672,-2877.905,0.000,1.605,-14.984,0.000,-1.395,-13.025
4.049,-18.615,-12.662,3.781,0.107,-0.107,0.068,-0.068,21581.091,-19422.982,3197.672,-2877.905,0.000,1.607,-14.988,0.000,-1.397,-13.030
4.050,-18.396,-12.821,3.304,0.107,-0.107,0.068,-0.068,21586.421,-19427.779,3197.672,-2877.905,0.000,1.608,-14.993,0.000,-1.398,-13.034
4.051,-18.121,-12.972,2.832,0.107,-0.107,0.068,-0.068,21591.750,-19432.575,3197.672,-2877.905,0.000,1.610,-14.998,0.000,-1.400,-13.038
4.052,-17.792,-13.113,2.366,0.107,-0.107,0.068,-0.068,21597.080,-19437.372,3197.672,-2877.905,0.000,1.611,-15.003,0.000,-1.401,-13.042
4.053,-17.410,-13.246,1.910,0.107,-0.107,0.068,-0.068,21602.409,-19442.168,3197.672,-2877.905,0.000,1.613,-15.007,0.000,-1.402,-13.047
4.054,-16.976,-13.369,1.465,0.107,-0.107,0.068,-0.068,21607.739,-19446.965,3197.672,-2877.905,0.000,1.615,-15.012,0.000,-1.404,-13.051
4.055,-16.490,-13.483,1.033,0.107,-0.107,0.068,-0.068,21613.068,-19451.761,3197.672,-2877.905,0.000,1.616,-15.017,0.000,-1.405,-13.055
4.056,-15.956,-13.587,0.616,0.107,-0.107,0.068,-0.068,21618.398,-19456.558,3197.672,-2877.905,0.000,1.618,-15.022,0.000,-1.406,-13.059
4.057,-15.374,-13.682,0.216,0.107,-0.107,0.068,-0.068,21623.727,-19461.354,3197.672,-2877.905,0.000,1.619,-15.026,0.000,-1.408,-13.064
4.058,-14.747,-13.766,-0.166,0.107,-0.107,0.068,-0.068,21629.057,-19466.151,3197.672,-2877.905,0.000,1.621,-15.031,0.000,-1.409,-13.068
4.059,-14.078,-13.842,-0.526,0.107,-0.107,0.068,-0.068,21634.386,-19470.947,3197.672,-2877.905,0.000,1.622,-15.036,0.000,-1.411,-13.072
4.060,-13.367,-13.908,-0.864,0.108,-0.108,0.068,-0.068,21639.715,-19475.744,3197.672,-2877.905,0.000,1.624,-15.040,0.000,-1.412,-13.077
4.061,-12.619,-13.965,-1.178,0.108,-0.108,0.068,-0.068,21645.045,-19480.540,3197.672,-2877.905,0.000,1.626,-15.045,0.000,-1.413,-13.081
4.062,-11.836,-14.013,-1.466,0.108,-0.108,0.068,-0.068,21650.374,-19485.337,3197.672,-2877.905,0.000,1.627,-15.050,0.000,-1.415,-13.085
4.063,-11.021,-14.052,-1.727,0.108,-0.108,0.068,-0.068,21655.704,-19490.133,3197.672,-2877.905,0.000,1.629,-15.055,0.000,-1.416,-13.089
4.064,-10.177,-14.082,-1.961,0.108,-0.108,0.068,-0.068,21661.033,-19494.930,3197.672,-2877.905,0.000,1.630,-15.059,0.000,-1.417,-13.094
4.065,-9.307,-14.104,-2.164,0.108,-0.108,0.068,-0.068,21666.363,-19499.726,3197.672,-2877.905,0.000,1.632,-15.064,0.000,-1.419,-13.098
4.066,-8.415,-14.118,-2.338,0.108,-0.108,0.068,-0.068,21671.692,-19504.523,3197.672,-2877.905,0.000,1.633,-15.069,0.000,-1.420,-13.102
4.067,-7.504,-14.124,-2.480,0.108,-0.108,0.068,-0.068,21677.022,-19509.319,3197.672,-2877.905,0.000,1.635,-15.074,0.000,-1.422,-13.106
4.068,-6.578,-14.123,-2.590,0.108,-0.108,0.068,-0.068,21682.351,-19514.116,3197.672,-2877.905,0.000,1.637,-15.078,0.000,-1.423,-13.111
4.069,-5.640,-14.113,-2.667,0.108,-0.108,0.068,-0.068,21687.681,-19518.912,3197.672,-2877.905,0.000,1.638,-15.083,0.000,-1.424,-13.115
4.070,-4.695,-14.097,-2.712,0.108,-0.108,0.068,-0.068,21693.010,-19523.709,3197.672,-2877.905,0.000,1.640,-15.088,0.000,-1.426,-13.119
4.071,-3.746,-14.073,-2.723,0.108,-0.108,0.068,-0.068,21698.339,-19528.506,3197.672,-2877.905,0.000,1.641,-15.092,0.000,-1.427,-13.123
4.072,-2.796,-14.041,-2.700,0.108,-0.108,0.068,-0.068,21703.669,-19533.302,3197.672,-2877.905,0.000,1.643,-15.097,0.000,-1.429,-13.128
4.073,-1.850,-14.003,-2.644,0.108,-0.108,0.068,-0.068,21708.998,-19538.099,3197.672,-2877.905,0.000,1.645,-15.102,0.000,-1.430,-13.132
4.074,-0.911,-13.957,-2.555,0.109,-0.109,0.068,-0.068,21714.328,-19542.895,3197.672,-2877.905,0.000,1.646,-15.107,0.000,-1.431,-13.136
4.075,0.016,-13.904,-2.433,0.109,-0.109,0.068,-0.068,21719.657,-19547.692,3197.672,-2877.905,0.000,1.648,-15.114,0.000,-1.433,-13.140
4.076,0.929,-13.843,-2.278,0.109,-0.109,0.068,-0.068,21724.987,-19552.488,3197.672,-2877.905,0.000,1.650,-15.120,0.000,-1.434,-13.145
4.077,1.823,-13.775,-2.091,0.109,-0.109,0.068,-0.068,21730.316,-19557.285,3197.672,-2877.905,0.000,1.652,-15.127,0.000,-1.436,-13.149
4.078,2.694,-13.699,-1.873,0.109,-0.109,0.068,-0.068,21735.646,-19562.081,3197.672,-2877.905,0.000,1.653,-15.133,0.000,-1.437,-13.153
4.079,3.539,-13.616,-1.625,0.109,-0.109,0.068,-0.068,21740.975,-19566.878,3197.672,-2877.905,0.000,1.655,-15.140,0.000,-1.438,-13.157
4.080,4.355,-13.525,-1.348,0.109,-0.109,0.068,-0.068,21746.305,-19571.674,3197.672,-2877.905,0.000,1.657,-15.147,0.000,-1.440,-13.162
4.081,5.139,-13.426,-1.042,0.109,-0.109,0.068,-0.068,21751.634,-19576.471,3197.672,-2877.905,0.000,1.659,-15.153,0.000,-1.441,-13.166
4.082,5.885,-13.318,-0.710,0.109,-0.109,0.068,-0.068,21756.963,-19581.267,3197.672,-2877.905,0.000,1.660,-15.160,0.000,-1.443,-13.170
4.083,6.593,-13.203,-0.352,0.109,-0.109,0.068,-0.068,21762.293,-19586.064,3197.672,-2877.905,0.000,1.662,-15.166,0.000,-1.444,-13.174
4.084,7.258,-13.079,0.029,0.109,-0.109,0.068,-0.068,21767.622,-19590.860,3197.672,-2877.905,0.000,1.664,-15.173,0.000,-1.445,-13.179
4.085,7.877,-12.947,0.432,0.109,-0.109,0.068,-0.068,21772.952,-19595.657,3197.672,-2877.905,0.000,1.666,-15.180,0.000,-1.447,-13.183
4.086,8.449,-12.806,0.856,0.109,-0.109,0.068,-0.068,21778.281,-19600.453,3197.672,-2877.905,0.000,1.668,-15.186,0.000,-1.448,-13.187
4.087,8.970,-12.658,1.298,0.109,-0.109,0.068,-0.068,21783.611,-19605.250,3197.672,-2877.905,0.000,1.669,-15.193,0.000,-1.450,-13.191
4.088,9.439,-12.501,1.757,0.110,-0.110,0.068,-0.068,21788.940,-19610.046,3197.672,-2877.905,0.000,1.671,-15.199,0.000,-1.451,-13.196
4.089,9.853,-12.335,2.230,0.110,-0.110,0.068,-0.068,21794.270,-19614.843,3197.672,-2877.905,0.000,1.673,-15.206,0.000,-1.452,-13.200
4.090,10.210,-12.163,2.716,0.110,-0.110,0.068,-0.068,21799.599,-19619.639,3197.672,-2877.905,0.000,1.675,-15.212,0.000,-1.454,-13.204
4.091,10.508,-11.982,3.213,0.110,-0.110,0.068,-0.068,21804.929,-19624.436,3197.672,-2877.905,0.000,1.677,-15.219,0.000,-1.455,-13.208
4.092,10.747,-11.795,3.718,0.110,-0.110,0.068,-0.068,21810.258,-19629.232,3197.672,-2877.905,0.000,1.678,-15.226,0.000,-1.457,-13.213
4.093,10.925,-11.601,4.228,0.110,-0.110,0.068,-0.068,21815.587,-19634.029,3197.672,-2877.905,0.000,1.680,-15.232,0.000,-1.458,-13.217
4.094,11.042,-11.401,4.743,0.110,-0.110,0.068,-0.068,21820.917,-19638.825,3197.672,-2877.905,0.000,1.682,-15.239,0.000,-1.459,-13.221
4.095,11.096,-11.196,5.260,0.110,-0.110,0.068,-0.068,21826.246,-19643.622,3197.672,-2877.905,0.000,1.684,-15.245,0.000,-1.461,-13.225
4.096,11.087,-10.986,5.777,0.110,-0.110,0.068,-0.068,21831.576,-19648.418,3197.672,-2877.905,0.000,1.686,-15.252,0.000,-1.462,-13.230
4.097,11.015,-10.773,6.291,0.110,-0.110,0.068,-0.068,21836.905,-19653.215,3197.672,-2877.905,0.000,1.687,-15.258,0.000,-1.464,-13.234
4.098,10.881,-10.557,6.801,0.110,-0.110,0.068,-0.068,21842.235,-19658.011,3197.672,-2877.905,0.000,1.689,-15.265,0.000,-1.465,-13.238
4.099,10.684,-10.339,7.304,0.110,-0.110,0.068,-0.068,21847.564,-19662.808,3197.672,-2877.905,0.000,1.691,-15.272,0.000,-1.466,-13.242
4.100,10.425,-10.120,7.799,0.110,-0.110,0.068,-0.068,21852.894,-19667.604,3197.672,-2877.905,0.000,1.693,-15.278,0.000,-1.468,-13.247
4.101,10.106,-9.902,8.284,0.110,-0.110,0.068,-0.068,21858.223,-19672.401,3197.672,-2877.905,0.000,1.695,-15.285,0.000,-1.469,-13.251
4.102,9.726,-9.685,8.756,0.110,-0.110,0.068,-0.068,21863.553,-19677.197,3197.672,-2877.905,0.000,1.696,-15.291,0.000,-1.471,-13.255
4.103,9.289,-9.472,9.215,0.111,-0.111,0.068,-0.068,21868.882,-19681.994,3197.672,-2877.905,0.000,1.698,-15.298,0.000,-1.472,-13.259
4.104,8.794,-9.262,9.658,0.111,-0.111,0.068,-0.068,21874.211,-19686.790,3197.672,-2877.905,0.000,1.700,-15.304,0.000,-1.473,-13.264
4.105,8.245,-9.058,10.084,0.111,-0.111,0.068,-0.068,21879.541,-19691.587,3197.672,-2877.905,0.000,1.702,-15.311,0.000,-1.475,-13.268
4.106,7.643,-8.861,10.492,0.111,-0.111,0.068,-0.068,21884.870,-19696.383,3197.672,-2877.905,0.000,1.704,-15.318,0.000,-1.476,-13.272
4.107,6.989,-8.672,10.879,0.111,-0.111,0.068,-0.068,21890.200,-19701.180,3197.672,-2877.905,0.000,1.706,-15.324,0.000,-1.478,-13.276
4.108,6.288,-8.492,11.246,0.111,-0.111,0.068,-0.068,21895.529,-19705.976,3197.672,-2877.905,0.000,1.707,-15.331,0.000,-1.479,-13.281
4.109,5.541,-8.322,11.589,0.111,-0.111,0.068,-0.068,21900.859,-19710.773,3197.672,-2877.905,0.000,1.709,-15.337,0.000,-1.480,-13.285
4.110,4.750,-8.165,11.909,0.111,-0.111,0.068,-0.068,21906.188,-19715.569,3197.672,-2877.905,0.000,1.711,-15.344,0.000,-1.482,-13.289
4.111,3.920,-8.020,12.205,0.111,-0.111,0.068,-0.068,21911.518,-19720.366,3197.672,-2877.905,0.000,1.713,-15.350,0.000,-1.483,-13.293
4.112,3.052,-7.890,12.475,0.111,-0.111,0.068,-0.068,21916.847,-19725.162,3197.672,-2877.905,0.000,1.715,-15.357,0.000,-1.485,-13.298
4.113,2.151,-7.774,12.718,0.111,-0.111,0.068,-0.068,21922.177,-19729.959,3197.672,-2877.905,0.000,1.716,-15.364,0.000,-1.486,-13.302
4.114,1.219,-7.675,12.934,0.111,-0.111,0.068,-0.068,21927.506,-19734.755,3197.672,-2877.905,0.000,1.718,-15.370,0.000,-1.488,-13.306
4.115,0.260,-7.592,13.121,0.111,-0.111,0.068,-0.068,21932.835,-19739.552,3197.672,-2877.905,0.000,1.720,-15.377,0.000,-1.489,-13.310
4.116,-0.723,-7.527,13.280,0.111,-0.111,0.068,-0.068,21938.165,-19744.348,3197.672,-2877.905,0.000,1.722,-15.383,0.000,-1.490,-13.315
4.117,-1.726,-7.480,13.409,0.112,-0.112,0.068,-0.068,21943.494,-19749.145,3197.672,-2877.905,0.000,1.724,-15.390,0.000,-1.492,-13.319
4.118,-2.745,-7.452,13.508,0.112,-0.112,0.068,-0.068,21948.824,-19753.941,3197.672,-2877.905,0.000,1.726,-15.396,0.000,-1.493,-13.323
4.119,-3.776,-7.443,13.577,0.112,-0.112,0.068,-0.068,21954.153,-19758.738,3197.672,-2877.905,0.000,1.727,-15.403,0.000,-1.495,-13.327
4.120,-4.816,-7.454,13.615,0.112,-0.112,0.068,-0.068,21959.483,-19763.534,3197.672,-2877.905,0.000,1.729,-15.410,0.000,-1.496,-13.332
4.121,-5.860,-7.484,13.621,0.112,-0.112,0.068,-0.068,21964.812,-19768.331,3197.672,-2877.905,0.000,1.731,-15.416,0.000,-1.497,-13.336
4.122,-6.905,-7.533,13.596,0.112,-0.112,0.068,-0.068,21970.142,-19773.127,3197.672,-2877.905,0.000,1.733,-15.423,0.000,-1.499,-13.340
4.123,-7.946,-7.602,13.539,0.112,-0.112,0.068,-0.068,21975.471,-19777.924,3197.672,-2877.905,0.000,1.735,-15.429,0.000,-1.500,-13.344
4.124,-8.980,-7.690,13.449,0.112,-0.112,0.068,-0.068,21980.801,-19782.720,3197.672,-2877.905,0.000,1.737,-15.436,0.000,-1.502,-13.349
4.125,-10.002,-7.796,13.328,0.112,-0.112,0.068,-0.068,21986.130,-19787.517,3197.672,-2877.905,0.000,1.738,-15.442,0.000,-1.503,-13.353
4.126,-11.009,-7.920,13.174,0.112,-0.112,0.068,-0.068,21991.459,-19792.313,3197.672,-2877.905,0.000,1.740,-15.449,0.000,-1.505,-13.357
4.127,-11.995,-8.061,12.988,0.112,-0.112,0.068,-0.068,21996.789,-19797.110,3197.672,-2877.905,0.000,1.742,-15.456,0.000,-1.506,-13.361
4.128,-12.958,-8.218,12.770,0.112,-0.112,0.068,-0.068,22002.118,-19801.907,3197.672,-2877.905,0.000,1.744,-15.462,0.000,-1.507,-13.366
4.129,-13.893,-8.391,12.520,0.112,-0.112,0.068,-0.068,22007.448,-19806.703,3197.672,-2877.905,0.000,1.746,-15.469,0.000,-1.509,-13.370
4.130,-14.795,-8.578,12.239,0.112,-0.112,0.068,-0.068,22012.777,-19811.500,3197.672,-2877.905,0.000,1.748,-15.475,0.000,-1.510,-13.374
4.131,-15.662,-8.778,11.927,0.113,-0.113,0.068,-0.068,22018.107,-19816.296,3197.672,-2877.905,0.000,1.749,-15.482,0.000,-1.512,-13.378
4.132,-16.488,-8.989,11.585,0.113,-0.113,0.068,-0.068,22023.436,-19821.093,3197.672,-2877.905,0.000,1.751,-15.488,0.000,-1.513,-13.383
4.133,-17.271,-9.211,11.213,0.113,-0.113,0.068,-0.068,22028.766,-19825.889,3197.672,-2877.905,0.000,1.753,-15.495,0.000,-1.515,-13.387
4.134,-18.006,-9.441,10.813,0.113,-0.113,0.068,-0.068,22034.095,-19830.686,3197.672,-2877.905,0.000,1.755,-15.502,0.000,-1.516,-13.391
4.135,-18.691,-9.679,10.385,0.113,-0.113,0.068,-0.068,22039.425,-19835.482,3197.672,-2877.905,0.000,1.757,-15.508,0.000,-1.517,-13.395
4.136,-19.321,-9.922,9.931,0.113,-0.113,0.068,-0.068,22044.754,-19840.279,3197.672,-2877.905,0.000,1.759,-15.515,0.000,-1.519,-13.399
4.137,-19.893,-10.169,9.452,0.113,-0.113,0.068,-0.068,22050.083,-19845.075,3197.672,-2877.905,0.000,1.760,-15.521,0.000,-1.520,-13.404
4.138,-20.405,-10.419,8.950,0.113,-0.113,0.068,-0.068,22055.413,-19849.872,3197.672,-2877.905,0.000,1.762,-15.528,0.000,-1.522,-13.408
4.139,-20.853,-10.669,8.427,0.113,-0.113,0.068,-0.068,22060.742,-19854.668,3197.672,-2877.905,0.000,1.764,-15.534,0.000,-1.523,-13.412
4.140,-21.235,-10.919,7.883,0.113,-0.113,0.068,-0.068,22066.072,-19859.465,3197.672,-2877.905,0.000,1.766,-15.541,0.000,-1.525,-13.416
4.141,-21.548,-11.166,7.322,0.113,-0.113,0.068,-0.068,22071.401,-19864.261,3197.672,-2877.905,0.000,1.768,-15.548,0.000,-1.526,-13.421
4.142,-21.791,-11.409,6.746,0.113,-0.113,0.068,-0.068,22076.731,-19869.058,3197.672,-2877.905,0.000,1.770,-15.554,0.000,-1.527,-13.425
4.143,-21.962,-11.647,6.157,0.113,-0.113,0.068,-0.068,22082.060,-19873.854,3197.672,-2877.905,0.000,1.771,-15.561,0.000,-1.529,-13.429
4.144,-22.059,-11.878,5.557,0.113,-0.113,0.068,-0.068,22087.390,-19878.651,3197.672,-2877.905,0.000,1.773,-15.567,0.000,-1.530,-13.433
4.145,-22.082,-12.102,4.950,0.113,-0.113,0.068,-0.068,22092.719,-19883.447,3197.672,-2877.905,0.000,1.775,-15.574,0.000,-1.532,-13.438
4.146,-22.028,-12.317,4.337,0.114,-0.114,0.068,-0.068,22098.049,-19888.244,3197.672,-2877.905,0.000,1.777,-15.580,0.000,-1.533,-13.442
4.147,-21.899,-12.522,3.723,0.114,-0.114,0.068,-0.068,22103.378,-19893.040,3197.672,-2877.905,0.000,1.779,-15.587,0.000,-1.535,-13.446
4.148,-21.694,-12.716,3.109,0.114,-0.114,0.068,-0.068,22108.707,-19897.837,3197.672,-2877.905,0.000,1.781,-15.593,0.000,-1.536,-13.450
4.149,-21.413,-12.899,2.498,0.114,-0.114,0.068,-0.068,22114.037,-19902.633,3197.672,-2877.905,0.000,1.783,-15.600,0.000,-1.537,-13.455
4.150,-21.057,-13.069,1.895,0.114,-0.114,0.068,-0.068,22119.366,-19907.430,3197.672,-2877.905,0.000,1.784,-15.607,0.000,-1.539,-13.459
4.151,-20.627,-13.228,1.301,0.114,-0.114,0.068,-0.068,22124.696,-19912.226,3197.672,-2877.905,0.000,1.786,-15.613,0.000,-1.540,-13.463
4.152,-20.124,-13.373,0.720,0.114,-0.114,0.068,-0.068,22130.025,-19917.023,3197.672,-2877.905,0.000,1.788,-15.620,0.000,-1.542,-13.467
4.153,-19.551,-13.506,0.155,0.114,-0.114,0.068,-0.068,22135.355,-19921.819,3197.672,-2877.905,0.000,1.790,-15.626,0.000,-1.543,-13.472
4.154,-18.909,-13.626,-0.391,0.114,-0.114,0.068,-0.068,22140.684,-19926.616,3197.672,-2877.905,0.000,1.792,-15.633,0.000,-1.545,-13.476
4.155,-18.201,-13.733,-0.916,0.114,-0.114,0.068,-0.068,22146.014,-19931.412,3197.672,-2877.905,0.000,1.794,-15.639,0.000,-1.546,-13.480
4.156,-17.429,-13.827,-1.417,0.114,-0.114,0.068,-0.068,22151.343,-19936.209,3197.672,-2877.905,0.000,1.796,-15.646,0.000,-1.547,-13.484
4.157,-16.598,-13.909,-1.890,0.114,-0.114,0.068,-0.068,22156.673,-19941.005,3197.672,-2877.905,0.000,1.797,-15.653,0.000,-1.549,-13.489
4.158,-15.710,-13.979,-2.334,0.114,-0.114,0.068,-0.068,22162.002,-19945.802,3197.672,-2877.905,0.000,1.799,-15.659,0.000,-1.550,-13.493
4.159,-14.769,-14.037,-2.746,0.114,-0.114,0.068,-0.068,22167.331,-19950.598,3197.672,-2877.905,0.000,1.801,-15.666,0.000,-1.552,-13.497
4.160,-13.780,-14.084,-3.124,0.115,-0.115,0.068,-0.068,22172.661,-19955.395,3197.672,-2877.905,0.000,1.803,-15.672,0.000,-1.553,-13.501
4.161,-12.745,-14.120,-3.466,0.115,-0.115,0.068,-0.068,22177.990,-19960.191,3197.672,-2877.905,0.000,1.805,-15.679,0.000,-1.555,-13.506
4.162,-11.671,-14.145,-3.770,0.115,-0.115,0.068,-0.068,22183.320,-19964.988,3197.672,-2877.905,0.000,1.807,-15.685,0.000,-1.556,-13.510
4.163,-10.561,-14.161,-4.034,0.115,-0.115,0.068,-0.068,22188.649,-19969.784,3197.672,-2877.905,0.000,1.809,-15.692,0.000,-1.558,-13.514
4.164,-9.421,-14.167,-4.257,0.115,-0.115,0.068,-0.068,22193.979,-19974.581,3197.672,-2877.905,0.000,1.810,-15.699,0.000,-1.559,-13.518
4.165,-8.255,-14.164,-4.437,0.115,-0.115,0.068,-0.068,22199.308,-19979.377,3197.672,-2877.905,0.000,1.812,-15.705,0.000,-1.560,-13.523
4.166,-7.069,-14.152,-4.574,0.115,-0.115,0.068,-0.068,22204.638,-19984.174,3197.672,-2877.905,0.000,1.814,-15.712,0.000,-1.562,-13.527
4.167,-5.868,-14.131,-4.667,0.115,-0.115,0.068,-0.068,22209.967,-19988.970,3197.672,-2877.905,0.000,1.816,-15.718,0.000,-1.563,-13.531
4.168,-4.656,-14.103,-4.715,0.115,-0.115,0.068,-0.068,22215.297,-19993.767,3197.672,-2877.905,0.000,1.818,-15.725,0.000,-1.565,-13.535
4.169,-3.441,-14.066,-4.718,0.115,-0.115,0.068,-0.068,22220.626,-19998.563,3197.672,-2877.905,0.000,1.820,-15.731,0.000,-1.566,-13.539
4.170,-2.227,-14.022,-4.676,0.115,-0.115,0.068,-0.068,22225.955,-20003.360,3197.672,-2877.905,0.000,1.822,-15.738,0.000,-1.568,-13.544
4.171,-1.019,-13.969,-4.588,0.115,-0.115,0.068,-0.068,22231.285,-20008.156,3197.672,-2877.905,0.000,1.824,-15.744,0.000,-1.569,-13.548
4.172,0.177,-13.908,-4.456,0.115,-0.115,0.068,-0.068,22236.614,-20012.953,3197.672,-2877.905,0.000,1.825,-15.751,0.000,-1.571,-13.552
4.173,1.355,-13.839,-4.279,0.115,-0.115,0.068,-0.068,22241.944,-20017.749,3197.672,-2877.905,0.000,1.827,-15.758,0.000,-1.572,-13.556
4.174,2.511,-13.762,-4.059,0.116,-0.116,0.068,-0.068,22247.273,-20022.546,3197.672,-2877.905,0.000,1.829,-15.764,0.000,-1.574,-13.561
4.175,3.638,-13.676,-3.796,0.116,-0.116,0.068,-0.068,22252.603,-20027.342,3197.672,-2877.905,0.000,1.831,-15.771,0.000,-1.575,-13.565
4.176,4.732,-13.581,-3.492,0.116,-0.116,0.068,-0.068,22257.932,-20032.139,3197.672,-2877.905,0.000,1.833,-15.777,0.000,-1.576,-13.569
4.177,5.787,-13.477,-3.149,0.116,-0.116,0.068,-0.068,22263.262,-20036.935,3197.672,-2877.905,0.000,1.835,-15.784,0.000,-1.578,-13.573
4.178,6.799,-13.364,-2.767,0.116,-0.116,0.068,-0.068,22268.591,-20041.732,3197.672,-2877.905,0.000,1.837,-15.790,0.000,-1.579,-13.578
4.179,7.763,-13.240,-2.348,0.116,-0.116,0.068,-0.068,22273.921,-20046.528,3197.672,-2877.905,0.000,1.839,-15.797,0.000,-1.581,-13.582
4.180,8.674,-13.106,-1.896,0.116,-0.116,0.068,-0.068,22279.250,-20051.325,3197.672,-2877.905,0.000,1.840,-15.803,0.000,-1.582,-13.586
4.181,9.529,-12.962,-1.411,0.116,-0.116,0.068,-0.068,22284.579,-20056.121,3197.672,-2877.905,0.000,1.842,-15.810,0.000,-1.584,-13.590
4.182,10.321,-12.807,-0.897,0.116,-0.116,0.068,-0.068,22289.909,-20060.918,3197.672,-2877.905,0.000,1.844,-15.817,0.000,-1.585,-13.595
4.183,11.049,-12.640,-0.355,0.116,-0.116,0.068,-0.068,22295.238,-20065.714,3197.672,-2877.905,0.000,1.846,-15.823,0.000,-1.587,-13.599
4.184,11.709,-12.463,0.211,0.116,-0.116,0.068,-0.068,22300.568,-20070.511,3197.672,-2877.905,0.000,1.848,-15.830,0.000,-1.588,-13.603
4.185,12.296,-12.274,0.799,0.116,-0.116,0.068,-0.068,22305.897,-20075.308,3197.672,-2877.905,0.000,1.850,-15.836,0.000,-1.589,-13.607
4.186,12.809,-12.075,1.406,0.116,-0.116,0.068,-0.068,22311.227,-20080.104,3197.672,-2877.905,0.000,1.852,-15.843,0.000,-1.591,-13.612
4.187,13.244,-11.864,2.028,0.116,-0.116,0.068,-0.068,22316.556,-20084.901,3197.672,-2877.905,0.000,1.854,-15.849,0.000,-1.592,-13.616
4.188,13.600,-11.644,2.664,0.116,-0.116,0.068,-0.068,22321.886,-20089.697,3197.672,-2877.905,0.000,1.856,-15.856,0.000,-1.594,-13.620
4.189,13.874,-11.413,3.309,0.117,-0.117,0.068,-0.068,22327.215,-20094.494,3197.672,-2877.905,0.000,1.857,-15.863,0.000,-1.595,-13.624
4.190,14.066,-11.172,3.961,0.117,-0.117,0.068,-0.068,22332.544,-20099.290,3197.672,-2877.905,0.000,1.859,-15.869,0.000,-1.597,-13.628
4.191,14.173,-10.924,4.617,0.117,-0.117,0.068,-0.068,22337.874,-20104.087,3197.672,-2877.905,0.000,1.861,-15.876,0.000,-1.598,-13.633
4.192,14.196,-10.667,5.273,0.117,-0.117,0.068,-0.068,22343.203,-20108.883,3197.672,-2877.905,0.000,1.863,-15.882,0.000,-1.600,-13.637
4.193,14.133,-10.405,5.926,0.117,-0.117,0.068,-0.068,22348.533,-20113.680,3197.672,-2877.905,0.000,1.865,-15.889,0.000,-1.601,-13.641
4.194,13.986,-10.137,6.574,0.117,-0.117,0.068,-0.068,22353.862,-20118.476,3197.672,-2877.905,0.000,1.867,-15.895,0.000,-1.603,-13.645
4.195,13.754,-9.865,7.214,0.117,-0.117,0.068,-0.068,22359.192,-20123.273,3197.672,-2877.905,0.000,1.869,-15.902,0.000,-1.604,-13.650
4.196,13.439,-9.590,7.843,0.117,-0.117,0.068,-0.068,22364.521,-20128.069,3197.672,-2877.905,0.000,1.871,-15.908,0.000,-1.606,-13.654
4.197,13.041,-9.315,8.457,0.117,-0.117,0.068,-0.068,22369.851,-20132.866,3197.672,-2877.905,0.000,1.873,-15.915,0.000,-1.607,-13.658
4.198,12.563,-9.041,9.055,0.117,-0.117,0.068,-0.068,22375.180,-20137.662,3197.672,-2877.905,0.000,1.874,-15.922,0.000,-1.609,-13.662
4.199,12.006,-8.770,9.635,0.117,-0.117,0.068,-0.068,22380.510,-20142.459,3197.672,-2877.905,0.000,1.876,-15.928,0.000,-1.610,-13.667
4.200,11.372,-8.503,10.193,0.117,-0.117,0.068,-0.068,22385.839,-20147.255,3197.672,-2877.905,0.000,1.878,-15.935,0.000,-1.611,-13.671
4.201,10.665,-8.243,10.728,0.117,-0.117,0.068,-0.068,22391.168,-20152.052,3197.672,-2877.905,0.000,1.880,-15.941,0.000,-1.613,-13.675
4.202,9.886,-7.992,11.237,0.117,-0.117,0.068,-0.068,22396.498,-20156.848,3197.672,-2877.905,0.000,1.882,-15.948,0.000,-1.614,-13.679
4.203,9.040,-7.750,11.720,0.118,-0.118,0.068,-0.068,22401.827,-20161.645,3197.672,-2877.905,0.000,1.884,-15.954,0.000,-1.616,-13.684
4.204,8.129,-7.521,12.173,0.118,-0.118,0.068,-0.068,22407.157,-20166.441,3197.672,-2877.905,0.000,1.886,-15.961,0.000,-1.617,-13.688
4.205,7.158,-7.306,12.596,0.118,-0.118,0.068,-0.068,22412.486,-20171.238,3197.672,-2877.905,0.000,1.888,-15.967,0.000,-1.619,-13.692
4.206,6.131,-7.107,12.987,0.118,-0.118,0.068,-0.068,22417.816,-20176.034,3197.672,-2877.905,0.000,1.890,-15.974,0.000,-1.620,-13.696
4.207,5.051,-6.925,13.344,0.118,-0.118,0.068,-0.068,22423.145,-20180.831,3197.672,-2877.905,0.000,1.892,-15.981,0.000,-1.622,-13.701
4.208,3.924,-6.763,13.667,0.118,-0.118,0.068,-0.068,22428.475,-20185.627,3197.672,-2877.905,0.000,1.894,-15.987,0.000,-1.623,-13.705
4.209,2.753,-6.621,13.954,0.118,-0.118,0.068,-0.068,22433.804,-20190.424,3197.672,-2877.905,0.000,1.895,-15.994,0.000,-1.625,-13.709
4.210,1.543,-6.501,14.205,0.118,-0.118,0.068,-0.068,22439.134,-20195.220,3197.672,-2877.905,0.000,1.897,-16.000,0.000,-1.626,-13.713
4.211,0.300,-6.405,14.417,0.118,-0.118,0.068,-0.068,22444.463,-20200.017,3197.672,-2877.905,0.000,1.899,-16.007,0.000,-1.628,-13.717
4.212,-0.972,-6.332,14.592,0.118,-0.118,0.068,-0.068,22449.792,-20204.813,3197.672,-2877.905,0.000,1.901,-16.013,0.000,-1.629,-13.722
4.213,-2.267,-6.285,14.727,0.118,-0.118,0.068,-0.068,22455.122,-20209.610,3197.672,-2877.905,0.000,1.903,-16.020,0.000,-1.631,-13.726
4.214,-3.580,-6.263,14.822,0.118,-0.118,0.068,-0.068,22460.451,-20214.406,3197.672,-2877.905,0.000,1.905,-16.026,0.000,-1.632,-13.730
4.215,-4.906,-6.268,14.876,0.118,-0.118,0.068,-0.068,22465.781,-20219.203,3197.672,-2877.905,0.000,1.907,-16.033,0.000,-1.634,-13.734
4.216,-6.239,-6.298,14.889,0.118,-0.118,0.068,-0.068,22471.110,-20223.999,3197.672,-2877.905,0.000,1.909,-16.039,0.000,-1.635,-13.739
4.217,-7.573,-6.355,14.861,0.119,-0.119,0.068,-0.068,22476.440,-20228.796,3197.672,-2877.905,0.000,1.911,-16.046,0.000,-1.636,-13.743
4.218,-8.903,-6.438,14.791,0.119,-0.119,0.068,-0.068,22481.769,-20233.592,3197.672,-2877.905,0.000,1.913,-16.053,0.000,-1.638,-13.747
4.219,-10.224,-6.547,14.678,0.119,-0.119,0.068,-0.068,22487.099,-20238.389,3197.672,-2877.905,0.000,1.915,-16.059,0.000,-1.639,-13.751
4.220,-11.529,-6.680,14.523,0.119,-0.119,0.068,-0.068,22492.428,-20243.185,3197.672,-2877.905,0.000,1.916,-16.066,0.000,-1.641,-13.756
4.221,-12.812,-6.838,14.325,0.119,-0.119,0.068,-0.068,22497.758,-20247.982,3197.672,-2877.905,0.000,1.918,-16.072,0.000,-1.642,-13.760
4.222,-14.069,-7.018,14.085,0.119,-0.119,0.068,-0.068,22503.087,-20252.778,3197.672,-2877.905,0.000,1.920,-16.079,0.000,-1.644,-13.764
4.223,-15.292,-7.220,13.802,0.119,-0.119,0.068,-0.068,22508.416,-20257.575,3197.672,-2877.905,0.000,1.922,-16.085,0.000,-1.645,-13.768
4.224,-16.477,-7.442,13.477,0.119,-0.119,0.068,-0.068,22513.746,-20262.371,3197.672,-2877.905,0.000,1.924,-16.092,0.000,-1.647,-13.772
4.225,-17.618,-7.682,13.111,0.119,-0.119,0.068,-0.068,22519.075,-20267.168,3197.672,-2877.905,0.000,1.926,-16.098,0.000,-1.648,-13.777
4.226,-18.708,-7.938,12.703,0.119,-0.119,0.068,-0.068,22524.405,-20271.964,3197.672,-2877.905,0.000,1.928,-16.105,0.000,-1.650,-13.781
4.227,-19.743,-8.209,12.256,0.119,-0.119,0.068,-0.068,22529.734,-20276.761,3197.672,-2877.905,0.000,1.930,-16.112,0.000,-1.651,-13.785
4.228,-20.717,-8.492,11.769,0.119,-0.119,0.068,-0.068,22535.064,-20281.557,3197.672,-2877.905,0.000,1.932,-16.118,0.000,-1.653,-13.789
4.229,-21.625,-8.785,11.244,0.119,-0.119,0.068,-0.068,22540.393,-20286.354,3197.672,-2877.905,0.000,1.934,-16.125,0.000,-1.654,-13.794
4.230,-22.462,-9.086,10.683,0.119,-0.119,0.068,-0.068,22545.723,-20291.150,3197.672,-2877.905,0.000,1.936,-16.131,0.000,-1.656,-13.798
4.231,-23.223,-9.392,10.088,0.119,-0.119,0.068,-0.068,22551.052,-20295.947,3197.672,-2877.905,0.000,1.938,-16.138,0.000,-1.657,-13.802
4.232,-23.904,-9.700,9.460,0.120,-0.120,0.068,-0.068,22556.382,-20300.743,3197.672,-2877.905,0.000,1.940,-16.144,0.000,-1.659,-13.806
4.233,-24.501,-10.009,8.802,0.120,-0.120,0.068,-0.068,22561.711,-20305.540,3197.672,-2877.905,0.000,1.941,-16.151,0.000,-1.660,-13.811
4.234,-25.009,-10.316,8.116,0.120,-0.120,0.068,-0.068,22567.040,-20310.336,3197.672,-2877.905,0.000,1.943,-16.157,0.000,-1.662,-13.815
4.235,-25.425,-10.619,7.406,0.120,-0.120,0.068,-0.068,22572.370,-20315.133,3197.672,-2877.905,0.000,1.945,-16.164,0.000,-1.663,-13.819
4.236,-25.746,-10.916,6.674,0.120,-0.120,0.068,-0.068,22577.699,-20319.929,3197.672,-2877.905,0.000,1.947,-16.171,0.000,-1.665,-13.823
4.237,-25.970,-11.204,5.924,0.120,-0.120,0.068,-0.068,22583.029,-20324.726,3197.672,-2877.905,0.000,1.949,-16.177,0.000,-1.666,-13.827
4.238,-26.095,-11.482,5.160,0.120,-0.120,0.068,-0.068,22588.358,-20329.522,3197.672,-2877.905,0.000,1.951,-16.184,0.000,-1.668,-13.832
4.239,-26.118,-11.748,4.384,0.120,-0.120,0.068,-0.068,22593.688,-20334.319,3197.672,-2877.905,0.000,1.953,-16.190,0.000,-1.669,-13.836
4.240,-26.038,-12.001,3.602,0.120,-0.120,0.068,-0.068,22599.017,-20339.115,3197.672,-2877.905,0.000,1.955,-16.197,0.000,-1.671,-13.840
4.241,-25.856,-12.238,2.817,0.120,-0.120,0.068,-0.068,22604.347,-20343.912,3197.672,-2877.905,0.000,1.957,-16.203,0.000,-1.672,-13.844
4.242,-25.571,-12.460,2.034,0.120,-0.120,0.068,-0.068,22609.676,-20348.709,3197.672,-2877.905,0.000,1.959,-16.210,0.000,-1.674,-13.849
4.243,-25.184,-12.665,1.257,0.120,-0.120,0.068,-0.068,22615.006,-20353.505,3197.672,-2877.905,0.000,1.961,-16.216,0.000,-1.675,-13.853
4.244,-24.696,-12.853,0.489,0.120,-0.120,0.068,-0.068,22620.335,-20358.302,3197.672,-2877.905,0.000,1.963,-16.223,0.000,-1.677,-13.857
4.245,-24.108,-13.023,-0.263,0.120,-0.120,0.068,-0.068,22625.664,-20363.098,3197.672,-2877.905,0.000,1.965,-16.229,0.000,-1.678,-13.861
4.246,-23.423,-13.176,-0.997,0.121,-0.121,0.068,-0.068,22630.994,-20367.895,3197.672,-2877.905,0.000,1.967,-16.236,0.000,-1.680,-13.866
4.247,-22.644,-13.311,-1.708,0.121,-0.121,0.068,-0.068,22636.323,-20372.691,3197.672,-2877.905,0.000,1.969,-16.243,0.000,-1.681,-13.870
4.248,-21.773,-13.429,-2.391,0.121,-0.121,0.068,-0.068,22641.653,-20377.488,3197.672,-2877.905,0.000,1.971,-16.249,0.000,-1.683,-13.874
4.249,-20.816,-13.529,-3.043,0.121,-0.121,0.068,-0.068,22646.982,-20382.284,3197.672,-2877.905,0.000,1.973,-16.256,0.000,-1.684,-13.878
4.250,-19.776,-13.614,-3.660,0.121,-0.121,0.068,-0.068,22652.312,-20387.081,3197.672,-2877.905,0.000,1.974,-16.262,0.000,-1.686,-13.882
4.251,-18.658,-13.682,-4.239,0.121,-0.121,0.068,-0.068,22657.641,-20391.877,3197.672,-2877.905,0.000,1.976,-16.269,0.000,-1.687,-13.887
4.252,-17.468,-13.736,-4.775,0.121,-0.121,0.068,-0.068,22662.971,-20396.674,3197.672,-2877.905,0.000,1.978,-16.275,0.000,-1.689,-13.891
4.253,-16.210,-13.776,-5.266,0.121,-0.121,0.068,-0.068,22668.300,-20401.470,3197.672,-2877.905,0.000,1.980,-16.282,0.000,-1.690,-13.895
4.254,-14.892,-13.804,-5.708,0.121,-0.121,0.068,-0.068,22673.630,-20406.267,3197.672,-2877.905,0.000,1.982,-16.288,0.000,-1.692,-13.899
4.255,-13.519,-13.818,-6.100,0.121,-0.121,0.068,-0.068,22678.959,-20411.063,3197.672,-2877.905,0.000,1.984,-16.295,0.000,-1.693,-13.904
4.256,-12.098,-13.822,-6.439,0.121,-0.121,0.068,-0.068,22684.288,-20415.860,3197.672,-2877.905,0.000,1.986,-16.301,0.000,-1.695,-13.908
4.257,-10.635,-13.815,-6.722,0.121,-0.121,0.068,-0.068,22689.618,-20420.656,3197.672,-2877.905,0.000,1.988,-16.308,0.000,-1.696,-13.912
4.258,-9.139,-13.799,-6.949,0.121,-0.121,0.068,-0.068,22694.947,-20425.453,3197.672,-2877.905,0.000,1.990,-16.315,0.000,-1.698,-13.916
4.259,-7.616,-13.773,-7.117,0.121,-0.121,0.068,-0.068,22700.277,-20430.249,3197.672,-2877.905,0.000,1.992,-16.321,0.000,-1.699,-13.921
4.260,-6.073,-13.739,-7.226,0.122,-0.122,0.068,-0.068,22705.606,-20435.046,3197.672,-2877.905,0.000,1.994,-16.328,0.000,-1.701,-13.925
4.261,-4.519,-13.697,-7.276,0.122,-0.122,0.068,-0.068,22710.936,-20439.842,3197.672,-2877.905,0.000,1.996,-16.334,0.000,-1.702,-13.929
4.262,-2.960,-13.646,-7.265,0.122,-0.122,0.068,-0.068,22716.265,-20444.639,3197.672,-2877.905,0.000,1.998,-16.341,0.000,-1.704,-13.933
4.263,-1.404,-13.588,-7.193,0.122,-0.122,0.068,-0.068,22721.595,-20449.435,3197.672,-2877.905,0.000,2.000,-16.347,0.000,-1.705,-13.937
4.264,0.140,-13.522,-7.061,0.122,-0.122,0.068,-0.068,22726.924,-20454.232,3197.672,-2877.905,0.000,2.002,-16.354,0.000,-1.707,-13.942
4.265,1.665,-13.448,-6.870,0.122,-0.122,0.068,-0.068,22732.254,-20459.028,3197.672,-2877.905,0.000,2.004,-16.360,0.000,-1.708,-13.946
4.266,3.165,-13.365,-6.620,0.122,-0.122,0.068,-0.068,22737.583,-20463.825,3197.672,-2877.905,0.000,2.006,-16.367,0.000,-1.710,-13.950
4.267,4.630,-13.273,-6.312,0.122,-0.122,0.068,-0.068,22742.912,-20468.621,3197.672,-2877.905,0.000,2.008,-16.373,0.000,-1.711,-13.954
4.268,6.054,-13.171,-5.948,0.122,-0.122,0.068,-0.068,22748.242,-20473.418,3197.672,-2877.905,0.000,2.010,-16.380,0.000,-1.713,-13.959
4.269,7.430,-13.060,-5.531,0.122,-0.122,0.068,-0.068,22753.571,-20478.214,3197.672,-2877.905,0.000,2.012,-16.387,0.000,-1.714,-13.963
4.270,8.750,-12.937,-5.062,0.122,-0.122,0.068,-0.068,22758.901,-20483.011,3197.672,-2877.905,0.000,2.014,-16.393,0.000,-1.716,-13.967
4.271,10.008,-12.802,-4.543,0.122,-0.122,0.068,-0.068,22764.230,-20487.807,3197.672,-2877.905,0.000,2.016,-16.400,0.000,-1.717,-13.971
4.272,11.198,-12.655,-3.978,0.122,-0.122,0.068,-0.068,22769.560,-20492.604,3197.672,-2877.905,0.000,2.017,-16.406,0.000,-1.719,-13.975
4.273,12.312,-12.495,-3.369,0.122,-0.122,0.068,-0.068,22774.889,-20497.400,3197.672,-2877.905,0.000,2.019,-16.413,0.000,-1.720,-13.980
4.274,13.345,-12.321,-2.720,0.122,-0.122,0.068,-0.068,22780.219,-20502.197,3197.672,-2877.905,0.000,2.021,-16.419,0.000,-1.722,-13.984
4.275,14.292,-12.132,-2.034,0.123,-0.123,0.068,-0.068,22785.548,-20506.993,3197.672,-2877.905,0.000,2.023,-16.426,0.000,-1.723,-13.988
4.276,15.148,-11.928,-1.315,0.123,-0.123,0.068,-0.068,22790.878,-20511.790,3197.672,-2877.905,0.000,2.025,-16.432,0.000,-1.725,-13.992
4.277,15.907,-11.709,-0.567,0.123,-0.123,0.068,-0.068,22796.207,-20516.586,3197.672,-2877.905,0.000,2.027,-16.439,0.000,-1.726,-13.997
4.278,16.566,-11.475,0.205,0.123,-0.123,0.068,-0.068,22801.536,-20521.383,3197.672,-2877.905,0.000,2.029,-16.445,0.000,-1.728,-14.001
4.279,17.121,-11.225,0.999,0.123,-0.123,0.068,-0.068,22806.866,-20526.179,3197.672,-2877.905,0.000,2.031,-16.452,0.000,-1.729,-14.005
4.280,17.568,-10.959,1.809,0.123,-0.123,0.068,-0.068,22812.195,-20530.976,3197.672,-2877.905,0.000,2.033,-16.458,0.000,-1.731,-14.009
4.281,17.907,-10.679,2.631,0.123,-0.123,0.068,-0.068,22817.525,-20535.772,3197.672,-2877.905,0.000,2.035,-16.465,0.000,-1.732,-14.014
4.282,18.133,-10.386,3.461,0.123,-0.123,0.068,-0.068,22822.854,-20540.569,3197.672,-2877.905,0.000,2.037,-16.472,0.000,-1.734,-14.018
4.283,18.246,-10.079,4.293,0.123,-0.123,0.068,-0.068,22828.184,-20545.365,3197.672,-2877.905,0.000,2.039,-16.478,0.000,-1.735,-14.022
4.284,18.246,-9.761,5.125,0.123,-0.123,0.068,-0.068,22833.513,-20550.162,3197.672,-2877.905,0.000,2.041,-16.485,0.000,-1.737,-14.026
4.285,18.131,-9.433,5.952,0.123,-0.123,0.068,-0.068,22838.843,-20554.958,3197.672,-2877.905,0.000,2.043,-16.491,0.000,-1.738,-14.030
4.286,17.903,-9.096,6.769,0.123,-0.123,0.068,-0.068,22844.172,-20559.755,3197.672,-2877.905,0.000,2.045,-16.498,0.000,-1.740,-14.035
4.287,17.561,-8.753,7.573,0.123,-0.123,0.068,-0.068,22849.502,-20564.551,3197.672,-2877.905,0.000,2.047,-16.504,0.000,-1.741,-14.039
4.288,17.109,-8.407,8.359,0.123,-0.123,0.068,-0.068,22854.831,-20569.348,3197.672,-2877.905,0.000,2.049,-16.511,0.000,-1.743,-14.043
4.289,16.547,-8.058,9.125,0.124,-0.124,0.068,-0.068,22860.160,-20574.144,3197.672,-2877.905,0.000,2.051,-16.517,0.000,-1.744,-14.047
4.290,15.878,-7.711,9.866,0.124,-0.124,0.068,-0.068,22865.490,-20578.941,3197.672,-2877.905,0.000,2.053,-16.524,0.000,-1.746,-14.052
4.291,15.106,-7.367,10.580,0.124,-0.124,0.068,-0.068,22870.819,-20583.737,3197.672,-2877.905,0.000,2.055,-16.530,0.000,-1.747,-14.056
4.292,14.234,-7.029,11.263,0.124,-0.124,0.068,-0.068,22876.149,-20588.534,3197.672,-2877.905,0.000,2.057,-16.537,0.000,-1.749,-14.060
4.293,13.266,-6.701,11.913,0.124,-0.124,0.068,-0.068,22881.478,-20593.330,3197.672,-2877.905,0.000,2.059,-16.543,0.000,-1.750,-14.064
4.294,12.206,-6.384,12.528,0.124,-0.124,0.068,-0.068,22886.808,-20598.127,3197.672,-2877.905,0.000,2.061,-16.550,0.000,-1.752,-14.068
4.295,11.059,-6.083,13.104,0.124,-0.124,0.068,-0.068,22892.137,-20602.923,3197.672,-2877.905,0.000,2.063,-16.557,0.000,-1.753,-14.073
4.296,9.831,-5.799,13.641,0.124,-0.124,0.068,-0.068,22897.467,-20607.720,3197.672,-2877.905,0.000,2.065,-16.563,0.000,-1.755,-14.077
4.297,8.527,-5.535,14.135,0.124,-0.124,0.068,-0.068,22902.796,-20612.516,3197.672,-2877.905,0.000,2.067,-16.570,0.000,-1.757,-14.081
4.298,7.153,-5.295,14.586,0.124,-0.124,0.068,-0.068,22908.126,-20617.313,3197.672,-2877.905,0.000,2.069,-16.576,0.000,-1.758,-14.085
4.299,5.714,-5.079,14.992,0.124,-0.124,0.068,-0.068,22913.455,-20622.109,3197.672,-2877.905,0.000,2.071,-16.583,0.000,-1.760,-14.090
4.300,4.218,-4.892,15.352,0.124,-0.124,0.068,-0.068,22918.784,-20626.906,3197.672,-2877.905,0.000,2.073,-16.589,0.000,-1.761,-14.094
4.301,2.670,-4.733,15.664,0.124,-0.124,0.068,-0.068,22924.114,-20631.703,3197.672,-2877.905,0.000,2.075,-16.596,0.000,-1.763,-14.098
4.302,1.079,-4.607,15.927,0.124,-0.124,0.068,-0.068,22929.443,-20636.499,3197.672,-2877.905,0.000,2.077,-16.602,0.000,-1.764,-14.102
4.303,-0.551,-4.513,16.140,0.125,-0.125,0.068,-0.068,22934.773,-20641.296,3197.672,-2877.905,0.000,2.079,-16.609,0.000,-1.766,-14.106
4.304,-2.210,-4.453,16.302,0.125,-0.125,0.068,-0.068,22940.102,-20646.092,3197.672,-2877.905,0.000,2.081,-16.615,0.000,-1.767,-14.111
4.305,-3.893,-4.428,16.413,0.125,-0.125,0.068,-0.068,22945.432,-20650.889,3197.672,-2877.905,0.000,2.083,-16.622,0.000,-1.769,-14.115
4.306,-5.591,-4.438,16.471,0.125,-0.125,0.068,-0.068,22950.761,-20655.685,3197.672,-2877.905,0.000,2.085,-16.628,0.000,-1.770,-14.119
4.307,-7.297,-4.485,16.476,0.125,-0.125,0.068,-0.068,22956.091,-20660.482,3197.672,-2877.905,0.000,2.087,-16.635,0.000,-1.772,-14.123
4.308,-9.004,-4.567,16.427,0.125,-0.125,0.068,-0.068,22961.420,-20665.278,3197.672,-2877.905,0.000,2.089,-16.642,0.000,-1.773,-14.128
4.309,-10.703,-4.684,16.323,0.125,-0.125,0.068,-0.068,22966.750,-20670.075,3197.672,-2877.905,0.000,2.091,-16.648,0.000,-1.775,-14.132
4.310,-12.386,-4.836,16.165,0.125,-0.125,0.068,-0.068,22972.079,-20674.871,3197.672,-2877.905,0.000,2.093,-16.655,0.000,-1.776,-14.136
4.311,-14.047,-5.022,15.952,0.125,-0.125,0.068,-0.068,22977.408,-20679.668,3197.672,-2877.905,0.000,2.095,-16.661,0.000,-1.778,-14.140
4.312,-15.676,-5.239,15.682,0.125,-0.125,0.068,-0.068,22982.738,-20684.464,3197.672,-2877.905,0.000,2.097,-16.668,0.000,-1.779,-14.144
4.313,-17.266,-5.486,15.357,0.125,-0.125,0.068,-0.068,22988.067,-20689.261,3197.672,-2877.905,0.000,2.099,-16.674,0.000,-1.781,-14.149
4.314,-18.808,-5.761,14.977,0.125,-0.125,0.068,-0.068,22993.397,-20694.057,3197.672,-2877.905,0.000,2.101,-16.681,0.000,-1.783,-14.153
4.315,-20.296,-6.062,14.541,0.125,-0.125,0.068,-0.068,22998.726,-20698.854,3197.672,-2877.905,0.000,2.103,-16.687,0.000,-1.784,-14.157
4.316,-21.720,-6.385,14.051,0.125,-0.125,0.068,-0.068,23004.056,-20703.650,3197.672,-2877.905,0.000,2.105,-16.694,0.000,-1.786,-14.161
4.317,-23.073,-6.729,13.506,0.125,-0.125,0.068,-0.068,23009.385,-20708.447,3197.672,-2877.905,0.000,2.107,-16.700,0.000,-1.787,-14.165
4.318,-24.347,-7.088,12.908,0.126,-0.126,0.068,-0.068,23014.715,-20713.243,3197.672,-2877.905,0.000,2.109,-16.707,0.000,-1.789,-14.170
4.319,-25.536,-7.461,12.260,0.126,-0.126,0.068,-0.068,23020.044,-20718.040,3197.672,-2877.905,0.000,2.111,-16.713,0.000,-1.790,-14.174
4.320,-26.631,-7.844,11.561,0.126,-0.126,0.068,-0.068,23025.374,-20722.836,3197.672,-2877.905,0.000,2.113,-16.720,0.000,-1.792,-14.178
4.321,-27.626,-8.233,10.816,0.126,-0.126,0.068,-0.068,23030.703,-20727.633,3197.672,-2877.905,0.000,2.115,-16.726,0.000,-1.793,-14.182
4.322,-28.515,-8.625,10.025,0.126,-0.126,0.068,-0.068,23036.032,-20732.429,3197.672,-2877.905,0.000,2.117,-16.733,0.000,-1.795,-14.187
4.323,-29.290,-9.016,9.193,0.126,-0.126,0.068,-0.068,23041.362,-20737.226,3197.672,-2877.905,0.000,2.119,-16.740,0.000,-1.796,-14.191
4.324,-29.948,-9.402,8.323,0.126,-0.126,0.068,-0.068,23046.691,-20742.022,3197.672,-2877.905,0.000,2.121,-16.746,0.000,-1.798,-14.195
4.325,-30.482,-9.780,7.420,0.126,-0.126,0.068,-0.068,23052.021,-20746.819,3197.672,-2877.905,0.000,2.123,-16.753,0.000,-1.799,-14.199
4.326,-30.888,-10.147,6.486,0.126,-0.126,0.068,-0.068,23057.350,-20751.615,3197.672,-2877.905,0.000,2.125,-16.759,0.000,-1.801,-14.203
4.327,-31.162,-10.501,5.527,0.126,-0.126,0.068,-0.068,23062.680,-20756.412,3197.672,-2877.905,0.000,2.127,-16.766,0.000,-1.803,-14.208
4.328,-31.302,-10.837,4.549,0.126,-0.126,0.068,-0.068,23068.009,-20761.208,3197.672,-2877.905,0.000,2.129,-16.772,0.000,-1.804,-14.212
4.329,-31.305,-11.155,3.556,0.126,-0.126,0.068,-0.068,23073.339,-20766.005,3197.672,-2877.905,0.000,2.131,-16.779,0.000,-1.806,-14.216
4.330,-31.170,-11.451,2.555,0.126,-0.126,0.068,-0.068,23078.668,-20770.801,3197.672,-2877.905,0.000,2.133,-16.785,0.000,-1.807,-14.220
4.331,-30.896,-11.725,1.551,0.126,-0.126,0.068,-0.068,23083.998,-20775.598,3197.672,-2877.905,0.000,2.135,-16.792,0.000,-1.809,-14.225
4.332,-30.483,-11.975,0.550,0.127,-0.127,0.068,-0.068,23089.327,-20780.394,3197.672,-2877.905,0.000,2.137,-16.798,0.000,-1.810,-14.229
4.333,-29.933,-12.200,-0.441,0.127,-0.127,0.068,-0.068,23094.656,-20785.191,3197.672,-2877.905,0.000,2.139,-16.805,0.000,-1.812,-14.233
4.334,-29.247,-12.401,-1.416,0.127,-0.127,0.068,-0.068,23099.986,-20789.987,3197.672,-2877.905,0.000,2.141,-16.811,0.000,-1.813,-14.237
4.335,-28.428,-12.576,-2.369,0.127,-0.127,0.068,-0.068,23105.315,-20794.784,3197.672,-2877.905,0.000,2.143,-16.818,0.000,-1.815,-14.241
4.336,-27.480,-12.726,-3.294,0.127,-0.127,0.068,-0.068,23110.645,-20799.580,3197.672,-2877.905,0.000,2.145,-16.824,0.000,-1.816,-14.246
4.337,-26.408,-12.852,-4.184,0.127,-0.127,0.068,-0.068,23115.974,-20804.377,3197.672,-2877.905,0.000,2.147,-16.831,0.000,-1.818,-14.250
4.338,-25.216,-12.956,-5.035,0.127,-0.127,0.068,-0.068,23121.304,-20809.173,3197.672,-2877.905,0.000,2.149,-16.837,0.000,-1.820,-14.254
4.339,-23.911,-13.037,-5.840,0.127,-0.127,0.068,-0.068,23126.633,-20813.970,3197.672,-2877.905,0.000,2.151,-16.844,0.000,-1.821,-14.258
4.340,-22.499,-13.098,-6.595,0.127,-0.127,0.068,-0.068,23131.963,-20818.766,3197.672,-2877.905,0.000,2.153,-16.851,0.000,-1.823,-14.263
4.341,-20.988,-13.141,-7.294,0.127,-0.127,0.068,-0.068,23137.292,-20823.563,3197.672,-2877.905,0.000,2.155,-16.857,0.000,-1.824,-14.267
4.342,-19.385,-13.166,-7.933,0.127,-0.127,0.068,-0.068,23142.622,-20828.359,3197.672,-2877.905,0.000,2.157,-16.864,0.000,-1.826,-14.271
4.343,-17.699,-13.176,-8.509,0.127,-0.127,0.068,-0.068,23147.951,-20833.156,3197.672,-2877.905,0.000,2.159,-16.870,0.000,-1.827,-14.275
4.344,-15.939,-13.172,-9.017,0.127,-0.127,0.068,-0.068,23153.280,-20837.952,3197.672,-2877.905,0.000,2.162,-16.877,0.000,-1.829,-14.279
4.345,-14.114,-13.156,-9.454,0.127,-0.127,0.068,-0.068,23158.610,-20842.749,3197.672,-2877.905,0.000,2.164,-16.883,0.000,-1.830,-14.284
4.346,-12.234,-13.129,-9.818,0.128,-0.128,0.068,-0.068,23163.939,-20847.545,3197.672,-2877.905,0.000,2.166,-16.890,0.000,-1.832,-14.288
4.347,-10.307,-13.094,-10.106,0.128,-0.128,0.068,-0.068,23169.269,-20852.342,3197.672,-2877.905,0.000,2.168,-16.896,0.000,-1.834,-14.292
4.348,-8.346,-13.050,-10.316,0.128,-0.128,0.068,-0.068,23174.598,-20857.138,3197.672,-2877.905,0.000,2.170,-16.903,0.000,-1.835,-14.296
4.349,-6.359,-12.999,-10.448,0.128,-0.128,0.068,-0.068,23179.928,-20861.935,3197.672,-2877.905,0.000,2.172,-16.909,0.000,-1.837,-14.300
4.350,-4.357,-12.941,-10.500,0.128,-0.128,0.068,-0.068,23185.257,-20866.731,3197.672,-2877.905,0.000,2.174,-16.916,0.000,-1.838,-14.305
4.351,-2.351,-12.877,-10.472,0.128,-0.128,0.068,-0.068,23190.587,-20871.528,3197.672,-2877.905,0.000,2.176,-16.922,0.000,-1.840,-14.309
4.352,-0.352,-12.807,-10.363,0.128,-0.128,0.068,-0.068,23195.916,-20876.324,3197.672,-2877.905,0.000,2.178,-16.929,0.000,-1.841,-14.313
4.353,1.631,-12.730,-10.175,0.128,-0.128,0.068,-0.068,23201.246,-20881.121,3197.672,-2877.905,0.000,2.180,-16.935,0.000,-1.843,-14.317
4.354,3.586,-12.647,-9.908,0.128,-0.128,0.068,-0.068,23206.575,-20885.917,3197.672,-2877.905,0.000,2.182,-16.942,0.000,-1.844,-14.322
4.355,5.504,-12.555,-9.564,0.128,-0.128,0.068,-0.068,23211.904,-20890.714,3197.672,-2877.905,0.000,2.184,-16.948,0.000,-1.846,-14.326
4.356,7.373,-12.455,-9.144,0.128,-0.128,0.068,-0.068,23217.234,-20895.510,3197.672,-2877.905,0.000,2.186,-16.955,0.000,-1.848,-14.330
4.357,9.183,-12.345,-8.651,0.128,-0.128,0.068,-0.068,23222.563,-20900.307,3197.672,-2877.905,0.000,2.188,-16.961,0.000,-1.849,-14.334
4.358,10.926,-12.223,-8.087,0.128,-0.128,0.068,-0.068,23227.893,-20905.104,3197.672,-2877.905,0.000,2.190,-16.968,0.000,-1.851,-14.338
4.359,12.590,-12.088,-7.456,0.128,-0.128,0.068,-0.068,23233.222,-20909.900,3197.672,-2877.905,0.000,2.192,-16.975,0.000,-1.852,-14.343
4.360,14.167,-11.939,-6.761,0.129,-0.129,0.068,-0.068,23238.552,-20914.697,3197.672,-2877.905,0.000,2.194,-16.981,0.000,-1.854,-14.347
4.361,15.648,-11.774,-6.006,0.129,-0.129,0.068,-0.068,23243.881,-20919.493,3197.672,-2877.905,0.000,2.196,-16.988,0.000,-1.855,-14.351
4.362,17.025,-11.591,-5.196,0.129,-0.129,0.068,-0.068,23249.211,-20924.290,3197.672,-2877.905,0.000,2.198,-16.994,0.000,-1.857,-14.355
4.363,18.288,-11.389,-4.336,0.129,-0.129,0.068,-0.068,23254.540,-20929.086,3197.672,-2877.905,0.000,2.200,-17.001,0.000,-1.858,-14.359
4.364,19.432,-11.167,-3.430,0.129,-0.129,0.068,-0.068,23259.870,-20933.883,3197.672,-2877.905,0.000,2.202,-17.007,0.000,-1.860,-14.364
4.365,20.448,-10.924,-2.484,0.129,-0.129,0.068,-0.068,23265.199,-20938.679,3197.672,-2877.905,0.000,2.204,-17.014,0.000,-1.862,-14.368
4.366,21.332,-10.659,-1.503,0.129,-0.129,0.068,-0.068,23270.528,-20943.476,3197.672,-2877.905,0.000,2.206,-17.020,0.000,-1.863,-14.372
4.367,22.078,-10.371,-0.495,0.129,-0.129,0.068,-0.068,23275.858,-20948.272,3197.672,-2877.905,0.000,2.209,-17.027,0.000,-1.865,-14.376
4.368,22.681,-10.060,0.536,0.129,-0.129,0.068,-0.068,23281.187,-20953.069,3197.672,-2877.905,0.000,2.211,-17.033,0.000,-1.866,-14.380
4.369,23.137,-9.728,1.583,0.129,-0.129,0.068,-0.068,23286.517,-20957.865,3197.672,-2877.905,0.000,2.213,-17.040,0.000,-1.868,-14.385
4.370,23.444,-9.374,2.640,0.129,-0.129,0.068,-0.068,23291.846,-20962.662,3197.672,-2877.905,0.000,2.215,-17.046,0.000,-1.869,-14.389
4.371,23.600,-8.999,3.701,0.129,-0.129,0.068,-0.068,23297.176,-20967.458,3197.672,-2877.905,0.000,2.217,-17.053,0.000,-1.871,-14.393
4.372,23.603,-8.607,4.759,0.129,-0.129,0.068,-0.068,23302.505,-20972.255,3197.672,-2877.905,0.000,2.219,-17.059,0.000,-1.873,-14.397
4.373,23.453,-8.197,5.809,0.129,-0.129,0.068,-0.068,23307.835,-20977.051,3197.672,-2877.905,0.000,2.221,-17.066,0.000,-1.874,-14.402
4.374,23.151,-7.773,6.845,0.129,-0.129,0.068,-0.068,23313.164,-20981.848,3197.672,-2877.905,0.000,2.223,-17.072,0.000,-1.876,-14.406
4.375,22.698,-7.339,7.861,0.130,-0.130,0.068,-0.068,23318.494,-20986.644,3197.672,-2877.905,0.000,2.225,-17.079,0.000,-1.877,-14.410
4.376,22.096,-6.896,8.853,0.130,-0.130,0.068,-0.068,23323.823,-20991.441,3197.672,-2877.905,0.000,2.227,-17.085,0.000,-1.879,-14.414
4.377,21.350,-6.448,9.814,0.130,-0.130,0.068,-0.068,23329.152,-20996.237,3197.672,-2877.905,0.000,2.229,-17.092,0.000,-1.880,-14.418
4.378,20.461,-6.001,10.741,0.130,-0.130,0.068,-0.068,23334.482,-21001.034,3197.672,-2877.905,0.000,2.231,-17.098,0.000,-1.882,-14.423
4.379,19.436,-5.556,11.630,0.130,-0.130,0.068,-0.068,23339.811,-21005.830,3197.672,-2877.905,0.000,2.233,-17.105,0.000,-1.884,-14.427
4.380,18.280,-5.119,12.477,0.130,-0.130,0.068,-0.068,23345.141,-21010.627,3197.672,-2877.905,0.000,2.235,-17.112,0.000,-1.885,-14.431
4.381,16.997,-4.694,13.278,0.130,-0.130,0.068,-0.068,23350.470,-21015.423,3197.672,-2877.905,0.000,2.237,-17.118,0.000,-1.887,-14.435
4.382,15.596,-4.284,14.031,0.130,-0.130,0.068,-0.068,23355.800,-21020.220,3197.672,-2877.905,0.000,2.239,-17.125,0.000,-1.888,-14.439
4.383,14.082,-3.896,14.732,0.130,-0.130,0.068,-0.068,23361.129,-21025.016,3197.672,-2877.905,0.000,2.242,-17.131,0.000,-1.890,-14.444
4.384,12.463,-3.531,15.380,0.130,-0.130,0.068,-0.068,23366.459,-21029.813,3197.672,-2877.905,0.000,2.244,-17.138,0.000,-1.891,-14.448
4.385,10.747,-3.195,15.971,0.130,-0.130,0.068,-0.068,23371.788,-21034.609,3197.672,-2877.905,0.000,2.246,-17.144,0.000,-1.893,-14.452
4.386,8.943,-2.891,16.506,0.130,-0.130,0.068,-0.068,23377.118,-21039.406,3197.672,-2877.905,0.000,2.248,-17.151,0.000,-1.895,-14.456
4.387,7.058,-2.622,16.981,0.130,-0.130,0.068,-0.068,23382.447,-21044.202,3197.672,-2877.905,0.000,2.250,-17.157,0.000,-1.896,-14.460
4.388,5.101,-2.393,17.396,0.130,-0.130,0.068,-0.068,23387.776,-21048.999,3197.672,-2877.905,0.000,2.252,-17.164,0.000,-1.898,-14.465
4.389,3.082,-2.205,17.750,0.131,-0.131,0.068,-0.068,23393.106,-21053.795,3197.672,-2877.905,0.000,2.254,-17.170,0.000,-1.899,-14.469
4.390,1.010,-2.061,18.040,0.131,-0.131,0.068,-0.068,23398.435,-21058.592,3197.672,-2877.905,0.000,2.256,-17.177,0.000,-1.901,-14.473
4.391,-1.106,-1.964,18.266,0.131,-0.131,0.068,-0.068,23403.765,-21063.388,3197.672,-2877.905,0.000,2.258,-17.183,0.000,-1.903,-14.477
4.392,-3.255,-1.914,18.427,0.131,-0.131,0.068,-0.068,23409.094,-21068.185,3197.672,-2877.905,0.000,2.260,-17.190,0.000,-1.904,-14.482
4.393,-5.429,-1.913,18.522,0.131,-0.131,0.068,-0.068,23414.424,-21072.981,3197.672,-2877.905,0.000,2.262,-17.196,0.000,-1.906,-14.486
4.394,-7.616,-1.961,18.550,0.131,-0.131,0.068,-0.068,23419.753,-21077.778,3197.672,-2877.905,0.000,2.264,-17.203,0.000,-1.907,-14.490
4.395,-9.807,-2.059,18.509,0.131,-0.131,0.068,-0.068,23425.083,-21082.574,3197.672,-2877.905,0.000,2.266,-17.209,0.000,-1.909,-14.494
4.396,-11.991,-2.206,18.400,0.131,-0.131,0.068,-0.068,23430.412,-21087.371,3197.672,-2877.905,0.000,2.268,-17.216,0.000,-1.910,-14.498
4.397,-14.157,-2.400,18.220,0.131,-0.131,0.068,-0.068,23435.741,-21092.167,3197.672,-2877.905,0.000,2.271,-17.222,0.000,-1.912,-14.503
4.398,-16.295,-2.641,17.969,0.131,-0.131,0.068,-0.068,23441.071,-21096.964,3197.672,-2877.905,0.000,2.273,-17.229,0.000,-1.914,-14.507
4.399,-18.394,-2.926,17.647,0.131,-0.131,0.068,-0.068,23446.400,-21101.760,3197.672,-2877.905,0.000,2.275,-17.235,0.000,-1.915,-14.511
4.400,-20.443,-3.253,17.253,0.131,-0.131,0.068,-0.068,23451.730,-21106.557,3197.672,-2877.905,0.000,2.277,-17.242,0.000,-1.917,-14.515
4.401,-22.431,-3.618,16.785,0.131,-0.131,0.068,-0.068,23457.059,-21111.353,3197.672,-2877.905,0.000,2.279,-17.248,0.000,-1.918,-14.519
4.402,-24.347,-4.017,16.246,0.131,-0.131,0.068,-0.068,23462.389,-21116.150,3197.672,-2877.905,0.000,2.281,-17.255,0.000,-1.920,-14.524
4.403,-26.180,-4.447,15.633,0.132,-0.132,0.068,-0.068,23467.718,-21120.946,3197.672,-2877.905,0.000,2.283,-17.261,0.000,-1.922,-14.528
4.404,-27.919,-4.903,14.949,0.132,-0.132,0.068,-0.068,23473.048,-21125.743,3197.672,-2877.905,0.000,2.285,-17.268,0.000,-1.923,-14.532
4.405,-29.554,-5.381,14.194,0.132,-0.132,0.068,-0.068,23478.377,-21130.539,3197.672,-2877.905,0.000,2.287,-17.274,0.000,-1.925,-14.536
4.406,-31.073,-5.874,13.369,0.132,-0.132,0.068,-0.068,23483.707,-21135.336,3197.672,-2877.905,0.000,2.289,-17.281,0.000,-1.926,-14.540
4.407,-32.467,-6.378,12.478,0.132,-0.132,0.068,-0.068,23489.036,-21140.132,3197.672,-2877.905,0.000,2.291,-17.287,0.000,-1.928,-14.545
4.408,-33.725,-6.887,11.523,0.132,-0.132,0.068,-0.068,23494.365,-21144.929,3197.672,-2877.905,0.000,2.294,-17.294,0.000,-1.929,-14.549
4.409,-34.839,-7.397,10.506,0.132,-0.132,0.068,-0.068,23499.695,-21149.725,3197.672,-2877.905,0.000,2.296,-17.301,0.000,-1.931,-14.553
4.410,-35.800,-7.900,9.434,0.132,-0.132,0.068,-0.068,23505.024,-21154.522,3197.672,-2877.905,0.000,2.298,-17.307,0.000,-1.933,-14.557
4.411,-36.600,-8.393,8.310,0.132,-0.132,0.068,-0.068,23510.354,-21159.318,3197.672,-2877.905,0.000,2.300,-17.314,0.000,-1.934,-14.561
4.412,-37.232,-8.869,7.141,0.132,-0.132,0.068,-0.068,23515.683,-21164.115,3197.672,-2877.905,0.000,2.302,-17.320,0.000,-1.936,-14.566
4.413,-37.689,-9.326,5.932,0.132,-0.132,0.068,-0.068,23521.013,-21168.911,3197.672,-2877.905,0.000,2.304,-17.327,0.000,-1.937,-14.570
4.414,-37.967,-9.757,4.690,0.132,-0.132,0.068,-0.068,23526.342,-21173.708,3197.672,-2877.905,0.000,2.306,-17.333,0.000,-1.939,-14.574
4.415,-38.062,-10.160,3.424,0.132,-0.132,0.068,-0.068,23531.672,-21178.505,3197.672,-2877.905,0.000,2.308,-17.340,0.000,-1.941,-14.578
4.416,-37.970,-10.531,2.141,0.132,-0.132,0.068,-0.068,23537.001,-21183.301,3197.672,-2877.905,0.000,2.310,-17.346,0.000,-1.942,-14.582
4.417,-37.691,-10.869,0.849,0.132,-0.132,0.068,-0.068,23542.331,-21188.098,3197.672,-2877.905,0.000,2.312,-17.353,0.000,-1.944,-14.587
4.418,-37.224,-11.171,-0.442,0.133,-0.133,0.068,-0.068,23547.660,-21192.894,3197.672,-2877.905,0.000,2.314,-17.359,0.000,-1.945,-14.591
4.419,-36.570,-11.436,-1.724,0.133,-0.133,0.068,-0.068,23552.989,-21197.691,3197.672,-2877.905,0.000,2.317,-17.366,0.000,-1.947,-14.595
4.420,-35.731,-11.664,-2.987,0.133,-0.133,0.068,-0.068,23558.319,-21202.487,3197.672,-2877.905,0.000,2.319,-17.372,0.000,-1.949,-14.599
4.421,-34.713,-11.856,-4.223,0.133,-0.133,0.068,-0.068,23563.648,-21207.284,3197.672,-2877.905,0.000,2.321,-17.379,0.000,-1.950,-14.604
4.422,-33.518,-12.012,-5.423,0.133,-0.133,0.068,-0.068,23568.978,-21212.080,3197.672,-2877.905,0.000,2.323,-17.385,0.000,-1.952,-14.608
4.423,-32.155,-12.134,-6.579,0.133,-0.133,0.068,-0.068,23574.307,-21216.877,3197.672,-2877.905,0.000,2.325,-17.392,0.000,-1.953,-14.612
4.424,-30.630,-12.224,-7.681,0.133,-0.133,0.068,-0.068,23579.637,-21221.673,3197.672,-2877.905,0.000,2.327,-17.398,0.000,-1.955,-14.616
4.425,-28.951,-12.284,-8.723,0.133,-0.133,0.068,-0.068,23584.966,-21226.470,3197.672,-2877.905,0.000,2.329,-17.405,0.000,-1.957,-14.620
4.426,-27.129,-12.318,-9.697,0.133,-0.133,0.068,-0.068,23590.296,-21231.266,3197.672,-2877.905,0.000,2.331,-17.411,0.000,-1.958,-14.625
4.427,-25.173,-12.329,-10.597,0.133,-0.133,0.068,-0.068,23595.625,-21236.063,3197.672,-2877.905,0.000,2.333,-17.418,0.000,-1.960,-14.629
4.428,-23.095,-12.319,-11.416,0.133,-0.133,0.068,-0.068,23600.955,-21240.859,3197.672,-2877.905,0.000,2.336,-17.424,0.000,-1.961,-14.633
4.429,-20.907,-12.292,-12.149,0.133,-0.133,0.068,-0.068,23606.284,-21245.656,3197.672,-2877.905,0.000,2.338,-17.431,0.000,-1.963,-14.637
4.430,-18.620,-12.251,-12.791,0.133,-0.133,0.068,-0.068,23611.613,-21250.452,3197.672,-2877.905,0.000,2.340,-17.437,0.000,-1.965,-14.641
4.431,-16.249,-12.198,-13.339,0.133,-0.133,0.068,-0.068,23616.943,-21255.249,3197.672,-2877.905,0.000,2.342,-17.444,0.000,-1.966,-14.646
4.432,-13.806,-12.138,-13.788,0.134,-0.134,0.068,-0.068,23622.272,-21260.045,3197.672,-2877.905,0.000,2.344,-17.450,0.000,-1.968,-14.650
4.433,-11.304,-12.071,-14.136,0.134,-0.134,0.068,-0.068,23627.602,-21264.842,3197.672,-2877.905,0.000,2.346,-17.457,0.000,-1.969,-14.654
4.434,-8.759,-12.000,-14.381,0.134,-0.134,0.068,-0.068,23632.931,-21269.638,3197.672,-2877.905,0.000,2.348,-17.463,0.000,-1.971,-14.658
4.435,-6.183,-11.927,-14.521,0.134,-0.134,0.068,-0.068,23638.261,-21274.435,3197.672,-2877.905,0.000,2.350,-17.470,0.000,-1.973,-14.662
4.436,-3.592,-11.851,-14.555,0.134,-0.134,0.068,-0.068,23643.590,-21279.231,3197.672,-2877.905,0.000,2.352,-17.476,0.000,-1.974,-14.667
4.437,-0.999,-11.774,-14.483,0.134,-0.134,0.068,-0.068,23648.920,-21284.028,3197.672,-2877.905,0.000,2.355,-17.483,0.000,-1.976,-14.671
4.438,1.580,-11.696,-14.306,0.134,-0.134,0.068,-0.068,23654.249,-21288.824,3197.672,-2877.905,0.000,2.357,-17.489,0.000,-1.977,-14.675
4.439,4.132,-11.614,-14.023,0.134,-0.134,0.068,-0.068,23659.579,-21293.621,3197.672,-2877.905,0.000,2.359,-17.496,0.000,-1.979,-14.679
4.440,6.643,-11.530,-13.637,0.134,-0.134,0.068,-0.068,23664.908,-21298.417,3197.672,-2877.905,0.000,2.361,-17.502,0.000,-1.981,-14.683
4.441,9.097,-11.440,-13.150,0.134,-0.134,0.068,-0.068,23670.237,-21303.214,3197.672,-2877.905,0.000,2.363,-17.509,0.000,-1.982,-14.688
4.442,11.482,-11.342,-12.563,0.134,-0.134,0.068,-0.068,23675.567,-21308.010,3197.672,-2877.905,0.000,2.365,-17.515,0.000,-1.984,-14.692
4.443,13.782,-11.235,-11.882,0.134,-0.134,0.068,-0.068,23680.896,-21312.807,3197.672,-2877.905,0.000,2.367,-17.522,0.000,-1.986,-14.696
4.444,15.985,-11.115,-11.108,0.134,-0.134,0.068,-0.068,23686.226,-21317.603,3197.672,-2877.905,0.000,2.369,-17.528,0.000,-1.987,-14.700
4.445,18.078,-10.979,-10.248,0.134,-0.134,0.068,-0.068,23691.555,-21322.400,3197.672,-2877.905,0.000,2.372,-17.535,0.000,-1.989,-14.704
4.446,20.047,-10.825,-9.306,0.135,-0.135,0.068,-0.068,23696.885,-21327.196,3197.672,-2877.905,0.000,2.374,-17.541,0.000,-1.990,-14.709
4.447,21.881,-10.649,-8.288,0.135,-0.135,0.068,-0.068,23702.214,-21331.993,3197.672,-2877.905,0.000,2.376,-17.548,0.000,-1.992,-14.713
4.448,23.569,-10.448,-7.201,0.135,-0.135,0.068,-0.068,23707.544,-21336.789,3197.672,-2877.905,0.000,2.378,-17.554,0.000,-1.994,-14.717
4.449,25.099,-10.220,-6.051,0.135,-0.135,0.068,-0.068,23712.873,-21341.586,3197.672,-2877.905,0.000,2.380,-17.561,0.000,-1.995,-14.721
4.450,26.462,-9.962,-4.846,0.135,-0.135,0.068,-0.068,23718.203,-21346.382,3197.672,-2877.905,0.000,2.382,-17.567,0.000,-1.997,-14.725
4.451,27.649,-9.672,-3.593,0.135,-0.135,0.068,-0.068,23723.532,-21351.179,3197.672,-2877.905,0.000,2.384,-17.574,0.000,-1.998,-14.730
4.452,28.652,-9.348,-2.302,0.135,-0.135,0.068,-0.068,23728.861,-21355.975,3197.672,-2877.905,0.000,2.386,-17.580,0.000,-2.000,-14.734
4.453,29.464,-8.991,-0.981,0.135,-0.135,0.068,-0.068,23734.191,-21360.772,3197.672,-2877.905,0.000,2.389,-17.587,0.000,-2.002,-14.738
4.454,30.080,-8.599,0.361,0.135,-0.135,0.068,-0.068,23739.520,-21365.568,3197.672,-2877.905,0.000,2.391,-17.593,0.000,-2.003,-14.742
4.455,30.496,-8.173,1.716,0.135,-0.135,0.068,-0.068,23744.850,-21370.365,3197.672,-2877.905,0.000,2.393,-17.600,0.000,-2.005,-14.746
4.456,30.709,-7.715,3.075,0.135,-0.135,0.068,-0.068,23750.179,-21375.161,3197.672,-2877.905,0.000,2.395,-17.606,0.000,-2.007,-14.751
4.457,30.716,-7.227,4.429,0.135,-0.135,0.068,-0.068,23755.509,-21379.958,3197.672,-2877.905,0.000,2.397,-17.613,0.000,-2.008,-14.755
4.458,30.519,-6.711,5.769,0.135,-0.135,0.068,-0.068,23760.838,-21384.754,3197.672,-2877.905,0.000,2.399,-17.619,0.000,-2.010,-14.759
4.459,30.118,-6.170,7.088,0.135,-0.135,0.068,-0.068,23766.168,-21389.551,3197.672,-2877.905,0.000,2.401,-17.626,0.000,-2.011,-14.763
4.460,29.515,-5.610,8.378,0.135,-0.135,0.068,-0.068,23771.497,-21394.347,3197.672,-2877.905,0.000,2.404,-17.632,0.000,-2.013,-14.767
4.461,28.714,-5.035,9.631,0.136,-0.136,0.068,-0.068,23776.827,-21399.144,3197.672,-2877.905,0.000,2.406,-17.639,0.000,-2.015,-14.772
4.462,27.720,-4.450,10.841,0.136,-0.136,0.068,-0.068,23782.156,-21403.940,3197.672,-2877.905,0.000,2.408,-17.645,0.000,-2.016,-14.776
4.463,26.538,-3.862,12.003,0.136,-0.136,0.068,-0.068,23787.485,-21408.737,3197.672,-2877.905,0.000,2.410,-17.652,0.000,-2.018,-14.780
4.464,25.176,-3.275,13.110,0.136,-0.136,0.068,-0.068,23792.815,-21413.533,3197.672,-2877.905,0.000,2.412,-17.658,0.000,-2.020,-14.784
4.465,23.641,-2.697,14.159,0.136,-0.136,0.068,-0.068,23798.144,-21418.330,3197.672,-2877.905,0.000,2.414,-17.665,0.000,-2.021,-14.788
4.466,21.942,-2.134,15.145,0.136,-0.136,0.068,-0.068,23803.474,-21423.126,3197.672,-2877.905,0.000,2.416,-17.671,0.000,-2.023,-14.793
4.467,20.088,-1.592,16.066,0.136,-0.136,0.068,-0.068,23808.803,-21427.923,3197.672,-2877.905,0.000,2.419,-17.678,0.000,-2.024,-14.797
4.468,18.089,-1.079,16.917,0.136,-0.136,0.068,-0.068,23814.133,-21432.719,3197.672,-2877.905,0.000,2.421,-17.684,0.000,-2.026,-14.801
4.469,15.956,-0.599,17.697,0.136,-0.136,0.068,-0.068,23819.462,-21437.516,3197.672,-2877.905,0.000,2.423,-17.691,0.000,-2.028,-14.805
4.470,13.700,-0.160,18.405,0.136,-0.136,0.068,-0.068,23824.792,-21442.312,3197.672,-2877.905,0.000,2.425,-17.697,0.000,-2.029,-14.809
4.471,11.332,0.234,19.037,0.136,-0.136,0.068,-0.068,23830.121,-21447.109,3197.672,-2877.905,0.000,2.427,-17.704,0.000,-2.031,-14.813
4.472,8.863,0.577,19.594,0.136,-0.136,0.068,-0.068,23835.451,-21451.906,3197.672,-2877.905,0.000,2.429,-17.710,0.000,-2.033,-14.818
4.473,6.306,0.864,20.073,0.136,-0.136,0.068,-0.068,23840.780,-21456.702,3197.672,-2877.905,0.000,2.431,-17.717,0.000,-2.034,-14.822
4.474,3.673,1.092,20.475,0.136,-0.136,0.068,-0.068,23846.109,-21461.499,3197.672,-2877.905,0.000,2.434,-17.723,0.000,-2.036,-14.826
4.475,0.976,1.258,20.797,0.137,-0.137,0.068,-0.068,23851.439,-21466.295,3197.672,-2877.905,0.000,2.436,-17.730,0.000,-2.037,-14.830
4.476,-1.771,1.357,21.039,0.137,-0.137,0.068,-0.068,23856.768,-21471.092,3197.672,-2877.905,0.000,2.438,-17.736,0.000,-2.039,-14.834
4.477,-4.556,1.389,21.199,0.137,-0.137,0.068,-0.068,23862.098,-21475.888,3197.672,-2877.905,0.000,2.440,-17.743,0.000,-2.041,-14.839
4.478,-7.366,1.352,21.276,0.137,-0.137,0.068,-0.068,23867.427,-21480.685,3197.672,-2877.905,0.000,2.442,-17.749,0.000,-2.042,-14.843
4.479,-10.187,1.245,21.270,0.137,-0.137,0.068,-0.068,23872.757,-21485.481,3197.672,-2877.905,0.000,2.444,-17.756,0.000,-2.044,-14.847
4.480,-13.006,1.070,21.177,0.137,-0.137,0.068,-0.068,23878.086,-21490.278,3197.672,-2877.905,0.000,2.447,-17.762,0.000,-2.046,-14.851
4.481,-15.808,0.826,20.997,0.137,-0.137,0.068,-0.068,23883.416,-21495.074,3197.672,-2877.905,0.000,2.449,-17.769,0.000,-2.047,-14.855
4.482,-18.580,0.517,20.728,0.137,-0.137,0.068,-0.068,23888.745,-21499.871,3197.672,-2877.905,0.000,2.451,-17.775,0.000,-2.049,-14.860
4.483,-21.307,0.145,20.367,0.137,-0.137,0.068,-0.068,23894.075,-21504.667,3197.672,-2877.905,0.000,2.453,-17.782,0.000,-2.050,-14.864
4.484,-23.975,-0.287,19.914,0.137,-0.137,0.068,-0.068,23899.404,-21509.464,3197.672,-2877.905,0.000,2.455,-17.788,0.000,-2.052,-14.868
4.485,-26.567,-0.773,19.367,0.137,-0.137,0.068,-0.068,23904.733,-21514.260,3197.672,-2877.905,0.000,2.457,-17.795,0.000,-2.054,-14.872
4.486,-29.071,-1.309,18.725,0.137,-0.137,0.068,-0.068,23910.063,-21519.057,3197.672,-2877.905,0.000,2.460,-17.801,0.000,-2.055,-14.876
4.487,-31.469,-1.888,17.986,0.137,-0.137,0.068,-0.068,23915.392,-21523.853,3197.672,-2877.905,0.000,2.462,-17.808,0.000,-2.057,-14.881
4.488,-33.747,-2.504,17.151,0.137,-0.137,0.068,-0.068,23920.722,-21528.650,3197.672,-2877.905,0.000,2.464,-17.814,0.000,-2.059,-14.885
4.489,-35.890,-3.149,16.220,0.138,-0.138,0.068,-0.068,23926.051,-21533.446,3197.672,-2877.905,0.000,2.466,-17.821,0.000,-2.060,-14.889
4.490,-37.883,-3.815,15.193,0.138,-0.138,0.068,-0.068,23931.381,-21538.243,3197.672,-2877.905,0.000,2.468,-17.827,0.000,-2.062,-14.893
4.491,-39.710,-4.494,14.075,0.138,-0.138,0.068,-0.068,23936.710,-21543.039,3197.672,-2877.905,0.000,2.470,-17.834,0.000,-2.064,-14.897
4.492,-41.359,-5.178,12.866,0.138,-0.138,0.068,-0.068,23942.040,-21547.836,3197.672,-2877.905,0.000,2.473,-17.840,0.000,-2.065,-14.902
4.493,-42.814,-5.858,11.572,0.138,-0.138,0.068,-0.068,23947.369,-21552.632,3197.672,-2877.905,0.000,2.475,-17.847,0.000,-2.067,-14.906
4.494,-44.063,-6.525,10.199,0.138,-0.138,0.068,-0.068,23952.699,-21557.429,3197.672,-2877.905,0.000,2.477,-17.853,0.000,-2.069,-14.910
4.495,-45.095,-7.171,8.753,0.138,-0.138,0.068,-0.068,23958.028,-21562.225,3197.672,-2877.905,0.000,2.479,-17.860,0.000,-2.070,-14.914
4.496,-45.898,-7.789,7.241,0.138,-0.138,0.068,-0.068,23963.357,-21567.022,3197.672,-2877.905,0.000,2.481,-17.866,0.000,-2.072,-14.918
4.497,-46.465,-8.371,5.674,0.138,-0.138,0.068,-0.068,23968.687,-21571.818,3197.672,-2877.905,0.000,2.483,-17.873,0.000,-2.073,-14.923
4.498,-46.787,-8.911,4.061,0.138,-0.138,0.068,-0.068,23974.016,-21576.615,3197.672,-2877.905,0.000,2.486,-17.879,0.000,-2.075,-14.927
4.499,-46.858,-9.405,2.414,0.138,-0.138,0.068,-0.068,23979.346,-21581.411,3197.672,-2877.905,0.000,2.488,-17.886,0.000,-2.077,-14.931
4.500,-46.676,-9.847,0.744,0.138,-0.138,0.068,-0.068,23984.675,-21586.208,3197.672,-2877.905,0.000,2.490,-17.892,0.000,-2.078,-14.935
4.501,-46.237,-10.235,-0.936,0.138,-0.138,0.068,-0.068,23990.005,-21591.004,3197.672,-2877.905,0.000,2.492,-17.899,0.000,-2.080,-14.939
4.502,-45.543,-10.566,-2.612,0.138,-0.138,0.068,-0.068,23995.334,-21595.801,3197.672,-2877.905,0.000,2.494,-17.905,0.000,-2.082,-14.944
4.503,-44.596,-10.841,-4.272,0.138,-0.138,0.068,-0.068,24000.664,-21600.597,3197.672,-2877.905,0.000,2.496,-17.912,0.000,-2.083,-14.948
4.504,-43.400,-11.060,-5.903,0.139,-0.139,0.068,-0.068,24005.993,-21605.394,3197.672,-2877.905,0.000,2.499,-17.918,0.000,-2.085,-14.952
4.505,-41.962,-11.225,-7.491,0.139,-0.139,0.068,-0.068,24011.323,-21610.190,3197.672,-2877.905,0.000,2.501,-17.925,0.000,-2.087,-14.956
4.506,-40.289,-11.339,-9.023,0.139,-0.139,0.068,-0.068,24016.652,-21614.987,3197.672,-2877.905,0.000,2.503,-17.931,0.000,-2.088,-14.960
4.507,-38.394,-11.406,-10.489,0.139,-0.139,0.068,-0.068,24021.981,-21619.783,3197.672,-2877.905,0.000,2.505,-17.938,0.000,-2.090,-14.964
4.508,-36.286,-11.430,-11.876,0.139,-0.139,0.068,-0.068,24027.311,-21624.580,3197.672,-2877.905,0.000,2.507,-17.944,0.000,-2.092,-14.969
4.509,-33.979,-11.418,-13.174,0.139,-0.139,0.068,-0.068,24032.640,-21629.376,3197.672,-2877.905,0.000,2.510,-17.951,0.000,-2.093,-14.973
4.510,-31.489,-11.373,-14.374,0.139,-0.139,0.068,-0.068,24037.970,-21634.173,3197.672,-2877.905,0.000,2.512,-17.957,0.000,-2.095,-14.977
4.511,-28.829,-11.304,-15.467,0.139,-0.139,0.068,-0.068,24043.299,-21638.969,3197.672,-2877.905,0.000,2.514,-17.964,0.000,-2.097,-14.981
4.512,-26.018,-11.215,-16.446,0.139,-0.139,0.068,-0.068,24048.629,-21643.766,3197.672,-2877.905,0.000,2.516,-17.970,0.000,-2.098,-14.985
4.513,-23.072,-11.112,-17.305,0.139,-0.139,0.068,-0.068,24053.958,-21648.562,3197.672,-2877.905,0.000,2.518,-17.977,0.000,-2.100,-14.990
4.514,-20.009,-11.000,-18.038,0.139,-0.139,0.068,-0.068,24059.288,-21653.359,3197.672,-2877.905,0.000,2.520,-17.983,0.000,-2.101,-14.994
4.515,-16.848,-10.885,-18.640,0.139,-0.139,0.068,-0.068,24064.617,-21658.155,3197.672,-2877.905,0.000,2.523,-17.990,0.000,-2.103,-14.998
4.516,-13.606,-10.771,-19.109,0.139,-0.139,0.068,-0.068,24069.947,-21662.952,3197.672,-2877.905,0.000,2.525,-17.996,0.000,-2.105,-15.002
4.517,-10.304,-10.661,-19.441,0.139,-0.139,0.068,-0.068,24075.276,-21667.748,3197.672,-2877.905,0.000,2.527,-18.003,0.000,-2.106,-15.006
4.518,-6.959,-10.557,-19.635,0.140,-0.140,0.068,-0.068,24080.605,-21672.545,3197.672,-2877.905,0.000,2.529,-18.009,0.000,-2.108,-15.011
4.519,-3.592,-10.462,-19.689,0.140,-0.140,0.068,-0.068,24085.935,-21677.341,3197.672,-2877.905,0.000,2.531,-18.016,0.000,-2.110,-15.015
4.520,-0.221,-10.376,-19.603,0.140,-0.140,0.068,-0.068,24091.264,-21682.138,3197.672,-2877.905,0.000,2.534,-18.022,0.000,-2.111,-15.019
4.521,3.133,-10.298,-19.378,0.140,-0.140,0.068,-0.068,24096.594,-21686.934,3197.672,-2877.905,0.000,2.536,-18.029,0.000,-2.113,-15.023
4.522,6.453,-10.228,-19.014,0.140,-0.140,0.068,-0.068,24101.923,-21691.731,3197.672,-2877.905,0.000,2.538,-18.035,0.000,-2.115,-15.027
4.523,9.718,-10.163,-18.514,0.140,-0.140,0.068,-0.068,24107.253,-21696.527,3197.672,-2877.905,0.000,2.540,-18.042,0.000,-2.116,-15.031
4.524,12.909,-10.100,-17.879,0.140,-0.140,0.068,-0.068,24112.582,-21701.324,3197.672,-2877.905,0.000,2.542,-18.048,0.000,-2.118,-15.036
4.525,16.008,-10.035,-17.114,0.140,-0.140,0.068,-0.068,24117.912,-21706.120,3197.672,-2877.905,0.000,2.545,-18.055,0.000,-2.120,-15.040
4.526,18.995,-9.963,-16.221,0.140,-0.140,0.068,-0.068,24123.241,-21710.917,3197.672,-2877.905,0.000,2.547,-18.061,0.000,-2.121,-15.044
4.527,21.852,-9.879,-15.207,0.140,-0.140,0.068,-0.068,24128.571,-21715.713,3197.672,-2877.905,0.000,2.549,-18.068,0.000,-2.123,-15.049
4.528,24.560,-9.777,-14.078,0.140,-0.140,0.068,-0.068,24133.900,-21720.510,3197.672,-2877.905,0.000,2.551,-18.074,0.000,-2.125,-15.055
4.529,27.103,-9.653,-12.840,0.140,-0.140,0.068,-0.068,24139.229,-21725.306,3197.672,-2877.905,0.000,2.553,-18.081,0.000,-2.127,-15.061
4.530,29.463,-9.499,-11.502,0.140,-0.140,0.068,-0.068,24144.559,-21730.103,3197.672,-2877.905,0.000,2.556,-18.087,0.000,-2.129,-15.067
4.531,31.624,-9.311,-10.071,0.140,-0.140,0.068,-0.068,24149.888,-21734.900,3197.672,-2877.905,0.000,2.558,-18.094,0.000,-2.131,-15.073
4.532,33.571,-9.082,-8.559,0.141,-0.141,0.068,-0.068,24155.218,-21739.696,3197.672,-2877.905,0.000,2.560,-18.100,0.000,-2.133,-15.079
4.533,35.290,-8.809,-6.975,0.141,-0.141,0.068,-0.068,24160.547,-21744.493,3197.672,-2877.905,0.000,2.562,-18.107,0.000,-2.135,-15.084
4.534,36.769,-8.486,-5.332,0.141,-0.141,0.068,-0.068,24165.877,-21749.289,3197.672,-2877.905,0.000,2.564,-18.113,0.000,-2.136,-15.090
4.535,37.997,-8.112,-3.641,0.141,-0.141,0.068,-0.068,24171.206,-21754.086,3197.672,-2877.905,0.000,2.567,-18.120,0.000,-2.138,-15.096
4.536,38.966,-7.684,-1.915,0.141,-0.141,0.068,-0.068,24176.536,-21758.882,3197.672,-2877.905,0.000,2.569,-18.126,0.000,-2.140,-15.102
4.537,39.666,-7.202,-0.167,0.141,-0.141,0.068,-0.068,24181.865,-21763.679,3197.672,-2877.905,0.000,2.571,-18.133,0.000,-2.142,-15.108
4.538,40.094,-6.666,1.590,0.141,-0.141,0.068,-0.068,24187.195,-21768.475,3197.672,-2877.905,0.000,2.573,-18.139,0.000,-2.144,-15.114
4.539,40.247,-6.077,3.344,0.141,-0.141,0.068,-0.068,24192.524,-21773.272,3197.672,-2877.905,0.000,2.576,-18.146,0.000,-2.146,-15.120
4.540,40.122,-5.440,5.082,0.141,-0.141,0.068,-0.068,24197.853,-21778.068,3197.672,-2877.905,0.000,2.578,-18.152,0.000,-2.148,-15.125
4.541,39.721,-4.759,6.791,0.141,-0.141,0.068,-0.068,24203.183,-21782.865,3197.672,-2877.905,0.000,2.580,-18.159,0.000,-2.150,-15.131
4.542,39.047,-4.040,8.461,0.141,-0.141,0.068,-0.068,24208.512,-21787.661,3197.672,-2877.905,0.000,2.582,-18.165,0.000,-2.152,-15.137
4.543,38.105,-3.289,10.081,0.141,-0.141,0.068,-0.068,24213.842,-21792.458,3197.672,-2877.905,0.000,2.584,-18.172,0.000,-2.154,-15.143
4.544,36.901,-2.515,11.643,0.141,-0.141,0.068,-0.068,24219.171,-21797.254,3197.672,-2877.905,0.000,2.587,-18.178,0.000,-2.156,-15.149
4.545,35.443,-1.726,13.137,0.141,-0.141,0.068,-0.068,24224.501,-21802.051,3197.672,-2877.905,0.000,2.589,-18.184,0.000,-2.157,-15.155
4.546,33.742,-0.931,14.556,0.141,-0.141,0.068,-0.068,24229.830,-21806.847,3197.672,-2877.905,0.000,2.591,-18.191,0.000,-2.159,-15.160
4.547,31.808,-0.141,15.896,0.142,-0.142,0.068,-0.068,24235.160,-21811.644,3197.672,-2877.905,0.000,2.593,-18.197,0.000,-2.161,-15.166
4.548,29.655,0.634,17.151,0.142,-0.142,0.068,-0.068,24240.489,-21816.440,3197.672,-2877.905,0.000,2.595,-18.204,0.000,-2.163,-15.172
4.549,27.294,1.385,18.317,0.142,-0.142,0.068,-0.068,24245.819,-21821.237,3197.672,-2877.905,0.000,2.598,-18.210,0.000,-2.165,-15.178
4.550,24.740,2.102,19.391,0.142,-0.142,0.068,-0.068,24251.148,-21826.033,3197.672,-2877.905,0.000,2.600,-18.217,0.000,-2.167,-15.184
4.551,22.008,2.774,20.373,0.142,-0.142,0.068,-0.068,24256.477,-21830.830,3197.672,-2877.905,0.000,2.602,-18.223,0.000,-2.169,-15.190
4.552,19.112,3.393,21.260,0.142,-0.142,0.068,-0.068,24261.807,-21835.626,3197.672,-2877.905,0.000,2.604,-18.230,0.000,-2.171,-15.196
4.553,16.069,3.949,22.052,0.142,-0.142,0.068,-0.068,24267.136,-21840.423,3197.672,-2877.905,0.000,2.607,-18.236,0.000,-2.173,-15.201
4.554,12.893,4.436,22.748,0.142,-0.142,0.068,-0.068,24272.466,-21845.219,3197.672,-2877.905,0.000,2.609,-18.243,0.000,-2.175,-15.207
4.555,9.600,4.846,23.349,0.142,-0.142,0.068,-0.068,24277.795,-21850.016,3197.672,-2877.905,0.000,2.611,-18.249,0.000,-2.177,-15.213
4.556,6.208,5.172,23.853,0.142,-0.142,0.068,-0.068,24283.125,-21854.812,3197.672,-2877.905,0.000,2.613,-18.256,0.000,-2.179,-15.219
4.557,2.732,5.409,24.261,0.142,-0.142,0.068,-0.068,24288.454,-21859.609,3197.672,-2877.905,0.000,2.615,-18.260,0.000,-2.180,-15.225
4.558,-0.812,5.554,24.571,0.142,-0.142,0.068,-0.068,24293.784,-21864.405,3197.672,-2877.905,0.000,2.617,-18.263,0.000,-2.182,-15.231
4.559,-4.407,5.601,24.783,0.142,-0.142,0.068,-0.068,24299.113,-21869.202,3197.672,-2877.905,0.000,2.619,-18.266,0.000,-2.184,-15.236
4.560,-8.037,5.550,24.896,0.142,-0.142,0.068,-0.068,24304.443,-21873.998,3197.672,-2877.905,0.000,2.620,-18.269,0.000,-2.186,-15.242
4.561,-11.683,5.400,24.906,0.143,-0.143,0.068,-0.068,24309.772,-21878.795,3197.672,-2877.905,0.000,2.622,-18.272,0.000,-2.188,-15.248
4.562,-15.328,5.151,24.812,0.143,-0.143,0.068,-0.068,24315.101,-21883.591,3197.672,-2877.905,0.000,2.624,-18.275,0.000,-2.190,-15.254
4.563,-18.955,4.804,24.610,0.143,-0.143,0.068,-0.068,24320.431,-21888.388,3197.672,-2877.905,0.000,2.626,-18.279,0.000,-2.192,-15.260
4.564,-22.545,4.362,24.297,0.143,-0.143,0.068,-0.068,24325.760,-21893.184,3197.672,-2877.905,0.000,2.627,-18.282,0.000,-2.194,-15.266
4.565,-26.078,3.830,23.869,0.143,-0.143,0.068,-0.068,24331.090,-21897.981,3197.672,-2877.905,0.000,2.629,-18.285,0.000,-2.196,-15.272
4.566,-29.537,3.213,23.323,0.143,-0.143,0.068,-0.068,24336.419,-21902.777,3197.672,-2877.905,0.000,2.631,-18.288,0.000,-2.198,-15.277
4.567,-32.899,2.518,22.655,0.143,-0.143,0.068,-0.068,24341.749,-21907.574,3197.672,-2877.905,0.000,2.633,-18.291,0.000,-2.200,-15.283
4.568,-36.145,1.753,21.860,0.143,-0.143,0.068,-0.068,24347.078,-21912.370,3197.672,-2877.905,0.000,2.634,-18.294,0.000,-2.202,-15.289
4.569,-39.254,0.928,20.936,0.143,-0.143,0.068,-0.068,24352.408,-21917.167,3197.672,-2877.905,0.000,2.636,-18.298,0.000,-2.204,-15.295
4.570,-42.203,0.053,19.881,0.143,-0.143,0.068,-0.068,24357.737,-21921.963,3197.672,-2877.905,0.000,2.638,-18.301,0.000,-2.206,-15.301
4.571,-44.971,-0.859,18.693,0.143,-0.143,0.068,-0.068,24363.067,-21926.760,3197.672,-2877.905,0.000,2.640,-18.304,0.000,-2.207,-15.307
4.572,-47.537,-1.797,17.372,0.143,-0.143,0.068,-0.068,24368.396,-21931.556,3197.672,-2877.905,0.000,2.641,-18.307,0.000,-2.209,-15.312
4.573,-49.878,-2.747,15.921,0.143,-0.143,0.068,-0.068,24373.725,-21936.353,3197.672,-2877.905,0.000,2.643,-18.310,0.000,-2.211,-15.318
4.574,-51.974,-3.694,14.343,0.143,-0.143,0.068,-0.068,24379.055,-21941.149,3197.672,-2877.905,0.000,2.645,-18.313,0.000,-2.213,-15.324
4.575,-53.804,-4.626,12.644,0.144,-0.144,0.068,-0.068,24384.384,-21945.946,3197.672,-2877.905,0.000,2.647,-18.317,0.000,-2.215,-15.330
4.576,-55.349,-5.529,10.831,0.144,-0.144,0.068,-0.068,24389.714,-21950.742,3197.672,-2877.905,0.000,2.649,-18.320,0.000,-2.217,-15.336
4.577,-56.592,-6.390,8.914,0.144,-0.144,0.068,-0.068,24395.043,-21955.539,3197.672,-2877.905,0.000,2.650,-18.323,0.000,-2.219,-15.342
4.578,-57.517,-7.195,6.905,0.144,-0.144,0.068,-0.068,24400.373,-21960.335,3197.672,-2877.905,0.000,2.652,-18.326,0.000,-2.221,-15.348
4.579,-58.111,-7.936,4.820,0.144,-0.144,0.068,-0.068,24405.702,-21965.132,3197.672,-2877.905,0.000,2.654,-18.329,0.000,-2.223,-15.353
4.580,-58.364,-8.603,2.673,0.144,-0.144,0.068,-0.068,24411.032,-21969.928,3197.672,-2877.905,0.000,2.656,-18.332,0.000,-2.225,-15.359
4.581,-58.268,-9.188,0.483,0.144,-0.144,0.068,-0.068,24416.361,-21974.725,3197.672,-2877.905,0.000,2.657,-18.336,0.000,-2.227,-15.365
4.582,-57.819,-9.686,-1.731,0.144,-0.144,0.068,-0.068,24421.691,-21979.521,3197.672,-2877.905,0.000,2.659,-18.339,0.000,-2.229,-15.371
4.583,-57.017,-10.094,-3.949,0.144,-0.144,0.068,-0.068,24427.020,-21984.318,3197.672,-2877.905,0.000,2.661,-18.342,0.000,-2.231,-15.377
4.584,-55.863,-10.413,-6.152,0.144,-0.144,0.068,-0.068,24432.349,-21989.114,3197.672,-2877.905,0.000,2.663,-18.345,0.000,-2.233,-15.383
4.585,-54.364,-10.643,-8.319,0.144,-0.144,0.068,-0.068,24437.679,-21993.911,3197.672,-2877.905,0.000,2.664,-18.348,0.000,-2.235,-15.388
4.586,-52.530,-10.789,-10.429,0.144,-0.144,0.068,-0.068,24443.008,-21998.707,3197.672,-2877.905,0.000,2.666,-18.351,0.000,-2.237,-15.394
4.587,-50.372,-10.857,-12.465,0.144,-0.144,0.068,-0.068,24448.338,-22003.504,3197.672,-2877.905,0.000,2.668,-18.355,0.000,-2.238,-15.400
4.588,-47.907,-10.855,-14.408,0.144,-0.144,0.068,-0.068,24453.667,-22008.301,3197.672,-2877.905,0.000,2.670,-18.358,0.000,-2.240,-15.406
4.589,-45.150,-10.791,-16.243,0.144,-0.144,0.068,-0.068,24458.997,-22013.097,3197.672,-2877.905,0.000,2.671,-18.361,0.000,-2.242,-15.412
4.590,-42.123,-10.676,-17.953,0.145,-0.145,0.068,-0.068,24464.326,-22017.894,3197.672,-2877.905,0.000,2.673,-18.364,0.000,-2.244,-15.418
4.591,-38.847,-10.520,-19.527,0.145,-0.145,0.068,-0.068,24469.656,-22022.690,3197.672,-2877.905,0.000,2.675,-18.367,0.000,-2.246,-15.423
4.592,-35.344,-10.335,-20.954,0.145,-0.145,0.068,-0.068,24474.985,-22027.487,3197.672,-2877.905,0.000,2.677,-18.370,0.000,-2.248,-15.429
4.593,-31.639,-10.131,-22.223,0.145,-0.145,0.068,-0.068,24480.315,-22032.283,3197.672,-2877.905,0.000,2.679,-18.374,0.000,-2.250,-15.435
4.594,-27.756,-9.919,-23.327,0.145,-0.145,0.068,-0.068,24485.644,-22037.080,3197.672,-2877.905,0.000,2.680,-18.377,0.000,-2.252,-15.441
4.595,-23.720,-9.709,-24.261,0.145,-0.145,0.068,-0.068,24490.973,-22041.876,3197.672,-2877.905,0.000,2.682,-18.380,0.000,-2.254,-15.447
4.596,-19.556,-9.509,-25.017,0.145,-0.145,0.068,-0.068,24496.303,-22046.673,3197.672,-2877.905,0.000,2.684,-18.383,0.000,-2.256,-15.453
4.597,-15.292,-9.327,-25.594,0.145,-0.145,0.068,-0.068,24501.632,-22051.469,3197.672,-2877.905,0.000,2.686,-18.386,0.000,-2.258,-15.458
4.598,-10.950,-9.168,-25.989,0.145,-0.145,0.068,-0.068,24506.962,-22056.266,3197.672,-2877.905,0.000,2.687,-18.389,0.000,-2.260,-15.464
4.599,-6.559,-9.037,-26.199,0.145,-0.145,0.068,-0.068,24512.291,-22061.062,3197.672,-2877.905,0.000,2.689,-18.392,0.000,-2.262,-15.470
4.600,-2.143,-8.935,-26.224,0.145,-0.145,0.068,-0.068,24517.621,-22065.859,3197.672,-2877.905,0.000,2.691,-18.396,0.000,-2.264,-15.476
4.601,2.273,-8.864,-26.063,0.145,-0.145,0.068,-0.068,24522.950,-22070.655,3197.672,-2877.905,0.000,2.693,-18.399,0.000,-2.266,-15.482
4.602,6.663,-8.823,-25.718,0.145,-0.145,0.068,-0.068,24528.280,-22075.452,3197.672,-2877.905,0.000,2.695,-18.402,0.000,-2.268,-15.488
4.603,11.000,-8.807,-25.188,0.145,-0.145,0.068,-0.068,24533.609,-22080.248,3197.672,-2877.905,0.000,2.696,-18.405,0.000,-2.270,-15.494
4.604,15.260,-8.814,-24.477,0.146,-0.146,0.068,-0.068,24538.939,-22085.045,3197.672,-2877.905,0.000,2.698,-18.408,0.000,-2.272,-15.499
4.605,19.416,-8.835,-23.587,0.146,-0.146,0.068,-0.068,24544.268,-22089.841,3197.672,-2877.905,0.000,2.700,-18.411,0.000,-2.274,-15.505
4.606,23.442,-8.864,-22.523,0.146,-0.146,0.068,-0.068,24549.597,-22094.638,3197.672,-2877.905,0.000,2.702,-18.415,0.000,-2.276,-15.511
4.607,27.312,-8.892,-21.288,0.146,-0.146,0.068,-0.068,24554.927,-22099.434,3197.672,-2877.905,0.000,2.703,-18.418,0.000,-2.278,-15.517
4.608,31.001,-8.908,-19.890,0.146,-0.146,0.068,-0.068,24560.256,-22104.231,3197.672,-2877.905,0.000,2.705,-18.421,0.000,-2.280,-15.523
4.609,34.483,-8.901,-18.336,0.146,-0.146,0.068,-0.068,24565.586,-22109.027,3197.672,-2877.905,0.000,2.707,-18.424,0.000,-2.282,-15.529
4.610,37.733,-8.862,-16.637,0.146,-0.146,0.068,-0.068,24570.915,-22113.824,3197.672,-2877.905,0.000,2.709,-18.427,0.000,-2.283,-15.534
4.611,40.726,-8.777,-14.802,0.146,-0.146,0.068,-0.068,24576.245,-22118.620,3197.672,-2877.905,0.000,2.710,-18.430,0.000,-2.285,-15.540
4.612,43.440,-8.637,-12.846,0.146,-0.146,0.068,-0.068,24581.574,-22123.417,3197.672,-2877.905,0.000,2.712,-18.434,0.000,-2.287,-15.546
4.613,45.853,-8.432,-10.783,0.146,-0.146,0.068,-0.068,24586.904,-22128.213,3197.672,-2877.905,0.000,2.714,-18.437,0.000,-2.289,-15.552
4.614,47.944,-8.153,-8.629,0.146,-0.146,0.068,-0.068,24592.233,-22133.010,3197.672,-2877.905,0.000,2.716,-18.440,0.000,-2.291,-15.558
4.615,49.697,-7.792,-6.402,0.146,-0.146,0.068,-0.068,24597.562,-22137.806,3197.672,-2877.905,0.000,2.718,-18.443,0.000,-2.293,-15.564
4.616,51.096,-7.344,-4.121,0.146,-0.146,0.068,-0.068,24602.892,-22142.603,3197.672,-2877.905,0.000,2.719,-18.446,0.000,-2.295,-15.569
4.617,52.130,-6.806,-1.805,0.146,-0.146,0.068,-0.068,24608.221,-22147.399,3197.672,-2877.905,0.000,2.721,-18.449,0.000,-2.297,-15.575
4.618,52.788,-6.177,0.525,0.147,-0.147,0.068,-0.068,24613.551,-22152.196,3197.672,-2877.905,0.000,2.723,-18.453,0.000,-2.299,-15.581
4.619,53.066,-5.459,2.850,0.147,-0.147,0.068,-0.068,24618.880,-22156.992,3197.672,-2877.905,0.000,2.725,-18.456,0.000,-2.301,-15.587
4.620,52.962,-4.655,5.149,0.147,-0.147,0.068,-0.068,24624.210,-22161.789,3197.672,-2877.905,0.000,2.727,-18.459,0.000,-2.303,-15.593
4.621,52.477,-3.773,7.405,0.147,-0.147,0.068,-0.068,24629.539,-22166.585,3197.672,-2877.905,0.000,2.728,-18.462,0.000,-2.305,-15.599
4.622,51.614,-2.822,9.600,0.147,-0.147,0.068,-0.068,24634.869,-22171.382,3197.672,-2877.905,0.000,2.730,-18.465,0.000,-2.307,-15.604
4.623,50.383,-1.812,11.718,0.147,-0.147,0.068,-0.068,24640.198,-22176.178,3197.672,-2877.905,0.000,2.732,-18.468,0.000,-2.309,-15.610
4.624,48.794,-0.756,13.746,0.147,-0.147,0.068,-0.068,24645.528,-22180.975,3197.672,-2877.905,0.000,2.734,-18.472,0.000,-2.311,-15.616
4.625,46.860,0.331,15.672,0.147,-0.147,0.068,-0.068,24650.857,-22185.771,3197.672,-2877.905,0.000,2.735,-18.475,0.000,-2.313,-15.622
4.626,44.596,1.434,17.487,0.147,-0.147,0.068,-0.068,24656.186,-22190.568,3197.672,-2877.905,0.000,2.737,-18.478,0.000,-2.315,-15.628
4.627,42.021,2.536,19.184,0.147,-0.147,0.068,-0.068,24661.516,-22195.364,3197.672,-2877.905,0.000,2.739,-18.481,0.000,-2.317,-15.634
4.628,39.153,3.622,20.758,0.147,-0.147,0.068,-0.068,24666.845,-22200.161,3197.672,-2877.905,0.000,2.741,-18.484,0.000,-2.319,-15.639
4.629,36.012,4.675,22.206,0.147,-0.147,0.068,-0.068,24672.175,-22204.957,3197.672,-2877.905,0.000,2.743,-18.487,0.000,-2.321,-15.645
4.630,32.619,5.679,23.526,0.147,-0.147,0.068,-0.068,24677.504,-22209.754,3197.672,-2877.905,0.000,2.744,-18.490,0.000,-2.323,-15.651
4.631,28.996,6.619,24.720,0.147,-0.147,0.068,-0.068,24682.834,-22214.550,3197.672,-2877.905,0.000,2.746,-18.494,0.000,-2.325,-15.657
4.632,25.163,7.480,25.788,0.147,-0.147,0.068,-0.068,24688.163,-22219.347,3197.672,-2877.905,0.000,2.748,-18.497,0.000,-2.327,-15.663
4.633,21.143,8.249,26.733,0.148,-0.148,0.068,-0.068,24693.493,-22224.143,3197.672,-2877.905,0.000,2.750,-18.500,0.000,-2.329,-15.669
4.634,16.957,8.913,27.555,0.148,-0.148,0.068,-0.068,24698.822,-22228.940,3197.672,-2877.905,0.000,2.752,-18.503,0.000,-2.331,-15.674
4.635,12.626,9.463,28.258,0.148,-0.148,0.068,-0.068,24704.152,-22233.736,3197.672,-2877.905,0.000,2.753,-18.506,0.000,-2.333,-15.680
4.636,8.173,9.889,28.844,0.148,-0.148,0.068,-0.068,24709.481,-22238.533,3197.672,-2877.905,0.000,2.755,-18.509,0.000,-2.335,-15.686
4.637,3.617,10.183,29.313,0.148,-0.148,0.068,-0.068,24714.810,-22243.329,3197.672,-2877.905,0.000,2.757,-18.513,0.000,-2.337,-15.692
4.638,-1.021,10.338,29.665,0.148,-0.148,0.068,-0.068,24720.140,-22248.126,3197.672,-2877.905,0.000,2.759,-18.516,0.000,-2.339,-15.698
4.639,-5.718,10.351,29.900,0.148,-0.148,0.068,-0.068,24725.469,-22252.922,3197.672,-2877.905,0.000,2.760,-18.519,0.000,-2.341,-15.704
4.640,-10.453,10.218,30.016,0.148,-0.148,0.068,-0.068,24730.799,-22257.719,3197.672,-2877.905,0.000,2.762,-18.522,0.000,-2.343,-15.709
4.641,-15.206,9.938,30.008,0.148,-0.148,0.068,-0.068,24736.128,-22262.515,3197.672,-2877.905,0.000,2.764,-18.525,0.000,-2.345,-15.715
4.642,-19.952,9.512,29.873,0.148,-0.148,0.068,-0.068,24741.458,-22267.312,3197.672,-2877.905,0.000,2.766,-18.528,0.000,-2.347,-15.721
4.643,-24.670,8.943,29.604,0.148,-0.148,0.068,-0.068,24746.787,-22272.108,3197.672,-2877.905,0.000,2.768,-18.532,0.000,-2.349,-15.727
4.644,-29.334,8.236,29.193,0.148,-0.148,0.068,-0.068,24752.117,-22276.905,3197.672,-2877.905,0.000,2.769,-18.535,0.000,-2.351,-15.733
4.645,-33.920,7.398,28.634,0.148,-0.148,0.068,-0.068,24757.446,-22281.702,3197.672,-2877.905,0.000,2.771,-18.538,0.000,-2.353,-15.739
4.646,-38.399,6.438,27.916,0.148,-0.148,0.068,-0.068,24762.776,-22286.498,3197.672,-2877.905,0.000,2.773,-18.541,0.000,-2.355,-15.744
4.647,-42.746,5.367,27.031,0.149,-0.149,0.068,-0.068,24768.105,-22291.295,3197.672,-2877.905,0.000,2.775,-18.544,0.000,-2.357,-15.750
4.648,-46.928,4.201,25.970,0.149,-0.149,0.068,-0.068,24773.434,-22296.091,3197.672,-2877.905,0.000,2.777,-18.547,0.000,-2.359,-15.756
4.649,-50.917,2.954,24.727,0.149,-0.149,0.068,-0.068,24778.764,-22300.888,3197.672,-2877.905,0.000,2.778,-18.550,0.000,-2.361,-15.762
4.650,-54.679,1.645,23.294,0.149,-0.149,0.068,-0.068,24784.093,-22305.684,3197.672,-2877.905,0.000,2.780,-18.554,0.000,-2.363,-15.768
4.651,-58.182,0.296,21.669,0.149,-0.149,0.068,-0.068,24789.423,-22310.481,3197.672,-2877.905,0.000,2.782,-18.557,0.000,-2.365,-15.773
4.652,-61.393,-1.074,19.848,0.149,-0.149,0.068,-0.068,24794.752,-22315.277,3197.672,-2877.905,0.000,2.784,-18.560,0.000,-2.367,-15.779
4.653,-64.278,-2.440,17.834,0.149,-0.149,0.068,-0.068,24800.082,-22320.074,3197.672,-2877.905,0.000,2.786,-18.563,0.000,-2.369,-15.785
4.654,-66.804,-3.779,15.634,0.149,-0.149,0.068,-0.068,24805.411,-22324.870,3197.672,-2877.905,0.000,2.787,-18.566,0.000,-2.371,-15.791
4.655,-68.940,-5.068,13.255,0.149,-0.149,0.068,-0.068,24810.741,-22329.667,3197.672,-2877.905,0.000,2.789,-18.569,0.000,-2.373,-15.797
4.656,-70.657,-6.283,10.713,0.149,-0.149,0.068,-0.068,24816.070,-22334.463,3197.672,-2877.905,0.000,2.791,-18.573,0.000,-2.375,-15.803
4.657,-71.930,-7.405,8.026,0.149,-0.149,0.068,-0.068,24821.400,-22339.260,3197.672,-2877.905,0.000,2.793,-18.576,0.000,-2.377,-15.808
4.658,-72.736,-8.414,5.217,0.149,-0.149,0.068,-0.068,24826.729,-22344.056,3197.672,-2877.905,0.000,2.795,-18.579,0.000,-2.379,-15.814
4.659,-73.057,-9.295,2.311,0.149,-0.149,0.068,-0.068,24832.058,-22348.853,3197.672,-2877.905,0.000,2.796,-18.582,0.000,-2.381,-15.820
4.660,-72.882,-10.036,-0.662,0.149,-0.149,0.068,-0.068,24837.388,-22353.649,3197.672,-2877.905,0.000,2.798,-18.585,0.000,-2.383,-15.826
4.661,-72.205,-10.629,-3.671,0.150,-0.150,0.068,-0.068,24842.717,-22358.446,3197.672,-2877.905,0.000,2.800,-18.588,0.000,-2.385,-15.832
4.662,-71.024,-11.073,-6.682,0.150,-0.150,0.068,-0.068,24848.047,-22363.242,3197.672,-2877.905,0.000,2.802,-18.591,0.000,-2.387,-15.838
4.663,-69.347,-11.368,-9.662,0.150,-0.150,0.068,-0.068,24853.376,-22368.039,3197.672,-2877.905,0.000,2.804,-18.595,0.000,-2.389,-15.843
4.664,-67.183,-11.521,-12.579,0.150,-0.150,0.068,-0.068,24858.706,-22372.835,3197.672,-2877.905,0.000,2.805,-18.598,0.000,-2.391,-15.849
4.665,-64.552,-11.543,-15.401,0.150,-0.150,0.068,-0.068,24864.035,-22377.632,3197.672,-2877.905,0.000,2.807,-18.601,0.000,-2.393,-15.855
4.666,-61.475,-11.446,-18.099,0.150,-0.150,0.068,-0.068,24869.365,-22382.428,3197.672,-2877.905,0.000,2.809,-18.604,0.000,-2.395,-15.861
4.667,-57.979,-11.248,-20.647,0.150,-0.150,0.068,-0.068,24874.694,-22387.225,3197.672,-2877.905,0.000,2.811,-18.607,0.000,-2.397,-15.867
4.668,-54.094,-10.968,-23.023,0.150,-0.150,0.068,-0.068,24880.024,-22392.021,3197.672,-2877.905,0.000,2.813,-18.610,0.000,-2.399,-15.873
4.669,-49.852,-10.626,-25.206,0.150,-0.150,0.068,-0.068,24885.353,-22396.818,3197.672,-2877.905,0.000,2.814,-18.614,0.000,-2.401,-15.878
4.670,-45.289,-10.243,-27.181,0.150,-0.150,0.068,-0.068,24890.682,-22401.614,3197.672,-2877.905,0.000,2.816,-18.617,0.000,-2.403,-15.884
4.671,-40.439,-9.841,-28.936,0.150,-0.150,0.068,-0.068,24896.012,-22406.411,3197.672,-2877.905,0.000,2.818,-18.620,0.000,-2.405,-15.890
4.672,-35.341,-9.437,-30.459,0.150,-0.150,0.068,-0.068,24901.341,-22411.207,3197.672,-2877.905,0.000,2.820,-18.623,0.000,-2.407,-15.896
4.673,-30.030,-9.052,-31.745,0.150,-0.150,0.068,-0.068,24906.671,-22416.004,3197.672,-2877.905,0.000,2.822,-18.626,0.000,-2.409,-15.902
4.674,-24.541,-8.700,-32.788,0.150,-0.150,0.068,-0.068,24912.000,-22420.800,3197.672,-2877.905,0.000,2.823,-18.629,0.000,-2.411,-15.907
4.675,-18.912,-8.396,-33.586,0.150,-0.150,0.068,-0.068,24917.330,-22425.597,3197.672,-2877.905,0.000,2.825,-18.632,0.000,-2.413,-15.913
4.676,-13.177,-8.151,-34.135,0.151,-0.151,0.068,-0.068,24922.659,-22430.393,3197.672,-2877.905,0.000,2.827,-18.636,0.000,-2.415,-15.919
4.677,-7.370,-7.971,-34.434,0.151,-0.151,0.068,-0.068,24927.989,-22435.190,3197.672,-2877.905,0.000,2.829,-18.639,0.000,-2.417,-15.925
4.678,-1.525,-7.861,-34.483,0.151,-0.151,0.068,-0.068,24933.318,-22439.986,3197.672,-2877.905,0.000,2.831,-18.642,0.000,-2.419,-15.931
4.679,4.322,-7.823,-34.282,0.151,-0.151,0.068,-0.068,24938.648,-22444.783,3197.672,-2877.905,0.000,2.833,-18.645,0.000,-2.421,-15.937
4.680,10.139,-7.855,-33.830,0.151,-0.151,0.068,-0.068,24943.977,-22449.579,3197.672,-2877.905,0.000,2.834,-18.648,0.000,-2.423,-15.942
4.681,15.892,-7.951,-33.128,0.151,-0.151,0.068,-0.068,24949.306,-22454.376,3197.672,-2877.905,0.000,2.836,-18.651,0.000,-2.425,-15.948
4.682,21.544,-8.101,-32.177,0.151,-0.151,0.068,-0.068,24954.636,-22459.172,3197.672,-2877.905,0.000,2.838,-18.654,0.000,-2.427,-15.954
4.683,27.061,-8.295,-30.979,0.151,-0.151,0.068,-0.068,24959.965,-22463.969,3197.672,-2877.905,0.000,2.840,-18.658,0.000,-2.429,-15.960
4.684,32.407,-8.518,-29.536,0.151,-0.151,0.068,-0.068,24965.295,-22468.765,3197.672,-2877.905,0.000,2.842,-18.661,0.000,-2.431,-15.966
4.685,37.544,-8.753,-27.853,0.151,-0.151,0.068,-0.068,24970.624,-22473.562,3197.672,-2877.905,0.000,2.843,-18.664,0.000,-2.433,-15.971
4.686,42.434,-8.980,-25.938,0.151,-0.151,0.068,-0.068,24975.954,-22478.358,3197.672,-2877.905,0.000,2.845,-18.667,0.000,-2.435,-15.977
4.687,47.039,-9.178,-23.799,0.151,-0.151,0.068,-0.068,24981.283,-22483.155,3197.672,-2877.905,0.000,2.847,-18.670,0.000,-2.437,-15.983
4.688,51.321,-9.327,-21.449,0.151,-0.151,0.068,-0.068,24986.613,-22487.951,3197.672,-2877.905,0.000,2.849,-18.673,0.000,-2.439,-15.989
4.689,55.242,-9.404,-18.904,0.151,-0.151,0.068,-0.068,24991.942,-22492.748,3197.672,-2877.905,0.000,2.851,-18.677,0.000,-2.441,-15.995
4.690,58.766,-9.388,-16.183,0.152,-0.152,0.068,-0.068,24997.272,-22497.544,3197.672,-2877.905,0.000,2.852,-18.680,0.000,-2.443,-16.001
4.691,61.858,-9.259,-13.310,0.152,-0.152,0.068,-0.068,25002.601,-22502.341,3197.672,-2877.905,0.000,2.854,-18.683,0.000,-2.445,-16.006
4.692,64.487,-9.001,-10.310,0.152,-0.152,0.068,-0.068,25007.930,-22507.137,3197.672,-2877.905,0.000,2.856,-18.686,0.000,-2.447,-16.012
4.693,66.626,-8.600,-7.214,0.152,-0.152,0.068,-0.068,25013.260,-22511.934,3197.672,-2877.905,0.000,2.858,-18.689,0.000,-2.449,-16.018
4.694,68.252,-8.045,-4.053,0.152,-0.152,0.068,-0.068,25018.589,-22516.730,3197.672,-2877.905,0.000,2.860,-18.692,0.000,-2.451,-16.024
4.695,69.348,-7.330,-0.861,0.152,-0.152,0.068,-0.068,25023.919,-22521.527,3197.672,-2877.905,0.000,2.862,-18.695,0.000,-2.454,-16.030
4.696,69.903,-6.456,2.329,0.152,-0.152,0.068,-0.068,25029.248,-22526.323,3197.672,-2877.905,0.000,2.863,-18.699,0.000,-2.456,-16.036
4.697,69.910,-5.428,5.482,0.152,-0.152,0.068,-0.068,25034.578,-22531.120,3197.672,-2877.905,0.000,2.865,-18.702,0.000,-2.458,-16.041
4.698,69.372,-4.255,8.566,0.152,-0.152,0.068,-0.068,25039.907,-22535.916,3197.672,-2877.905,0.000,2.867,-18.705,0.000,-2.460,-16.047
4.699,68.295,-2.951,11.552,0.152,-0.152,0.068,-0.068,25045.237,-22540.713,3197.672,-2877.905,0.000,2.869,-18.708,0.000,-2.462,-16.053
4.700,66.693,-1.536,14.413,0.152,-0.152,0.068,-0.068,25050.566,-22545.509,3197.672,-2877.905,0.000,2.871,-18.711,0.000,-2.464,-16.059
4.701,64.585,-0.032,17.127,0.152,-0.152,0.068,-0.068,25055.896,-22550.306,3197.672,-2877.905,0.000,2.872,-18.714,0.000,-2.466,-16.065
4.702,61.993,1.536,19.677,0.152,-0.152,0.068,-0.068,25061.225,-22555.103,3197.672,-2877.905,0.000,2.874,-18.717,0.000,-2.468,-16.070
4.703,58.944,3.141,22.049,0.152,-0.152,0.068,-0.068,25066.554,-22559.899,3197.672,-2877.905,0.000,2.876,-18.721,0.000,-2.470,-16.076
4.704,55.468,4.754,24.236,0.153,-0.153,0.068,-0.068,25071.884,-22564.696,3197.672,-2877.905,0.000,2.878,-18.724,0.000,-2.472,-16.082
4.705,51.596,6.347,26.234,0.153,-0.153,0.068,-0.068,25077.213,-22569.492,3197.672,-2877.905,0.000,2.880,-18.727,0.000,-2.474,-16.088
4.706,47.360,7.893,28.042,0.153,-0.153,0.068,-0.068,25082.543,-22574.289,3197.672,-2877.905,0.000,2.882,-18.730,0.000,-2.476,-16.094
4.707,42.793,9.364,29.664,0.153,-0.153,0.068,-0.068,25087.872,-22579.085,3197.672,-2877.905,0.000,2.883,-18.733,0.000,-2.478,-16.099
4.708,37.928,10.735,31.106,0.153,-0.153,0.068,-0.068,25093.202,-22583.882,3197.672,-2877.905,0.000,2.885,-18.736,0.000,-2.480,-16.105
4.709,32.797,11.984,32.376,0.153,-0.153,0.068,-0.068,25098.531,-22588.678,3197.672,-2877.905,0.000,2.887,-18.739,0.000,-2.482,-16.111
4.710,27.432,13.089,33.481,0.153,-0.153,0.068,-0.068,25103.861,-22593.475,3197.672,-2877.905,0.000,2.889,-18.743,0.000,-2.484,-16.117
4.711,21.861,14.032,34.431,0.153,-0.153,0.068,-0.068,25109.190,-22598.271,3197.672,-2877.905,0.000,2.891,-18.746,0.000,-2.486,-16.123
4.712,16.115,14.796,35.233,0.153,-0.153,0.068,-0.068,25114.520,-22603.068,3197.672,-2877.905,0.000,2.893,-18.749,0.000,-2.488,-16.129
4.713,10.220,15.368,35.894,0.153,-0.153,0.068,-0.068,25119.849,-22607.864,3197.672,-2877.905,0.000,2.894,-18.752,0.000,-2.490,-16.134
4.714,4.205,15.737,36.418,0.153,-0.153,0.068,-0.068,25125.178,-22612.661,3197.672,-2877.905,0.000,2.896,-18.755,0.000,-2.492,-16.140
4.715,-1.906,15.894,36.807,0.153,-0.153,0.068,-0.068,25130.508,-22617.457,3197.672,-2877.905,0.000,2.898,-18.758,0.000,-2.494,-16.146
4.716,-8.085,15.832,37.061,0.153,-0.153,0.068,-0.068,25135.837,-22622.254,3197.672,-2877.905,0.000,2.900,-18.761,0.000,-2.496,-16.152
4.717,-14.307,15.548,37.177,0.153,-0.153,0.068,-0.068,25141.167,-22627.050,3197.672,-2877.905,0.000,2.902,-18.765,0.000,-2.499,-16.158
4.718,-20.544,15.040,37.146,0.153,-0.153,0.068,-0.068,25146.496,-22631.847,3197.672,-2877.905,0.000,2.903,-18.768,0.000,-2.501,-16.163
4.719,-26.768,14.310,36.960,0.154,-0.154,0.068,-0.068,25151.826,-22636.643,3197.672,-2877.905,0.000,2.905,-18.771,0.000,-2.503,-16.169
4.720,-32.949,13.364,36.604,0.154,-0.154,0.068,-0.068,25157.155,-22641.440,3197.672,-2877.905,0.000,2.907,-18.774,0.000,-2.505,-16.175
4.721,-39.055,12.209,36.064,0.154,-0.154,0.068,-0.068,25162.485,-22646.236,3197.672,-2877.905,0.000,2.909,-18.777,0.000,-2.507,-16.181
4.722,-45.051,10.859,35.321,0.154,-0.154,0.068,-0.068,25167.814,-22651.033,3197.672,-2877.905,0.000,2.911,-18.780,0.000,-2.509,-16.187
4.723,-50.900,9.328,34.356,0.154,-0.154,0.068,-0.068,25173.144,-22655.829,3197.672,-2877.905,0.000,2.913,-18.783,0.000,-2.511,-16.193
4.724,-56.559,7.638,33.149,0.154,-0.154,0.068,-0.068,25178.473,-22660.626,3197.672,-2877.905,0.000,2.914,-18.787,0.000,-2.513,-16.198
4.725,-61.984,5.813,31.680,0.154,-0.154,0.068,-0.068,25183.802,-22665.422,3197.672,-2877.905,0.000,2.916,-18.790,0.000,-2.515,-16.204
4.726,-67.127,3.884,29.933,0.154,-0.154,0.068,-0.068,25189.132,-22670.219,3197.672,-2877.905,0.000,2.918,-18.793,0.000,-2.517,-16.210
4.727,-71.936,1.883,27.893,0.154,-0.154,0.068,-0.068,25194.461,-22675.015,3197.672,-2877.905,0.000,2.920,-18.796,0.000,-2.519,-16.216
4.728,-76.359,-0.151,25.550,0.154,-0.154,0.068,-0.068,25199.791,-22679.812,3197.672,-2877.905,0.000,2.922,-18.799,0.000,-2.521,-16.222
4.729,-80.340,-2.178,22.901,0.154,-0.154,0.068,-0.068,25205.120,-22684.608,3197.672,-2877.905,0.000,2.924,-18.802,0.000,-2.523,-16.227
4.730,-83.823,-4.156,19.950,0.154,-0.154,0.068,-0.068,25210.450,-22689.405,3197.672,-2877.905,0.000,2.925,-18.805,0.000,-2.525,-16.233
4.731,-86.756,-6.041,16.711,0.154,-0.154,0.068,-0.068,25215.779,-22694.201,3197.672,-2877.905,0.000,2.927,-18.809,0.000,-2.527,-16.239
4.732,-89.087,-7.793,13.203,0.154,-0.154,0.068,-0.068,25221.109,-22698.998,3197.672,-2877.905,0.000,2.929,-18.812,0.000,-2.529,-16.245
4.733,-90.771,-9.372,9.459,0.155,-0.155,0.068,-0.068,25226.438,-22703.794,3197.672,-2877.905,0.000,2.931,-18.815,0.000,-2.531,-16.251
4.734,-91.770,-10.745,5.519,0.155,-0.155,0.068,-0.068,25231.768,-22708.591,3197.672,-2877.905,0.000,2.933,-18.818,0.000,-2.534,-16.256
4.735,-92.054,-11.885,1.428,0.155,-0.155,0.068,-0.068,25237.097,-22713.387,3197.672,-2877.905,0.000,2.935,-18.821,0.000,-2.536,-16.262
4.736,-91.604,-12.774,-2.758,0.155,-0.155,0.068,-0.068,25242.426,-22718.184,3197.672,-2877.905,0.000,2.936,-18.824,0.000,-2.538,-16.268
4.737,-90.414,-13.402,-6.983,0.155,-0.155,0.068,-0.068,25247.756,-22722.980,3197.672,-2877.905,0.000,2.938,-18.827,0.000,-2.540,-16.274
4.738,-88.487,-13.769,-11.188,0.155,-0.155,0.068,-0.068,25253.085,-22727.777,3197.672,-2877.905,0.000,2.940,-18.831,0.000,-2.542,-16.280
4.739,-85.839,-13.887,-15.314,0.155,-0.155,0.068,-0.068,25258.415,-22732.573,3197.672,-2877.905,0.000,2.942,-18.834,0.000,-2.544,-16.286
4.740,-82.498,-13.773,-19.306,0.155,-0.155,0.068,-0.068,25263.744,-22737.370,3197.672,-2877.905,0.000,2.944,-18.837,0.000,-2.546,-16.291
4.741,-78.500,-13.456,-23.114,0.155,-0.155,0.068,-0.068,25269.074,-22742.166,3197.672,-2877.905,0.000,2.946,-18.840,0.000,-2.548,-16.297
4.742,-73.890,-12.967,-26.693,0.155,-0.155,0.068,-0.068,25274.403,-22746.963,3197.672,-2877.905,0.000,2.947,-18.843,0.000,-2.550,-16.303
4.743,-68.719,-12.345,-30.008,0.155,-0.155,0.068,-0.068,25279.733,-22751.759,3197.672,-2877.905,0.000,2.949,-18.846,0.000,-2.552,-16.309
4.744,-63.041,-11.629,-33.030,0.155,-0.155,0.068,-0.068,25285.062,-22756.556,3197.672,-2877.905,0.000,2.951,-18.849,0.000,-2.554,-16.315
4.745,-56.914,-10.861,-35.736,0.155,-0.155,0.068,-0.068,25290.392,-22761.352,3197.672,-2877.905,0.000,2.953,-18.853,0.000,-2.556,-16.320
4.746,-50.395,-10.081,-38.113,0.155,-0.155,0.068,-0.068,25295.721,-22766.149,3197.672,-2877.905,0.000,2.955,-18.856,0.000,-2.558,-16.326
4.747,-43.540,-9.324,-40.151,0.156,-0.156,0.068,-0.068,25301.050,-22770.945,3197.672,-2877.905,0.000,2.957,-18.859,0.000,-2.560,-16.332
4.748,-36.405,-8.626,-41.846,0.156,-0.156,0.068,-0.068,25306.380,-22775.742,3197.672,-2877.905,0.000,2.958,-18.862,0.000,-2.563,-16.338
4.749,-29.042,-8.016,-43.196,0.156,-0.156,0.068,-0.068,25311.709,-22780.538,3197.672,-2877.905,0.000,2.960,-18.865,0.000,-2.565,-16.344
4.750,-21.501,-7.516,-44.203,0.156,-0.156,0.068,-0.068,25317.039,-22785.335,3197.672,-2877.905,0.000,2.962,-18.868,0.000,-2.567,-16.349
4.751,-13.830,-7.147,-44.868,0.156,-0.156,0.068,-0.068,25322.368,-22790.131,3197.672,-2877.905,0.000,2.964,-18.871,0.000,-2.569,-16.355
4.752,-6.073,-6.921,-45.191,0.156,-0.156,0.068,-0.068,25327.698,-22794.928,3197.672,-2877.905,0.000,2.966,-18.875,0.000,-2.571,-16.361
4.753,1.724,-6.843,-45.174,0.156,-0.156,0.068,-0.068,25333.027,-22799.724,3197.672,-2877.905,0.000,2.968,-18.878,0.000,-2.573,-16.367
4.754,9.518,-6.915,-44.815,0.156,-0.156,0.068,-0.068,25338.357,-22804.521,3197.672,-2877.905,0.000,2.970,-18.881,0.000,-2.575,-16.373
4.755,17.265,-7.131,-44.113,0.156,-0.156,0.068,-0.068,25343.686,-22809.317,3197.672,-2877.905,0.000,2.971,-18.884,0.000,-2.577,-16.378
4.756,24.920,-7.478,-43.066,0.156,-0.156,0.068,-0.068,25349.016,-22814.114,3197.672,-2877.905,0.000,2.973,-18.887,0.000,-2.579,-16.384
4.757,32.436,-7.939,-41.669,0.156,-0.156,0.068,-0.068,25354.345,-22818.910,3197.672,-2877.905,0.000,2.975,-18.890,0.000,-2.581,-16.390
4.758,39.763,-8.490,-39.920,0.156,-0.156,0.068,-0.068,25359.674,-22823.707,3197.672,-2877.905,0.000,2.977,-18.893,0.000,-2.583,-16.396
4.759,46.848,-9.102,-37.818,0.156,-0.156,0.068,-0.068,25365.004,-22828.503,3197.672,-2877.905,0.000,2.979,-18.896,0.000,-2.586,-16.402
4.760,53.635,-9.739,-35.364,0.156,-0.156,0.068,-0.068,25370.333,-22833.300,3197.672,-2877.905,0.000,2.981,-18.900,0.000,-2.588,-16.407
4.761,60.064,-10.363,-32.563,0.156,-0.156,0.068,-0.068,25375.663,-22838.097,3197.672,-2877.905,0.000,2.982,-18.903,0.000,-2.590,-16.413
4.762,66.075,-10.932,-29.428,0.157,-0.157,0.068,-0.068,25380.992,-22842.893,3197.672,-2877.905,0.000,2.984,-18.906,0.000,-2.592,-16.419
4.763,71.605,-11.404,-25.976,0.157,-0.157,0.068,-0.068,25386.322,-22847.690,3197.672,-2877.905,0.000,2.986,-18.909,0.000,-2.594,-16.425
4.764,76.590,-11.733,-22.232,0.157,-0.157,0.068,-0.068,25391.651,-22852.486,3197.672,-2877.905,0.000,2.988,-18.912,0.000,-2.596,-16.431
4.765,80.970,-11.878,-18.232,0.157,-0.157,0.068,-0.068,25396.981,-22857.283,3197.672,-2877.905,0.000,2.990,-18.915,0.000,-2.598,-16.436
4.766,84.689,-11.802,-14.019,0.157,-0.157,0.068,-0.068,25402.310,-22862.079,3197.672,-2877.905,0.000,2.992,-18.918,0.000,-2.600,-16.442
4.767,87.696,-11.473,-9.641,0.157,-0.157,0.068,-0.068,25407.640,-22866.876,3197.672,-2877.905,0.000,2.994,-18.922,0.000,-2.602,-16.448
4.768,89.949,-10.868,-5.157,0.157,-0.157,0.068,-0.068,25412.969,-22871.672,3197.672,-2877.905,0.000,2.995,-18.925,0.000,-2.604,-16.454
4.769,91.416,-9.973,-0.629,0.157,-0.157,0.068,-0.068,25418.298,-22876.469,3197.672,-2877.905,0.000,2.997,-18.928,0.000,-2.606,-16.460
4.770,92.079,-8.786,3.882,0.157,-0.157,0.068,-0.068,25423.628,-22881.265,3197.672,-2877.905,0.000,2.999,-18.931,0.000,-2.609,-16.466
4.771,91.931,-7.316,8.312,0.157,-0.157,0.068,-0.068,25428.957,-22886.062,3197.672,-2877.905,0.000,3.001,-18.934,0.000,-2.611,-16.471
4.772,90.978,-5.583,12.602,0.157,-0.157,0.068,-0.068,25434.287,-22890.858,3197.672,-2877.905,0.000,3.003,-18.937,0.000,-2.613,-16.477
4.773,89.238,-3.616,16.699,0.157,-0.157,0.068,-0.068,25439.616,-22895.655,3197.672,-2877.905,0.000,3.005,-18.940,0.000,-2.615,-16.483
4.774,86.741,-1.455,20.559,0.157,-0.157,0.068,-0.068,25444.946,-22900.451,3197.672,-2877.905,0.000,3.007,-18.944,0.000,-2.617,-16.489
4.775,83.527,0.856,24.147,0.157,-0.157,0.068,-0.068,25450.275,-22905.248,3197.672,-2877.905,0.000,3.008,-18.947,0.000,-2.619,-16.495
4.776,79.642,3.265,27.439,0.158,-0.158,0.068,-0.068,25455.605,-22910.044,3197.672,-2877.905,0.000,3.010,-18.950,0.000,-2.621,-16.500
4.777,75.138,5.722,30.423,0.158,-0.158,0.068,-0.068,25460.934,-22914.841,3197.672,-2877.905,0.000,3.012,-18.953,0.000,-2.623,-16.506
4.778,70.070,8.174,33.095,0.158,-0.158,0.068,-0.068,25466.264,-22919.637,3197.672,-2877.905,0.000,3.014,-18.956,0.000,-2.625,-16.512
4.779,64.495,10.569,35.462,0.158,-0.158,0.068,-0.068,25471.593,-22924.434,3197.672,-2877.905,0.000,3.016,-18.959,0.000,-2.627,-16.518
4.780,58.467,12.862,37.536,0.158,-0.158,0.068,-0.068,25476.922,-22929.230,3197.672,-2877.905,0.000,3.018,-18.962,0.000,-2.630,-16.524
4.781,52.041,15.007,39.336,0.158,-0.158,0.068,-0.068,25482.252,-22934.027,3197.672,-2877.905,0.000,3.020,-18.965,0.000,-2.632,-16.529
4.782,45.266,16.965,40.885,0.158,-0.158,0.068,-0.068,25487.581,-22938.823,3197.672,-2877.905,0.000,3.021,-18.969,0.000,-2.634,-16.535
4.783,38.189,18.702,42.207,0.158,-0.158,0.068,-0.068,25492.911,-22943.620,3197.672,-2877.905,0.000,3.023,-18.972,0.000,-2.636,-16.541
4.784,30.854,20.189,43.326,0.158,-0.158,0.068,-0.068,25498.240,-22948.416,3197.672,-2877.905,0.000,3.025,-18.975,0.000,-2.638,-16.547
4.785,23.300,21.400,44.262,0.158,-0.158,0.068,-0.068,25503.570,-22953.213,3197.672,-2877.905,0.000,3.027,-18.978,0.000,-2.640,-16.553
4.786,15.563,22.314,45.035,0.158,-0.158,0.068,-0.068,25508.899,-22958.009,3197.672,-2877.905,0.000,3.029,-18.981,0.000,-2.642,-16.558
4.787,7.676,22.914,45.659,0.158,-0.158,0.068,-0.068,25514.229,-22962.806,3197.672,-2877.905,0.000,3.031,-18.984,0.000,-2.644,-16.564
4.788,-0.331,23.186,46.142,0.158,-0.158,0.068,-0.068,25519.558,-22967.602,3197.672,-2877.905,0.000,3.033,-18.987,0.000,-2.646,-16.570
4.789,-8.428,23.121,46.486,0.158,-0.158,0.068,-0.068,25524.888,-22972.399,3197.672,-2877.905,0.000,3.034,-18.991,0.000,-2.649,-16.576
4.790,-16.586,22.712,46.687,0.159,-0.159,0.068,-0.068,25530.217,-22977.195,3197.672,-2877.905,0.000,3.036,-18.994,0.000,-2.651,-16.582
4.791,-24.774,21.955,46.733,0.159,-0.159,0.068,-0.068,25535.546,-22981.992,3197.672,-2877.905,0.000,3.038,-18.997,0.000,-2.653,-16.587
4.792,-32.961,20.852,46.605,0.159,-0.159,0.068,-0.068,25540.876,-22986.788,3197.672,-2877.905,0.000,3.040,-19.000,0.000,-2.655,-16.593
4.793,-41.111,19.409,46.277,0.159,-0.159,0.068,-0.068,25546.205,-22991.585,3197.672,-2877.905,0.000,3.042,-19.003,0.000,-2.657,-16.599
4.794,-49.185,17.636,45.716,0.159,-0.159,0.068,-0.068,25551.535,-22996.381,3197.672,-2877.905,0.000,3.044,-19.006,0.000,-2.659,-16.605
4.795,-57.136,15.551,44.885,0.159,-0.159,0.068,-0.068,25556.864,-23001.178,3197.672,-2877.905,0.000,3.046,-19.009,0.000,-2.661,-16.611
4.796,-64.913,13.179,43.741,0.159,-0.159,0.068,-0.068,25562.194,-23005.974,3197.672,-2877.905,0.000,3.047,-19.012,0.000,-2.663,-16.616
4.797,-72.456,10.554,42.239,0.159,-0.159,0.068,-0.068,25567.523,-23010.771,3197.672,-2877.905,0.000,3.049,-19.016,0.000,-2.665,-16.622
4.798,-79.695,7.718,40.336,0.159,-0.159,0.068,-0.068,25572.853,-23015.567,3197.672,-2877.905,0.000,3.051,-19.019,0.000,-2.668,-16.628
4.799,-86.553,4.726,37.990,0.159,-0.159,0.068,-0.068,25578.182,-23020.364,3197.672,-2877.905,0.000,3.053,-19.022,0.000,-2.670,-16.634
4.800,-92.946,1.638,35.167,0.159,-0.159,0.068,-0.068,25583.512,-23025.160,3197.672,-2877.905,0.000,3.055,-19.025,0.000,-2.672,-16.639
4.801,-98.780,-1.474,31.842,0.159,-0.159,0.068,-0.068,25588.841,-23029.957,3197.672,-2877.905,0.000,3.057,-19.028,0.000,-2.674,-16.645
4.802,-103.959,-4.532,28.006,0.159,-0.159,0.068,-0.068,25594.170,-23034.753,3197.672,-2877.905,0.000,3.059,-19.031,0.000,-2.676,-16.651
4.803,-108.384,-7.453,23.667,0.159,-0.159,0.068,-0.068,25599.500,-23039.550,3197.672,-2877.905,0.000,3.060,-19.034,0.000,-2.678,-16.657
4.804,-111.958,-10.155,18.850,0.159,-0.159,0.068,-0.068,25604.829,-23044.346,3197.672,-2877.905,0.000,3.062,-19.037,0.000,-2.680,-16.663
4.805,-114.593,-12.560,13.605,0.160,-0.160,0.068,-0.068,25610.159,-23049.143,3197.672,-2877.905,0.000,3.064,-19.041,0.000,-2.682,-16.668
4.806,-116.213,-14.598,8.001,0.160,-0.160,0.068,-0.068,25615.488,-23053.939,3197.672,-2877.905,0.000,3.066,-19.044,0.000,-2.685,-16.674
4.807,-116.757,-16.214,2.125,0.160,-0.160,0.068,-0.068,25620.818,-23058.736,3197.672,-2877.905,0.000,3.068,-19.047,0.000,-2.687,-16.680
4.808,-116.188,-17.371,-3.921,0.160,-0.160,0.068,-0.068,25626.147,-23063.532,3197.672,-2877.905,0.000,3.070,-19.050,0.000,-2.689,-16.686
4.809,-114.492,-18.053,-10.027,0.160,-0.160,0.068,-0.068,25631.477,-23068.329,3197.672,-2877.905,0.000,3.072,-19.053,0.000,-2.691,-16.692
4.810,-111.681,-18.267,-16.079,0.160,-0.160,0.068,-0.068,25636.806,-23073.125,3197.672,-2877.905,0.000,3.074,-19.056,0.000,-2.693,-16.697
4.811,-107.790,-18.040,-21.967,0.160,-0.160,0.068,-0.068,25642.136,-23077.922,3197.672,-2877.905,0.000,3.075,-19.059,0.000,-2.695,-16.703
4.812,-102.877,-17.419,-27.593,0.160,-0.160,0.068,-0.068,25647.465,-23082.718,3197.672,-2877.905,0.000,3.077,-19.063,0.000,-2.697,-16.709
4.813,-97.020,-16.469,-32.872,0.160,-0.160,0.068,-0.068,25652.794,-23087.515,3197.672,-2877.905,0.000,3.079,-19.066,0.000,-2.699,-16.715
4.814,-90.307,-15.263,-37.737,0.160,-0.160,0.068,-0.068,25658.124,-23092.311,3197.672,-2877.905,0.000,3.081,-19.069,0.000,-2.702,-16.721
4.815,-82.835,-13.881,-42.137,0.160,-0.160,0.068,-0.068,25663.453,-23097.108,3197.672,-2877.905,0.000,3.083,-19.072,0.000,-2.704,-16.726
4.816,-74.704,-12.406,-46.042,0.160,-0.160,0.068,-0.068,25668.783,-23101.904,3197.672,-2877.905,0.000,3.085,-19.075,0.000,-2.706,-16.732
4.817,-66.014,-10.917,-49.437,0.160,-0.160,0.068,-0.068,25674.112,-23106.701,3197.672,-2877.905,0.000,3.087,-19.078,0.000,-2.708,-16.738
4.818,-56.858,-9.488,-52.317,0.160,-0.160,0.068,-0.068,25679.442,-23111.498,3197.672,-2877.905,0.000,3.088,-19.081,0.000,-2.710,-16.744
4.819,-47.322,-8.184,-54.689,0.161,-0.161,0.068,-0.068,25684.771,-23116.294,3197.672,-2877.905,0.000,3.090,-19.084,0.000,-2.712,-16.750
4.820,-37.486,-7.060,-56.565,0.161,-0.161,0.068,-0.068,25690.101,-23121.091,3197.672,-2877.905,0.000,3.092,-19.088,0.000,-2.714,-16.755
4.821,-27.419,-6.163,-57.958,0.161,-0.161,0.068,-0.068,25695.430,-23125.887,3197.672,-2877.905,0.000,3.094,-19.091,0.000,-2.717,-16.761
4.822,-17.185,-5.525,-58.880,0.161,-0.161,0.068,-0.068,25700.759,-23130.684,3197.672,-2877.905,0.000,3.096,-19.094,0.000,-2.719,-16.767
4.823,-6.841,-5.170,-59.341,0.161,-0.161,0.068,-0.068,25706.089,-23135.480,3197.672,-2877.905,0.000,3.098,-19.097,0.000,-2.721,-16.773
4.824,3.560,-5.111,-59.346,0.161,-0.161,0.068,-0.068,25711.418,-23140.277,3197.672,-2877.905,0.000,3.100,-19.100,0.000,-2.723,-16.779
4.825,13.968,-5.347,-58.893,0.161,-0.161,0.068,-0.068,25716.748,-23145.073,3197.672,-2877.905,0.000,3.102,-19.103,0.000,-2.725,-16.784
4.826,24.331,-5.870,-57.975,0.161,-0.161,0.068,-0.068,25722.077,-23149.870,3197.672,-2877.905,0.000,3.103,-19.106,0.000,-2.727,-16.790
4.827,34.593,-6.658,-56.579,0.161,-0.161,0.068,-0.068,25727.407,-23154.666,3197.672,-2877.905,0.000,3.105,-19.109,0.000,-2.729,-16.796
4.828,44.695,-7.678,-54.688,0.161,-0.161,0.068,-0.068,25732.736,-23159.463,3197.672,-2877.905,0.000,3.107,-19.113,0.000,-2.732,-16.802
4.829,54.568,-8.886,-52.282,0.161,-0.161,0.068,-0.068,25738.066,-23164.259,3197.672,-2877.905,0.000,3.109,-19.116,0.000,-2.734,-16.808
4.830,64.135,-10.226,-49.345,0.161,-0.161,0.068,-0.068,25743.395,-23169.056,3197.672,-2877.905,0.000,3.111,-19.119,0.000,-2.736,-16.813
4.831,73.309,-11.630,-45.862,0.161,-0.161,0.068,-0.068,25748.725,-23173.852,3197.672,-2877.905,0.000,3.113,-19.122,0.000,-2.738,-16.819
4.832,81.993,-13.021,-41.828,0.161,-0.161,0.068,-0.068,25754.054,-23178.649,3197.672,-2877.905,0.000,3.115,-19.125,0.000,-2.740,-16.825
4.833,90.079,-14.313,-37.250,0.162,-0.162,0.068,-0.068,25759.383,-23183.445,3197.672,-2877.905,0.000,3.117,-19.128,0.000,-2.742,-16.831
4.834,97.457,-15.415,-32.152,0.162,-0.162,0.068,-0.068,25764.713,-23188.242,3197.672,-2877.905,0.000,3.119,-19.131,0.000,-2.744,-16.836
4.835,104.012,-16.236,-26.578,0.162,-0.162,0.068,-0.068,25770.042,-23193.038,3197.672,-2877.905,0.000,3.120,-19.134,0.000,-2.747,-16.842
4.836,109.631,-16.691,-20.592,0.162,-0.162,0.068,-0.068,25775.372,-23197.835,3197.672,-2877.905,0.000,3.122,-19.138,0.000,-2.749,-16.848
4.837,114.213,-16.701,-14.281,0.162,-0.162,0.068,-0.068,25780.701,-23202.631,3197.672,-2877.905,0.000,3.124,-19.141,0.000,-2.751,-16.854
4.838,117.668,-16.208,-7.749,0.162,-0.162,0.068,-0.068,25786.031,-23207.428,3197.672,-2877.905,0.000,3.126,-19.144,0.000,-2.753,-16.860
4.839,119.931,-15.173,-1.117,0.162,-0.162,0.068,-0.068,25791.360,-23212.224,3197.672,-2877.905,0.000,3.128,-19.147,0.000,-2.755,-16.865
4.840,120.960,-13.584,5.489,0.162,-0.162,0.068,-0.068,25796.690,-23217.021,3197.672,-2877.905,0.000,3.130,-19.150,0.000,-2.757,-16.871
4.841,120.741,-11.453,11.941,0.162,-0.162,0.068,-0.068,25802.019,-23221.817,3197.672,-2877.905,0.000,3.132,-19.153,0.000,-2.760,-16.877
4.842,119.291,-8.821,18.119,0.162,-0.162,0.068,-0.068,25807.349,-23226.614,3197.672,-2877.905,0.000,3.134,-19.156,0.000,-2.762,-16.883
4.843,116.653,-5.753,23.918,0.162,-0.162,0.068,-0.068,25812.678,-23231.410,3197.672,-2877.905,0.000,3.135,-19.159,0.000,-2.764,-16.889
4.844,112.893,-2.331,29.257,0.162,-0.162,0.068,-0.068,25818.007,-23236.207,3197.672,-2877.905,0.000,3.137,-19.163,0.000,-2.766,-16.894
4.845,108.097,1.348,34.078,0.162,-0.162,0.068,-0.068,25823.337,-23241.003,3197.672,-2877.905,0.000,3.139,-19.166,0.000,-2.768,-16.900
4.846,102.362,5.182,38.350,0.162,-0.162,0.068,-0.068,25828.666,-23245.800,3197.672,-2877.905,0.000,3.141,-19.169,0.000,-2.770,-16.906
4.847,95.792,9.068,42.068,0.162,-0.162,0.068,-0.068,25833.996,-23250.596,3197.672,-2877.905,0.000,3.143,-19.172,0.000,-2.772,-16.912
4.848,88.493,12.905,45.248,0.163,-0.163,0.068,-0.068,25839.325,-23255.393,3197.672,-2877.905,0.000,3.145,-19.175,0.000,-2.775,-16.917
4.849,80.566,16.604,47.927,0.163,-0.163,0.068,-0.068,25844.655,-23260.189,3197.672,-2877.905,0.000,3.147,-19.178,0.000,-2.777,-16.923
4.850,72.106,20.084,50.152,0.163,-0.163,0.068,-0.068,25849.984,-23264.986,3197.672,-2877.905,0.000,3.149,-19.181,0.000,-2.779,-16.929
4.851,63.197,23.275,51.982,0.163,-0.163,0.068,-0.068,25855.314,-23269.782,3197.672,-2877.905,0.000,3.151,-19.184,0.000,-2.781,-16.935
4.852,53.915,26.119,53.476,0.163,-0.163,0.068,-0.068,25860.643,-23274.579,3197.672,-2877.905,0.000,3.152,-19.188,0.000,-2.783,-16.941
4.853,44.325,28.571,54.693,0.163,-0.163,0.068,-0.068,25865.973,-23279.375,3197.672,-2877.905,0.000,3.154,-19.191,0.000,-2.785,-16.946
4.854,34.480,30.592,55.689,0.163,-0.163,0.068,-0.068,25871.302,-23284.172,3197.672,-2877.905,0.000,3.156,-19.194,0.000,-2.788,-16.952
4.855,24.426,32.153,56.510,0.163,-0.163,0.068,-0.068,25876.631,-23288.968,3197.672,-2877.905,0.000,3.158,-19.197,0.000,-2.790,-16.958
4.856,14.200,33.230,57.195,0.163,-0.163,0.068,-0.068,25881.961,-23293.765,3197.672,-2877.905,0.000,3.160,-19.200,0.000,-2.792,-16.964
4.857,3.833,33.803,57.768,0.163,-0.163,0.068,-0.068,25887.290,-23298.561,3197.672,-2877.905,0.000,3.162,-19.203,0.000,-2.794,-16.970
4.858,-6.648,33.859,58.243,0.163,-0.163,0.068,-0.068,25892.620,-23303.358,3197.672,-2877.905,0.000,3.164,-19.206,0.000,-2.796,-16.975
4.859,-17.219,33.384,58.617,0.163,-0.163,0.068,-0.068,25897.949,-23308.154,3197.672,-2877.905,0.000,3.166,-19.209,0.000,-2.798,-16.981
4.860,-27.854,32.370,58.874,0.163,-0.163,0.068,-0.068,25903.279,-23312.951,3197.672,-2877.905,0.000,3.168,-19.212,0.000,-2.801,-16.987
4.861,-38.526,30.814,58.981,0.163,-0.163,0.068,-0.068,25908.608,-23317.747,3197.672,-2877.905,0.000,3.169,-19.216,0.000,-2.803,-16.993
4.862,-49.203,28.716,58.892,0.164,-0.164,0.068,-0.068,25913.938,-23322.544,3197.672,-2877.905,0.000,3.171,-19.219,0.000,-2.805,-16.998
4.863,-59.844,26.085,58.543,0.164,-0.164,0.068,-0.068,25919.267,-23327.340,3197.672,-2877.905,0.000,3.173,-19.222,0.000,-2.807,-17.004
4.864,-70.397,22.940,57.856,0.164,-0.164,0.068,-0.068,25924.597,-23332.137,3197.672,-2877.905,0.000,3.175,-19.225,0.000,-2.809,-17.010
4.865,-80.797,19.312,56.743,0.164,-0.164,0.068,-0.068,25929.926,-23336.933,3197.672,-2877.905,0.000,3.177,-19.228,0.000,-2.811,-17.016
4.866,-90.962,15.252,55.106,0.164,-0.164,0.068,-0.068,25935.255,-23341.730,3197.672,-2877.905,0.000,3.179,-19.231,0.000,-2.814,-17.022
4.867,-100.788,10.827,52.845,0.164,-0.164,0.068,-0.068,25940.585,-23346.526,3197.672,-2877.905,0.000,3.181,-19.234,0.000,-2.816,-17.027
4.868,-110.151,6.129,49.862,0.164,-0.164,0.068,-0.068,25945.914,-23351.323,3197.672,-2877.905,0.000,3.183,-19.237,0.000,-2.818,-17.033
4.869,-118.907,1.273,46.072,0.164,-0.164,0.068,-0.068,25951.244,-23356.119,3197.672,-2877.905,0.000,3.185,-19.241,0.000,-2.820,-17.039
4.870,-126.889,-3.604,41.410,0.164,-0.164,0.068,-0.068,25956.573,-23360.916,3197.672,-2877.905,0.000,3.186,-19.244,0.000,-2.822,-17.045
4.871,-133.916,-8.345,35.845,0.164,-0.164,0.068,-0.068,25961.903,-23365.712,3197.672,-2877.905,0.000,3.188,-19.247,0.000,-2.825,-17.051
4.872,-139.799,-12.782,29.387,0.164,-0.164,0.068,-0.068,25967.232,-23370.509,3197.672,-2877.905,0.000,3.190,-19.250,0.000,-2.827,-17.056
4.873,-144.353,-16.745,22.097,0.164,-0.164,0.068,-0.068,25972.562,-23375.305,3197.672,-2877.905,0.000,3.192,-19.253,0.000,-2.829,-17.062
4.874,-147.410,-20.077,14.084,0.164,-0.164,0.068,-0.068,25977.891,-23380.102,3197.672,-2877.905,0.000,3.194,-19.256,0.000,-2.831,-17.068
4.875,-148.832,-22.648,5.510,0.164,-0.164,0.068,-0.068,25983.221,-23384.899,3197.672,-2877.905,0.000,3.196,-19.259,0.000,-2.833,-17.074
4.876,-148.524,-24.367,-3.426,0.165,-0.165,0.068,-0.068,25988.550,-23389.695,3197.672,-2877.905,0.000,3.198,-19.262,0.000,-2.835,-17.079
4.877,-146.447,-25.191,-12.497,0.165,-0.165,0.068,-0.068,25993.879,-23394.492,3197.672,-2877.905,0.000,3.200,-19.265,0.000,-2.838,-17.085
4.878,-142.620,-25.134,-21.470,0.165,-0.165,0.068,-0.068,25999.209,-23399.288,3197.672,-2877.905,0.000,3.202,-19.269,0.000,-2.840,-17.091
4.879,-137.117,-24.261,-30.125,0.165,-0.165,0.068,-0.068,26004.538,-23404.085,3197.672,-2877.905,0.000,3.204,-19.272,0.000,-2.842,-17.097
4.880,-130.065,-22.682,-38.269,0.165,-0.165,0.068,-0.068,26009.868,-23408.881,3197.672,-2877.905,0.000,3.205,-19.275,0.000,-2.844,-17.103
4.881,-121.623,-20.543,-45.752,0.165,-0.165,0.068,-0.068,26015.197,-23413.678,3197.672,-2877.905,0.000,3.207,-19.278,0.000,-2.846,-17.108
4.882,-111.975,-18.008,-52.467,0.165,-0.165,0.068,-0.068,26020.527,-23418.474,3197.672,-2877.905,0.000,3.209,-19.281,0.000,-2.849,-17.114
4.883,-101.314,-15.249,-58.358,0.165,-0.165,0.068,-0.068,26025.856,-23423.271,3197.672,-2877.905,0.000,3.211,-19.284,0.000,-2.851,-17.120
4.884,-89.824,-12.431,-63.408,0.165,-0.165,0.068,-0.068,26031.186,-23428.067,3197.672,-2877.905,0.000,3.213,-19.287,0.000,-2.853,-17.126
4.885,-77.678,-9.706,-67.632,0.165,-0.165,0.068,-0.068,26036.515,-23432.864,3197.672,-2877.905,0.000,3.215,-19.290,0.000,-2.855,-17.131
4.886,-65.024,-7.205,-71.068,0.165,-0.165,0.068,-0.068,26041.845,-23437.660,3197.672,-2877.905,0.000,3.217,-19.294,0.000,-2.857,-17.137
4.887,-51.989,-5.038,-73.766,0.165,-0.165,0.068,-0.068,26047.174,-23442.457,3197.672,-2877.905,0.000,3.219,-19.297,0.000,-2.860,-17.143
4.888,-38.676,-3.292,-75.780,0.165,-0.165,0.068,-0.068,26052.503,-23447.253,3197.672,-2877.905,0.000,3.221,-19.300,0.000,-2.862,-17.149
4.889,-25.166,-2.031,-77.156,0.165,-0.165,0.068,-0.068,26057.833,-23452.050,3197.672,-2877.905,0.000,3.223,-19.303,0.000,-2.864,-17.155
4.890,-11.522,-1.299,-77.930,0.165,-0.165,0.068,-0.068,26063.162,-23456.846,3197.672,-2877.905,0.000,3.225,-19.306,0.000,-2.866,-17.160
4.891,2.205,-1.122,-78.124,0.166,-0.166,0.068,-0.068,26068.492,-23461.643,3197.672,-2877.905,0.000,3.226,-19.309,0.000,-2.868,-17.166
4.892,15.968,-1.508,-77.739,0.166,-0.166,0.068,-0.068,26073.821,-23466.439,3197.672,-2877.905,0.000,3.228,-19.312,0.000,-2.871,-17.172
4.893,29.725,-2.446,-76.759,0.166,-0.166,0.068,-0.068,26079.151,-23471.236,3197.672,-2877.905,0.000,3.230,-19.315,0.000,-2.873,-17.178
4.894,43.423,-3.906,-75.150,0.166,-0.166,0.068,-0.068,26084.480,-23476.032,3197.672,-2877.905,0.000,3.232,-19.318,0.000,-2.875,-17.183
4.895,57.002,-5.840,-72.862,0.166,-0.166,0.068,-0.068,26089.810,-23480.829,3197.672,-2877.905,0.000,3.234,-19.322,0.000,-2.877,-17.189
4.896,70.378,-8.175,-69.831,0.166,-0.166,0.068,-0.068,26095.139,-23485.625,3197.672,-2877.905,0.000,3.236,-19.325,0.000,-2.879,-17.195
4.897,83.449,-10.814,-65.990,0.166,-0.166,0.068,-0.068,26100.469,-23490.422,3197.672,-2877.905,0.000,3.238,-19.328,0.000,-2.882,-17.201
4.898,96.080,-13.632,-61.278,0.166,-0.166,0.068,-0.068,26105.798,-23495.218,3197.672,-2877.905,0.000,3.240,-19.331,0.000,-2.884,-17.207
4.899,108.111,-16.479,-55.643,0.166,-0.166,0.068,-0.068,26111.127,-23500.015,3197.672,-2877.905,0.000,3.242,-19.334,0.000,-2.886,-17.212
4.900,119.351,-19.180,-49.064,0.166,-0.166,0.068,-0.068,26116.457,-23504.811,3197.672,-2877.905,0.000,3.244,-19.337,0.000,-2.888,-17.218
4.901,129.588,-21.544,-41.558,0.166,-0.166,0.068,-0.068,26121.786,-23509.608,3197.672,-2877.905,0.000,3.245,-19.340,0.000,-2.890,-17.224
4.902,138.594,-23.371,-33.193,0.166,-0.166,0.068,-0.068,26127.116,-23514.404,3197.672,-2877.905,0.000,3.247,-19.343,0.000,-2.893,-17.230
4.903,146.146,-24.469,-24.094,0.166,-0.166,0.068,-0.068,26132.445,-23519.201,3197.672,-2877.905,0.000,3.249,-19.346,0.000,-2.895,-17.235
4.904,152.038,-24.673,-14.444,0.166,-0.166,0.068,-0.068,26137.775,-23523.997,3197.672,-2877.905,0.000,3.251,-19.350,0.000,-2.897,-17.241
4.905,156.103,-23.862,-4.476,0.167,-0.167,0.068,-0.068,26143.104,-23528.794,3197.672,-2877.905,0.000,3.253,-19.353,0.000,-2.899,-17.247
4.906,158.229,-21.971,5.540,0.167,-0.167,0.068,-0.068,26148.434,-23533.590,3197.672,-2877.905,0.000,3.255,-19.356,0.000,-2.901,-17.253
4.907,158.369,-19.004,15.323,0.167,-0.167,0.068,-0.068,26153.763,-23538.387,3197.672,-2877.905,0.000,3.257,-19.359,0.000,-2.904,-17.258
4.908,156.548,-15.034,24.606,0.167,-0.167,0.068,-0.068,26159.093,-23543.183,3197.672,-2877.905,0.000,3.259,-19.362,0.000,-2.906,-17.264
4.909,152.858,-10.198,33.156,0.167,-0.167,0.068,-0.068,26164.422,-23547.980,3197.672,-2877.905,0.000,3.261,-19.365,0.000,-2.908,-17.270
4.910,147.447,-4.677,40.800,0.167,-0.167,0.068,-0.068,26169.751,-23552.776,3197.672,-2877.905,0.000,3.263,-19.368,0.000,-2.910,-17.276
4.911,140.502,1.318,47.430,0.167,-0.167,0.068,-0.068,26175.081,-23557.573,3197.672,-2877.905,0.000,3.265,-19.371,0.000,-2.912,-17.282
4.912,132.232,7.565,53.006,0.167,-0.167,0.068,-0.068,26180.410,-23562.369,3197.672,-2877.905,0.000,3.267,-19.374,0.000,-2.915,-17.287
4.913,122.850,13.854,57.553,0.167,-0.167,0.068,-0.068,26185.740,-23567.166,3197.672,-2877.905,0.000,3.268,-19.378,0.000,-2.917,-17.293
4.914,112.560,19.992,61.145,0.167,-0.167,0.068,-0.068,26191.069,-23571.962,3197.672,-2877.905,0.000,3.270,-19.381,0.000,-2.919,-17.299
4.915,101.548,25.816,63.895,0.167,-0.167,0.068,-0.068,26196.399,-23576.759,3197.672,-2877.905,0.000,3.272,-19.384,0.000,-2.921,-17.305
4.916,89.973,31.195,65.937,0.167,-0.167,0.068,-0.068,26201.728,-23581.555,3197.672,-2877.905,0.000,3.274,-19.387,0.000,-2.924,-17.310
4.917,77.967,36.028,67.417,0.167,-0.167,0.068,-0.068,26207.058,-23586.352,3197.672,-2877.905,0.000,3.276,-19.390,0.000,-2.926,-17.316
4.918,65.635,40.242,68.474,0.167,-0.167,0.068,-0.068,26212.387,-23591.148,3197.672,-2877.905,0.000,3.278,-19.393,0.000,-2.928,-17.322
4.919,53.057,43.785,69.241,0.168,-0.168,0.068,-0.068,26217.717,-23595.945,3197.672,-2877.905,0.000,3.280,-19.396,0.000,-2.930,-17.328
4.920,40.289,46.622,69.833,0.168,-0.168,0.068,-0.068,26223.046,-23600.741,3197.672,-2877.905,0.000,3.282,-19.399,0.000,-2.932,-17.334
4.921,27.370,48.727,70.343,0.168,-0.168,0.068,-0.068,26228.375,-23605.538,3197.672,-2877.905,0.000,3.284,-19.402,0.000,-2.935,-17.339
4.922,14.324,50.084,70.843,0.168,-0.168,0.068,-0.068,26233.705,-23610.334,3197.672,-2877.905,0.000,3.286,-19.406,0.000,-2.937,-17.345
4.923,1.163,50.675,71.378,0.168,-0.168,0.068,-0.068,26239.034,-23615.131,3197.672,-2877.905,0.000,3.288,-19.409,0.000,-2.939,-17.351
4.924,-12.108,50.485,71.967,0.168,-0.168,0.068,-0.068,26244.364,-23619.927,3197.672,-2877.905,0.000,3.290,-19.412,0.000,-2.941,-17.357
4.925,-25.489,49.497,72.602,0.168,-0.168,0.068,-0.068,26249.693,-23624.724,3197.672,-2877.905,0.000,3.291,-19.415,0.000,-2.943,-17.362
4.926,-38.979,47.693,73.243,0.168,-0.168,0.068,-0.068,26255.023,-23629.520,3197.672,-2877.905,0.000,3.293,-19.418,0.000,-2.946,-17.368
4.927,-52.571,45.054,73.823,0.168,-0.168,0.068,-0.068,26260.352,-23634.317,3197.672,-2877.905,0.000,3.295,-19.421,0.000,-2.948,-17.374
4.928,-66.251,41.569,74.240,0.168,-0.168,0.068,-0.068,26265.682,-23639.113,3197.672,-2877.905,0.000,3.297,-19.424,0.000,-2.950,-17.380
4.929,-79.988,37.235,74.361,0.168,-0.168,0.068,-0.068,26271.011,-23643.910,3197.672,-2877.905,0.000,3.299,-19.427,0.000,-2.952,-17.385
4.930,-93.730,32.067,74.019,0.168,-0.168,0.068,-0.068,26276.341,-23648.706,3197.672,-2877.905,0.000,3.301,-19.430,0.000,-2.955,-17.391
4.931,-107.393,26.104,73.022,0.168,-0.168,0.068,-0.068,26281.670,-23653.503,3197.672,-2877.905,0.000,3.303,-19.434,0.000,-2.957,-17.397
4.932,-120.855,19.427,71.152,0.168,-0.168,0.068,-0.068,26286.999,-23658.300,3197.672,-2877.905,0.000,3.305,-19.437,0.000,-2.959,-17.403
4.933,-133.947,12.160,68.181,0.168,-0.168,0.068,-0.068,26292.329,-23663.096,3197.672,-2877.905,0.000,3.307,-19.440,0.000,-2.961,-17.409
4.934,-146.444,4.485,63.888,0.169,-0.169,0.068,-0.068,26297.658,-23667.893,3197.672,-2877.905,0.000,3.309,-19.443,0.000,-2.964,-17.414
4.935,-158.067,-3.352,58.086,0.169,-0.169,0.068,-0.068,26302.988,-23672.689,3197.672,-2877.905,0.000,3.311,-19.446,0.000,-2.966,-17.420
4.936,-168.480,-11.050,50.644,0.169,-0.169,0.068,-0.068,26308.317,-23677.486,3197.672,-2877.905,0.000,3.313,-19.449,0.000,-2.968,-17.426
4.937,-177.312,-18.260,41.525,0.169,-0.169,0.068,-0.068,26313.647,-23682.282,3197.672,-2877.905,0.000,3.315,-19.452,0.000,-2.970,-17.432
4.938,-184.177,-24.613,30.811,0.169,-0.169,0.068,-0.068,26318.976,-23687.079,3197.672,-2877.905,0.000,3.316,-19.455,0.000,-2.972,-17.437
4.939,-188.712,-29.757,18.718,0.169,-0.169,0.068,-0.068,26324.306,-23691.875,3197.672,-2877.905,0.000,3.318,-19.458,0.000,-2.975,-17.443
4.940,-190.621,-33.404,5.593,0.169,-0.169,0.068,-0.068,26329.635,-23696.672,3197.672,-2877.905,0.000,3.320,-19.462,0.000,-2.977,-17.449
4.941,-189.717,-35.365,-8.117,0.169,-0.169,0.068,-0.068,26334.965,-23701.468,3197.672,-2877.905,0.000,3.322,-19.465,0.000,-2.979,-17.455
4.942,-185.947,-35.585,-21.905,0.169,-0.169,0.068,-0.068,26340.294,-23706.265,3197.672,-2877.905,0.000,3.324,-19.468,0.000,-2.981,-17.460
4.943,-179.406,-34.151,-35.270,0.169,-0.169,0.068,-0.068,26345.623,-23711.061,3197.672,-2877.905,0.000,3.326,-19.471,0.000,-2.984,-17.466
4.944,-170.321,-31.276,-47.770,0.169,-0.169,0.068,-0.068,26350.953,-23715.858,3197.672,-2877.905,0.000,3.328,-19.474,0.000,-2.986,-17.472
4.945,-159.018,-27.268,-59.070,0.169,-0.169,0.068,-0.068,26356.282,-23720.654,3197.672,-2877.905,0.000,3.330,-19.477,0.000,-2.988,-17.478
4.946,-145.880,-22.487,-68.961,0.169,-0.169,0.068,-0.068,26361.612,-23725.451,3197.672,-2877.905,0.000,3.332,-19.480,0.000,-2.990,-17.483
4.947,-131.302,-17.303,-77.357,0.169,-0.169,0.068,-0.068,26366.941,-23730.247,3197.672,-2877.905,0.000,3.334,-19.483,0.000,-2.993,-17.489
4.948,-115.652,-12.061,-84.279,0.170,-0.170,0.068,-0.068,26372.271,-23735.044,3197.672,-2877.905,0.000,3.336,-19.486,0.000,-2.995,-17.495
4.949,-99.249,-7.060,-89.827,0.170,-0.170,0.068,-0.068,26377.600,-23739.840,3197.672,-2877.905,0.000,3.338,-19.489,0.000,-2.997,-17.501
4.950,-82.347,-2.544,-94.144,0.170,-0.170,0.068,-0.068,26382.930,-23744.637,3197.672,-2877.905,0.000,3.340,-19.493,0.000,-2.999,-17.507
4.951,-65.136,1.301,-97.391,0.170,-0.170,0.068,-0.068,26388.259,-23749.433,3197.672,-2877.905,0.000,3.342,-19.496,0.000,-3.002,-17.512
4.952,-47.744,4.337,-99.722,0.170,-0.170,0.068,-0.068,26393.589,-23754.230,3197.672,-2877.905,0.000,3.344,-19.499,0.000,-3.004,-17.518
4.953,-30.248,6.472,-101.267,0.170,-0.170,0.068,-0.068,26398.918,-23759.026,3197.672,-2877.905,0.000,3.345,-19.502,0.000,-3.006,-17.524
4.954,-12.685,7.644,-102.123,0.170,-0.170,0.068,-0.068,26404.247,-23763.823,3197.672,-2877.905,0.000,3.347,-19.505,0.000,-3.008,-17.530
4.955,4.936,7.820,-102.341,0.170,-0.170,0.068,-0.068,26409.577,-23768.619,3197.672,-2877.905,0.000,3.349,-19.508,0.000,-3.011,-17.535
4.956,22.618,6.991,-101.927,0.170,-0.170,0.068,-0.068,26414.906,-23773.416,3197.672,-2877.905,0.000,3.351,-19.511,0.000,-3.013,-17.541
4.957,40.366,5.169,-100.840,0.170,-0.170,0.068,-0.068,26420.236,-23778.212,3197.672,-2877.905,0.000,3.353,-19.514,0.000,-3.015,-17.547
4.958,58.173,2.392,-98.990,0.170,-0.170,0.068,-0.068,26425.565,-23783.009,3197.672,-2877.905,0.000,3.355,-19.517,0.000,-3.017,-17.553
4.959,76.003,-1.271,-96.244,0.170,-0.170,0.068,-0.068,26430.895,-23787.805,3197.672,-2877.905,0.000,3.357,-19.521,0.000,-3.020,-17.558
4.960,93.780,-5.707,-92.431,0.170,-0.170,0.068,-0.068,26436.224,-23792.602,3197.672,-2877.905,0.000,3.359,-19.524,0.000,-3.022,-17.564
4.961,111.368,-10.752,-87.358,0.170,-0.170,0.068,-0.068,26441.554,-23797.398,3197.672,-2877.905,0.000,3.361,-19.527,0.000,-3.024,-17.570
4.962,128.561,-16.178,-80.829,0.171,-0.171,0.068,-0.068,26446.883,-23802.195,3197.672,-2877.905,0.000,3.363,-19.530,0.000,-3.026,-17.576
4.963,145.071,-21.684,-72.676,0.171,-0.171,0.068,-0.068,26452.213,-23806.991,3197.672,-2877.905,0.000,3.365,-19.533,0.000,-3.029,-17.581
4.964,160.528,-26.901,-62.791,0.171,-0.171,0.068,-0.068,26457.542,-23811.788,3197.672,-2877.905,0.000,3.367,-19.536,0.000,-3.031,-17.587
4.965,174.494,-31.402,-51.174,0.171,-0.171,0.068,-0.068,26462.871,-23816.584,3197.672,-2877.905,0.000,3.369,-19.539,0.000,-3.033,-17.593
4.966,186.488,-34.736,-37.965,0.171,-0.171,0.068,-0.068,26468.201,-23821.381,3197.672,-2877.905,0.000,3.371,-19.542,0.000,-3.035,-17.599
4.967,196.036,-36.477,-23.467,0.171,-0.171,0.068,-0.068,26473.530,-23826.177,3197.672,-2877.905,0.000,3.373,-19.545,0.000,-3.038,-17.604
4.968,202.728,-36.281,-8.149,0.171,-0.171,0.068,-0.068,26478.860,-23830.974,3197.672,-2877.905,0.000,3.375,-19.548,0.000,-3.040,-17.610
4.969,206.276,-33.944,7.399,0.171,-0.171,0.068,-0.068,26484.189,-23835.770,3197.672,-2877.905,0.000,3.376,-19.552,0.000,-3.042,-17.616
4.970,206.561,-29.441,22.526,0.171,-0.171,0.068,-0.068,26489.519,-23840.567,3197.672,-2877.905,0.000,3.378,-19.555,0.000,-3.044,-17.622
4.971,203.648,-22.938,36.608,0.171,-0.171,0.068,-0.068,26494.848,-23845.363,3197.672,-2877.905,0.000,3.380,-19.558,0.000,-3.047,-17.627
4.972,197.774,-14.766,49.128,0.171,-0.171,0.068,-0.068,26500.178,-23850.160,3197.672,-2877.905,0.000,3.382,-19.561,0.000,-3.049,-17.633
4.973,189.306,-5.367,59.733,0.171,-0.171,0.068,-0.068,26505.507,-23854.956,3197.672,-2877.905,0.000,3.384,-19.564,0.000,-3.051,-17.639
4.974,178.685,4.763,68.259,0.171,-0.171,0.068,-0.068,26510.837,-23859.753,3197.672,-2877.905,0.000,3.386,-19.567,0.000,-3.053,-17.645
4.975,166.369,15.144,74.721,0.171,-0.171,0.068,-0.068,26516.166,-23864.549,3197.672,-2877.905,0.000,3.388,-19.570,0.000,-3.056,-17.651
4.976,152.791,25.350,79.282,0.171,-0.171,0.068,-0.068,26521.495,-23869.346,3197.672,-2877.905,0.000,3.390,-19.573,0.000,-3.058,-17.656
4.977,138.326,35.038,82.204,0.172,-0.172,0.068,-0.068,26526.825,-23874.142,3197.672,-2877.905,0.000,3.392,-19.576,0.000,-3.060,-17.662
4.978,123.280,43.959,83.805,0.172,-0.172,0.068,-0.068,26532.154,-23878.939,3197.672,-2877.905,0.000,3.394,-19.579,0.000,-3.063,-17.668
4.979,107.885,51.943,84.418,0.172,-0.172,0.068,-0.068,26537.484,-23883.735,3197.672,-2877.905,0.000,3.396,-19.583,0.000,-3.065,-17.674
4.980,92.308,58.896,84.363,0.172,-0.172,0.068,-0.068,26542.813,-23888.532,3197.672,-2877.905,0.000,3.398,-19.586,0.000,-3.067,-17.679
4.981,76.657,64.773,83.929,0.172,-0.172,0.068,-0.068,26548.143,-23893.328,3197.672,-2877.905,0.000,3.400,-19.589,0.000,-3.069,-17.685
4.982,60.997,69.563,83.364,0.172,-0.172,0.068,-0.068,26553.472,-23898.125,3197.672,-2877.905,0.000,3.402,-19.592,0.000,-3.072,-17.691
4.983,45.353,73.278,82.869,0.172,-0.172,0.068,-0.068,26558.802,-23902.921,3197.672,-2877.905,0.000,3.404,-19.595,0.000,-3.074,-17.697
4.984,29.725,75.932,82.601,0.172,-0.172,0.068,-0.068,26564.131,-23907.718,3197.672,-2877.905,0.000,3.406,-19.598,0.000,-3.076,-17.702
4.985,14.088,77.539,82.670,0.172,-0.172,0.068,-0.068,26569.461,-23912.514,3197.672,-2877.905,0.000,3.408,-19.601,0.000,-3.078,-17.708
4.986,-1.595,78.101,83.143,0.172,-0.172,0.068,-0.068,26574.790,-23917.311,3197.672,-2877.905,0.000,3.410,-19.604,0.000,-3.081,-17.714
4.987,-17.373,77.604,84.044,0.172,-0.172,0.068,-0.068,26580.119,-23922.107,3197.672,-2877.905,0.000,3.411,-19.607,0.000,-3.083,-17.720
4.988,-33.301,76.020,85.353,0.172,-0.172,0.068,-0.068,26585.449,-23926.904,3197.672,-2877.905,0.000,3.413,-19.610,0.000,-3.085,-17.725
4.989,-49.435,73.301,87.004,0.172,-0.172,0.068,-0.068,26590.778,-23931.700,3197.672,-2877.905,0.000,3.415,-19.614,0.000,-3.088,-17.731
4.990,-65.827,69.390,88.878,0.172,-0.172,0.068,-0.068,26596.108,-23936.497,3197.672,-2877.905,0.000,3.417,-19.617,0.000,-3.090,-17.737
4.991,-82.521,64.221,90.801,0.173,-0.173,0.068,-0.068,26601.437,-23941.294,3197.672,-2877.905,0.000,3.419,-19.620,0.000,-3.092,-17.743
4.992,-99.539,57.733,92.534,0.173,-0.173,0.068,-0.068,26606.767,-23946.090,3197.672,-2877.905,0.000,3.421,-19.623,0.000,-3.094,-17.748
4.993,-116.871,49.885,93.769,0.173,-0.173,0.068,-0.068,26612.096,-23950.887,3197.672,-2877.905,0.000,3.423,-19.626,0.000,-3.097,-17.754
4.994,-134.457,40.679,94.125,0.173,-0.173,0.068,-0.068,26617.426,-23955.683,3197.672,-2877.905,0.000,3.425,-19.629,0.000,-3.099,-17.760
4.995,-152.167,30.186,93.154,0.173,-0.173,0.068,-0.068,26622.755,-23960.480,3197.672,-2877.905,0.000,3.427,-19.632,0.000,-3.101,-17.766
4.996,-169.768,18.580,90.359,0.173,-0.173,0.068,-0.068,26628.085,-23965.276,3197.672,-2877.905,0.000,3.429,-19.635,0.000,-3.104,-17.771
4.997,-186.903,6.172,85.230,0.173,-0.173,0.068,-0.068,26633.414,-23970.073,3197.672,-2877.905,0.000,3.431,-19.638,0.000,-3.106,-17.777
4.998,-203.064,-6.566,77.308,0.173,-0.173,0.068,-0.068,26638.743,-23974.869,3197.672,-2877.905,0.000,3.433,-19.641,0.000,-3.108,-17.783
4.999,-217.591,-18.994,66.264,0.173,-0.173,0.068,-0.068,26644.073,-23979.666,3197.672,-2877.905,0.000,3.435,-19.644,0.000,-3.110,-17.789
